Age,Gender,Weight (kg),Height (m),Max_BPM,Avg_BPM,Resting_BPM,Session_Duration (hours),Calories_Burned,Workout_Type,Fat_Percentage,Water_Intake (liters),Workout_Frequency (days/week),Experience_Level,BMI
56,Male,88.3,1.71,180,157,60,1.69,1313.0,Yoga,12.6,3.5,4,3,30.2
46,Female,74.9,1.53,179,151,66,1.3,883.0,HIIT,33.9,2.1,4,2,32.0
32,Female,68.1,1.66,167,122,54,1.11,677.0,Cardio,33.4,2.3,4,2,24.71
25,Male,53.2,1.7,190,164,56,0.59,532.0,Strength,28.8,2.1,3,1,18.41
38,Male,46.1,1.79,188,158,68,0.64,556.0,Strength,29.2,2.8,3,1,14.39
56,Female,58.0,1.68,168,156,74,1.59,1116.0,HIIT,15.5,2.7,5,3,20.55
36,Male,70.3,1.72,174,169,73,1.49,1385.0,Cardio,21.3,2.3,3,2,23.76
40,Female,69.7,1.51,189,141,64,1.27,895.0,Cardio,30.6,1.9,3,2,30.57
28,Male,121.7,1.94,185,127,52,1.03,719.0,Strength,28.9,2.6,4,2,32.34
28,Male,101.8,1.84,169,136,64,1.08,808.0,Cardio,29.7,2.7,3,1,30.07
41,Male,120.8,1.67,188,146,54,0.82,593.0,HIIT,20.5,3.0,2,1,43.31
53,Male,51.7,1.7,175,152,72,1.15,865.0,HIIT,23.6,3.5,3,2,17.89
57,Male,112.5,1.61,195,165,61,1.24,1013.0,Cardio,22.1,2.7,3,2,43.4
41,Male,94.5,2.0,179,136,69,1.18,794.0,HIIT,27.6,3.7,3,1,23.62
20,Male,117.7,1.81,196,161,54,1.35,1195.0,Yoga,26.4,3.3,3,2,35.93
39,Female,42.5,1.75,181,131,52,1.13,740.0,Strength,26.2,2.1,2,1,13.88
19,Female,64.0,1.53,166,167,58,1.33,1111.0,HIIT,29.8,2.3,3,2,27.34
41,Female,43.8,1.77,182,165,58,1.19,884.0,Cardio,31.9,1.6,3,1,13.98
47,Female,66.8,1.75,199,146,56,1.13,742.0,Strength,32.8,2.5,3,2,21.81
55,Female,75.2,1.67,188,167,51,1.37,1030.0,HIIT,25.2,2.2,2,1,26.96
19,Male,89.0,1.77,175,127,72,1.5,1048.0,Strength,28.9,3.7,4,2,28.41
38,Male,71.9,1.77,197,142,72,1.12,875.0,Cardio,25.7,3.1,2,1,22.95
50,Female,71.0,1.68,187,161,70,1.17,848.0,Yoga,33.1,2.5,2,1,25.16
29,Male,120.9,1.78,197,168,65,0.78,721.0,Yoga,28.1,3.4,2,1,38.16
39,Female,64.3,1.69,190,148,58,1.25,925.0,HIIT,26.9,1.9,4,2,22.51
42,Female,63.7,1.71,173,169,62,1.42,1080.0,Yoga,26.1,1.8,3,2,21.78
44,Male,65.2,1.8,192,139,68,0.73,502.0,HIIT,27.2,2.7,2,1,20.12
59,Male,53.9,1.75,168,135,69,1.48,989.0,Strength,21.6,2.8,4,2,17.6
45,Male,84.9,1.86,186,136,66,1.64,1104.0,HIIT,14.2,3.5,5,3,24.54
33,Female,78.0,1.68,183,135,55,1.29,871.0,HIIT,32.3,1.8,3,2,27.64
32,Male,108.2,1.8,172,138,53,1.27,964.0,HIIT,28.4,3.5,3,1,33.4
20,Female,65.4,1.52,185,127,50,1.03,654.0,Yoga,28.0,2.2,4,2,28.31
54,Female,50.2,1.61,188,157,67,1.48,1046.0,HIIT,28.2,2.7,2,1,19.37
24,Female,58.9,1.51,187,157,68,1.04,816.0,Cardio,31.7,2.5,2,1,25.83
38,Male,81.4,1.71,187,148,58,1.52,1237.0,HIIT,10.2,3.5,5,3,27.84
26,Male,127.6,1.73,167,160,62,1.32,1162.0,Strength,27.3,2.9,3,1,42.63
56,Female,59.3,1.56,182,155,57,1.26,879.0,Cardio,33.4,2.6,4,2,24.37
35,Male,96.9,1.71,188,145,72,1.34,1069.0,Strength,24.2,2.9,3,2,33.14
21,Male,62.6,1.81,164,150,62,1.3,1072.0,Strength,27.6,3.5,4,2,19.11
42,Male,45.5,1.6,166,163,64,1.31,1057.0,Strength,21.7,2.6,3,2,17.77
31,Female,48.8,1.51,195,131,60,1.48,969.0,Cardio,28.2,2.0,2,1,21.4
26,Female,44.3,1.6,186,136,61,1.08,734.0,Cardio,34.7,2.0,3,1,17.3
43,Male,113.2,1.83,161,134,63,1.45,962.0,Yoga,29.9,2.9,4,2,33.8
19,Female,60.5,1.59,184,128,53,1.14,730.0,Cardio,30.1,2.2,2,1,23.93
37,Male,124.2,1.76,168,158,50,1.5,1304.0,HIIT,29.3,2.8,2,1,40.1
45,Male,52.4,1.85,186,161,73,1.2,956.0,Strength,25.2,2.5,3,1,15.31
24,Male,54.7,1.74,160,167,53,0.84,772.0,Yoga,22.9,3.6,3,1,18.07
25,Male,88.1,1.95,182,131,68,1.41,1016.0,Cardio,22.7,3.0,2,1,23.17
52,Female,59.7,1.71,169,151,58,1.23,836.0,Strength,34.3,2.0,3,1,20.42
31,Female,79.7,1.54,184,144,59,1.03,742.0,Cardio,26.7,2.3,4,2,33.61
34,Female,51.0,1.62,162,158,53,1.42,1122.0,Yoga,30.8,2.4,3,2,19.43
53,Male,84.2,1.76,165,137,69,1.67,1133.0,Cardio,12.8,3.5,5,3,27.18
57,Male,122.1,1.89,165,134,58,1.13,750.0,Cardio,27.4,3.6,3,1,34.18
21,Male,96.7,1.72,161,151,62,1.26,1046.0,Strength,25.0,2.8,3,1,32.69
19,Female,73.0,1.79,177,125,61,0.81,506.0,HIIT,27.7,1.6,3,1,22.78
23,Male,114.8,1.6,182,163,60,1.47,1318.0,Cardio,21.7,2.7,4,2,44.84
59,Female,65.5,1.52,161,162,61,1.4,1021.0,Yoga,31.2,2.1,3,2,28.35
21,Female,50.3,1.52,171,154,67,1.08,832.0,Cardio,32.2,2.6,3,1,21.77
46,Female,61.0,1.71,181,153,61,1.67,1150.0,Cardio,17.8,2.7,4,3,20.86
35,Female,44.6,1.62,196,157,65,0.56,440.0,HIIT,32.4,2.0,2,1,16.99
43,Female,58.2,1.61,179,124,54,1.04,580.0,Strength,26.4,2.6,3,2,22.45
51,Female,44.8,1.63,198,137,69,1.08,666.0,Yoga,33.8,2.1,4,2,16.86
27,Male,87.5,1.63,183,135,74,1.75,1299.0,Strength,12.9,3.5,5,3,32.93
53,Male,51.8,1.74,179,127,61,1.23,773.0,Strength,21.3,3.7,3,2,17.11
31,Female,64.4,1.7,160,144,70,1.97,1418.0,Strength,17.3,2.7,5,3,22.28
48,Female,67.1,1.61,160,151,74,0.62,421.0,Cardio,33.4,1.5,2,1,25.89
32,Male,85.9,1.6,176,145,60,1.99,1587.0,HIIT,14.5,3.5,5,3,33.55
25,Female,65.4,1.77,160,141,58,0.89,627.0,Cardio,27.6,2.6,3,1,20.88
31,Female,61.1,1.76,189,150,67,1.81,1358.0,Yoga,18.6,2.7,4,3,19.72
40,Male,106.5,1.65,162,162,74,1.32,1176.0,HIIT,21.0,3.6,4,2,39.12
57,Female,64.0,1.52,170,129,52,1.73,1004.0,Strength,15.2,2.7,5,3,27.7
38,Female,61.4,1.54,183,131,69,1.47,963.0,HIIT,30.6,2.7,3,2,25.89
33,Female,40.5,1.63,181,147,66,1.07,786.0,Yoga,31.9,1.5,4,2,15.24
35,Male,70.1,1.79,185,125,63,1.08,743.0,Cardio,28.0,2.3,3,2,21.88
41,Male,94.1,1.62,172,139,50,1.13,777.0,Cardio,23.4,3.1,4,2,35.86
43,Male,55.5,1.82,160,124,66,1.08,663.0,Strength,20.1,2.0,3,1,16.76
42,Female,53.7,1.72,183,142,74,1.37,875.0,Cardio,29.8,1.6,3,1,18.15
58,Female,66.1,1.75,169,128,57,0.63,363.0,Cardio,25.2,1.8,2,1,21.58
46,Male,103.9,1.77,194,148,54,1.18,864.0,Yoga,20.9,2.9,2,1,33.16
32,Female,61.7,1.58,183,135,54,1.87,1262.0,HIIT,16.6,2.7,5,3,24.72
18,Female,52.3,1.74,187,165,58,1.2,990.0,Cardio,29.4,2.2,2,1,17.27
42,Female,59.5,1.74,195,141,52,1.78,1129.0,Yoga,16.4,2.7,5,3,19.65
24,Female,72.9,1.76,175,127,68,0.86,546.0,Yoga,30.8,1.5,3,1,23.53
26,Female,76.7,1.63,199,139,72,1.08,751.0,Strength,25.6,1.7,2,1,28.87
41,Male,72.1,1.83,175,133,58,1.13,744.0,Yoga,21.4,2.8,3,2,21.53
18,Female,54.8,1.68,176,158,71,1.27,1003.0,Strength,32.0,2.2,4,2,19.42
25,Male,105.0,1.88,174,156,67,1.34,1150.0,Cardio,21.4,2.3,3,2,29.71
41,Female,55.0,1.55,175,169,65,1.45,1103.0,Strength,31.4,2.0,4,2,22.89
28,Male,81.6,1.66,174,153,50,1.09,917.0,Yoga,20.5,3.5,4,2,29.61
34,Female,75.6,1.6,193,130,51,0.64,416.0,HIIT,29.1,2.7,2,1,29.53
25,Male,81.5,1.61,170,159,63,1.93,1688.0,HIIT,10.9,3.5,4,3,31.44
52,Female,61.5,1.69,160,152,63,1.8,1231.0,Cardio,15.5,2.7,4,3,21.53
52,Male,74.0,1.63,174,150,50,1.26,936.0,Cardio,25.7,3.7,3,2,27.85
50,Female,56.4,1.59,185,163,74,1.26,924.0,HIIT,34.3,2.6,3,1,22.31
22,Male,102.6,1.84,163,153,65,1.25,1052.0,Strength,20.5,2.7,3,2,30.3
59,Female,54.6,1.57,164,169,64,0.58,441.0,Cardio,29.2,2.3,3,1,22.15
56,Male,129.0,1.78,194,126,64,1.29,805.0,Yoga,27.1,2.7,2,1,40.71
58,Male,103.5,1.66,172,168,61,1.33,1106.0,Cardio,24.6,3.1,3,1,37.56
45,Female,59.4,1.51,169,142,65,1.15,735.0,Strength,33.1,1.9,4,2,26.05
24,Female,60.1,1.79,170,165,63,1.97,1625.0,Cardio,15.9,2.7,4,3,18.76
26,Male,77.7,1.62,177,126,73,1.16,804.0,Yoga,29.6,3.0,3,2,29.61
25,Female,41.2,1.62,193,144,64,1.49,1073.0,Yoga,28.9,2.1,4,2,15.7
29,Male,58.6,1.61,198,122,72,1.2,805.0,Yoga,23.4,2.0,3,2,22.61
51,Male,109.3,1.78,182,157,64,0.54,420.0,Strength,28.7,3.3,3,1,34.5
50,Male,69.6,1.96,166,139,68,0.97,667.0,Strength,25.6,2.0,3,1,18.12
40,Female,56.2,1.79,198,153,57,1.79,1369.0,Yoga,17.6,2.7,5,3,17.54
41,Male,71.7,1.96,162,168,51,0.51,424.0,Yoga,27.3,2.5,2,1,18.66
54,Male,86.0,1.93,171,163,51,1.74,1404.0,Strength,12.9,3.5,5,3,23.09
52,Female,79.4,1.59,166,163,59,1.39,1020.0,Strength,26.6,1.5,3,2,31.41
57,Female,78.4,1.62,185,149,52,1.01,677.0,Strength,31.7,2.0,4,2,29.87
39,Female,55.4,1.6,192,136,72,1.44,979.0,HIIT,26.3,1.6,3,2,21.64
44,Female,61.7,1.55,196,129,66,1.41,819.0,Strength,33.1,2.6,4,2,25.68
52,Male,85.5,1.82,174,154,57,1.78,1357.0,Yoga,14.9,3.5,4,3,25.81
18,Male,87.6,1.93,161,139,72,1.72,1315.0,HIIT,11.9,3.5,4,3,23.52
52,Male,82.4,1.72,166,137,53,1.01,685.0,Strength,24.4,2.7,4,2,27.85
54,Male,67.0,1.68,191,164,63,0.55,446.0,Yoga,20.5,2.8,3,1,23.74
31,Female,42.3,1.6,163,163,70,1.09,888.0,Cardio,25.1,1.9,3,2,16.52
20,Male,82.7,1.99,179,146,59,1.69,1357.0,HIIT,14.6,3.5,5,3,20.88
18,Male,92.4,1.74,195,168,50,1.41,1303.0,Yoga,21.3,3.1,2,1,30.52
22,Female,63.2,1.54,191,155,53,1.02,790.0,Cardio,29.5,2.4,4,2,26.65
43,Male,82.7,1.85,187,142,50,1.22,858.0,Yoga,28.2,3.1,4,2,24.16
31,Male,86.6,1.76,172,151,66,1.29,1071.0,Strength,28.9,3.3,3,2,27.96
56,Male,129.5,1.95,160,129,66,1.0,639.0,Strength,25.2,3.5,2,1,34.06
44,Male,98.0,1.83,194,130,56,1.28,824.0,Cardio,25.7,3.5,4,2,29.26
26,Male,86.2,1.68,189,157,72,1.97,1701.0,Strength,13.3,3.5,5,3,30.54
32,Male,78.6,1.62,195,125,69,1.28,880.0,Yoga,29.6,3.1,3,1,29.95
32,Female,59.0,1.66,184,160,64,0.51,408.0,Cardio,31.0,1.8,2,1,21.41
43,Female,57.3,1.79,175,166,62,1.98,1479.0,Yoga,17.8,2.7,4,3,17.88
59,Male,122.3,1.89,178,153,51,0.66,500.0,Yoga,20.1,3.1,3,1,34.24
30,Male,85.3,1.95,160,155,68,1.61,1373.0,Yoga,10.4,3.5,5,3,22.43
49,Female,45.2,1.74,164,156,73,1.24,870.0,Strength,30.8,2.1,3,2,14.93
56,Male,55.6,1.92,181,136,62,0.68,458.0,Strength,29.4,3.2,3,1,15.08
49,Male,82.8,1.95,183,159,73,1.91,1503.0,Yoga,14.3,3.5,5,3,21.78
21,Male,125.2,1.66,196,159,60,1.38,1207.0,HIIT,29.8,3.4,3,2,45.43
47,Female,58.5,1.79,195,131,71,1.42,837.0,Yoga,30.3,2.4,4,2,18.26
54,Male,86.1,1.95,195,140,64,1.17,811.0,Yoga,27.9,3.4,2,1,22.64
40,Female,63.5,1.61,163,159,59,1.31,1041.0,Cardio,33.4,1.6,3,2,24.5
56,Male,69.3,1.68,195,138,58,0.66,451.0,Yoga,26.5,2.1,2,1,24.55
32,Female,70.5,1.62,177,122,58,1.24,756.0,Strength,28.4,1.8,2,1,26.86
46,Female,60.1,1.65,175,137,69,1.69,1042.0,Cardio,17.3,2.7,4,3,22.08
53,Male,94.1,1.95,177,138,50,0.89,608.0,HIIT,28.6,3.5,3,1,24.75
30,Female,79.2,1.62,181,166,66,1.26,1046.0,Cardio,28.0,2.5,4,2,30.18
49,Male,115.3,1.91,161,125,61,1.38,854.0,HIIT,29.2,3.2,2,1,31.61
24,Female,62.9,1.79,180,135,59,1.42,958.0,Cardio,27.3,2.3,4,2,19.63
39,Male,62.0,1.64,195,127,54,0.97,678.0,Cardio,27.5,3.2,3,1,23.05
45,Male,88.5,1.78,198,167,67,1.53,1265.0,HIIT,13.2,3.5,4,3,27.93
19,Female,73.9,1.77,198,137,64,1.28,877.0,Strength,32.5,2.6,3,2,23.59
59,Male,50.3,1.95,188,167,55,1.07,885.0,Strength,24.4,3.4,3,1,13.23
23,Male,83.1,1.8,185,162,56,0.7,624.0,Strength,29.3,3.1,3,1,25.65
45,Female,65.1,1.78,180,158,66,1.46,1038.0,Cardio,31.3,2.3,3,1,20.55
45,Male,46.6,1.79,176,168,55,1.46,1214.0,Yoga,22.9,2.4,3,2,14.54
37,Male,103.5,1.89,175,168,57,0.54,499.0,Cardio,26.4,3.1,2,1,28.97
47,Female,61.9,1.54,190,131,61,1.95,1150.0,Yoga,16.4,2.7,4,3,26.1
28,Female,52.0,1.61,168,164,70,1.32,1082.0,Yoga,27.9,2.0,3,2,20.06
45,Male,113.4,1.71,190,129,63,0.83,530.0,Strength,24.0,2.3,2,1,38.78
42,Male,62.9,1.98,173,126,61,1.42,886.0,Yoga,28.5,3.4,4,2,16.04
56,Female,40.4,1.8,196,165,72,1.23,913.0,Cardio,30.0,2.1,4,2,12.47
50,Female,67.1,1.75,161,120,59,0.67,362.0,Cardio,31.8,2.7,3,1,21.91
18,Male,70.0,1.61,173,168,71,1.3,1201.0,Strength,23.9,2.5,2,1,27.01
44,Female,69.5,1.75,192,155,69,1.02,711.0,HIIT,27.6,2.1,3,1,22.69
30,Male,107.9,1.66,194,140,64,1.08,832.0,Cardio,29.5,2.8,3,2,39.16
58,Male,109.0,1.91,198,156,56,1.49,1151.0,Yoga,26.0,2.2,3,2,29.88
20,Male,101.0,1.91,179,143,58,1.36,1070.0,Cardio,29.3,2.7,3,2,27.69
56,Male,88.5,1.85,161,144,59,1.57,1119.0,Cardio,11.0,3.5,4,3,25.86
23,Male,80.9,1.8,178,126,59,1.55,1074.0,Cardio,10.7,3.5,4,3,24.97
25,Female,43.1,1.62,196,161,65,1.04,837.0,HIIT,33.6,1.8,4,2,16.42
44,Female,59.1,1.52,177,136,56,1.58,967.0,Yoga,18.4,2.7,5,3,25.58
26,Female,54.0,1.53,175,148,54,1.14,844.0,Strength,26.9,1.7,3,1,23.07
54,Female,72.3,1.78,163,149,72,1.27,852.0,Cardio,27.7,1.8,2,1,22.82
50,Male,51.1,1.98,171,126,52,0.92,574.0,Yoga,28.0,2.4,2,1,13.03
59,Male,89.4,1.72,188,152,67,1.08,813.0,Yoga,24.5,3.2,3,1,30.22
41,Male,51.5,1.8,166,126,60,1.09,680.0,Strength,26.7,2.1,4,2,15.9
32,Male,87.9,1.88,173,143,64,1.52,1195.0,Cardio,11.6,3.5,5,3,24.87
49,Female,42.0,1.52,171,130,70,1.1,644.0,HIIT,28.8,2.2,3,1,18.18
49,Male,79.2,1.72,194,128,69,1.46,925.0,Yoga,29.9,3.3,3,1,26.77
41,Male,64.8,1.71,164,131,54,1.2,778.0,Strength,22.5,2.8,3,2,22.16
58,Female,63.0,1.78,176,154,73,1.58,1095.0,HIIT,17.5,2.7,4,3,19.88
29,Female,56.2,1.77,191,123,61,0.68,418.0,Yoga,33.4,2.6,3,1,17.94
56,Female,52.9,1.64,169,155,53,1.1,767.0,Cardio,27.4,2.3,3,2,19.67
19,Female,49.0,1.69,176,147,64,1.05,772.0,Yoga,29.2,2.4,3,1,17.16
20,Male,128.2,1.84,164,132,58,0.83,603.0,HIIT,26.2,2.3,3,1,37.87
54,Male,83.6,1.86,168,142,56,1.54,1082.0,HIIT,12.4,3.5,5,3,24.16
34,Female,56.2,1.77,192,138,59,1.81,1249.0,Cardio,17.3,2.7,5,3,17.94
19,Male,87.8,1.78,195,161,72,1.28,1133.0,Cardio,23.6,3.3,2,1,27.71
19,Male,85.9,1.85,195,156,62,1.66,1424.0,Strength,12.9,3.5,4,3,25.1
45,Male,51.1,1.87,177,158,57,1.44,1126.0,Cardio,26.2,3.4,4,2,14.61
40,Female,57.4,1.71,168,143,61,1.87,1337.0,Strength,18.3,2.7,5,3,19.63
54,Male,114.9,1.92,188,135,71,1.2,802.0,HIIT,20.7,2.6,4,2,31.17
49,Female,62.1,1.66,173,152,73,1.37,937.0,HIIT,31.3,1.8,3,2,22.54
50,Male,57.1,1.91,184,131,68,1.09,707.0,Yoga,29.5,2.7,4,2,15.65
18,Male,68.1,1.8,174,153,50,1.1,926.0,Yoga,25.4,3.3,4,2,21.02
36,Male,69.2,1.65,165,126,65,1.23,852.0,Strength,27.2,2.7,3,1,25.42
19,Female,65.2,1.52,188,130,71,1.23,800.0,Cardio,30.6,2.4,3,1,28.22
43,Male,108.6,1.73,174,150,66,1.33,988.0,Cardio,28.5,2.2,2,1,36.29
49,Female,40.0,1.65,188,148,74,1.03,686.0,Yoga,34.3,2.5,3,2,14.69
23,Female,41.9,1.58,163,132,67,0.56,370.0,HIIT,26.8,1.8,3,1,16.78
49,Female,68.3,1.52,177,150,60,1.45,979.0,Strength,29.4,1.8,4,2,29.56
21,Male,88.4,1.6,198,121,67,1.71,1138.0,HIIT,12.0,3.5,4,3,34.53
28,Male,66.0,1.9,175,158,56,1.18,1025.0,HIIT,24.1,3.0,3,1,18.28
34,Male,71.9,1.64,170,134,67,1.26,929.0,Cardio,21.3,2.1,4,2,26.73
55,Male,75.6,1.71,173,130,57,1.03,663.0,Strength,28.1,2.0,4,2,25.85
41,Female,63.4,1.59,162,153,55,1.84,1267.0,HIIT,15.2,2.7,5,3,25.08
22,Female,71.6,1.77,197,158,56,1.49,1177.0,Yoga,30.3,1.8,3,1,22.85
51,Female,57.4,1.77,177,123,72,1.08,598.0,Yoga,31.6,2.1,4,2,18.32
23,Male,83.8,1.99,179,130,71,1.79,1280.0,Cardio,11.0,3.5,4,3,21.16
39,Female,55.9,1.71,184,148,59,1.95,1443.0,Yoga,19.5,2.7,5,3,19.12
28,Male,87.0,1.76,197,121,60,1.2,799.0,Yoga,28.4,3.5,3,2,28.09
33,Female,65.3,1.71,172,135,74,1.18,796.0,HIIT,29.7,2.5,4,2,22.33
50,Male,45.4,1.67,163,158,62,1.37,1071.0,Yoga,24.1,2.8,4,2,16.28
26,Male,87.1,1.87,173,132,58,1.71,1241.0,Yoga,11.2,3.5,4,3,24.91
23,Female,78.6,1.73,192,156,56,1.47,1147.0,HIIT,32.3,1.5,4,2,26.26
33,Female,78.0,1.71,187,136,58,1.08,734.0,Cardio,26.3,2.1,3,1,26.67
46,Female,58.0,1.53,196,140,62,1.83,1153.0,Cardio,18.4,2.7,4,3,24.78
20,Female,71.3,1.69,167,163,52,1.28,1043.0,Strength,33.4,2.3,3,2,24.96
37,Male,49.1,1.74,193,138,52,1.11,842.0,Yoga,22.3,2.6,3,2,16.22
53,Female,78.3,1.65,164,126,50,1.24,703.0,HIIT,33.7,1.6,3,1,28.76
36,Female,57.3,1.64,164,157,70,1.13,887.0,Strength,25.3,1.8,4,2,21.3
43,Female,48.4,1.61,190,127,69,1.28,732.0,Cardio,34.1,2.4,2,1,18.67
20,Male,76.4,1.62,168,132,51,1.35,980.0,Cardio,21.2,2.6,4,2,29.11
36,Male,110.2,1.77,191,156,74,1.19,1021.0,HIIT,26.5,3.4,2,1,35.18
37,Female,72.9,1.76,192,121,52,1.21,732.0,Strength,27.5,1.9,3,2,23.53
49,Male,82.1,1.86,162,160,64,1.87,1481.0,Strength,14.2,3.5,4,3,23.73
24,Female,58.9,1.76,189,130,73,0.63,410.0,HIIT,30.1,1.7,3,1,19.01
58,Male,82.2,1.87,171,143,55,1.57,1111.0,HIIT,10.7,3.5,4,3,23.51
50,Male,96.7,1.72,188,125,62,1.46,903.0,Strength,25.7,2.7,3,2,32.69
57,Male,81.4,1.86,162,145,70,1.8,1292.0,Cardio,12.0,3.5,5,3,23.53
56,Male,107.8,1.73,185,126,50,1.09,680.0,Yoga,26.6,2.8,3,2,36.02
35,Female,65.8,1.62,189,158,69,1.0,790.0,Cardio,33.8,1.5,4,2,25.07
57,Female,68.5,1.56,168,138,68,1.45,900.0,HIIT,29.1,1.6,4,2,28.15
18,Female,63.9,1.59,185,125,50,1.87,1169.0,Strength,16.4,2.7,4,3,25.28
28,Male,76.3,1.62,161,162,70,1.16,1034.0,Strength,20.1,2.3,3,2,29.07
45,Female,44.5,1.65,162,148,71,1.44,959.0,Yoga,30.7,1.6,3,1,16.35
42,Female,50.7,1.75,163,162,51,1.29,940.0,Strength,29.0,1.9,3,2,16.56
40,Female,55.1,1.61,184,158,64,1.55,1224.0,Yoga,16.9,2.7,4,3,21.26
48,Male,73.7,1.61,172,121,63,1.36,815.0,Cardio,21.8,3.6,4,2,28.43
47,Male,55.6,1.77,198,138,68,1.2,820.0,Cardio,24.3,2.9,4,2,17.75
59,Male,86.9,1.76,194,123,60,1.13,688.0,Strength,29.8,3.1,3,2,28.05
52,Female,60.3,1.68,182,125,64,1.6,900.0,Strength,16.5,2.7,4,3,21.36
24,Female,40.4,1.64,168,168,55,0.99,832.0,HIIT,31.0,1.9,2,1,15.02
33,Female,78.5,1.66,161,156,69,1.29,1006.0,HIIT,32.8,1.9,4,2,28.49
43,Male,102.6,1.72,190,147,58,0.82,597.0,Strength,27.5,2.0,2,1,34.68
19,Male,110.8,1.91,161,149,54,1.31,1074.0,Strength,23.3,2.9,2,1,30.37
18,Female,60.9,1.79,191,126,69,1.11,699.0,Cardio,31.1,2.1,2,1,19.01
29,Male,55.7,1.61,177,128,51,1.41,993.0,Strength,28.7,2.3,3,1,21.49
22,Male,110.5,1.92,172,144,55,1.16,919.0,HIIT,20.2,3.3,3,2,29.98
54,Male,55.2,1.71,164,152,67,0.77,579.0,Cardio,24.4,2.8,2,1,18.88
49,Male,46.5,1.72,169,120,72,1.4,832.0,Yoga,22.2,2.6,4,2,15.72
26,Female,70.9,1.66,184,125,68,0.81,506.0,HIIT,28.9,1.7,3,1,25.73
58,Male,74.6,1.75,193,137,58,1.09,739.0,HIIT,24.2,2.9,2,1,24.36
52,Male,45.1,1.72,196,129,70,0.93,594.0,Cardio,27.5,3.3,2,1,15.24
36,Male,99.9,1.99,189,147,73,1.33,1075.0,Yoga,20.9,2.5,3,1,25.23
33,Male,117.0,1.61,166,130,55,1.04,744.0,HIIT,25.1,2.4,3,2,45.14
20,Female,75.9,1.73,165,152,63,1.39,1056.0,Strength,30.6,2.1,4,2,25.36
37,Female,71.2,1.64,162,120,73,1.11,666.0,HIIT,29.9,1.7,3,2,26.47
41,Male,78.8,1.72,172,132,62,1.01,660.0,Cardio,27.3,3.1,4,2,26.64
50,Male,50.6,1.69,162,156,60,1.31,1012.0,Cardio,23.8,3.0,2,1,17.72
41,Male,82.5,1.79,185,139,61,1.69,1163.0,Cardio,14.7,3.5,4,3,25.75
28,Male,108.5,1.79,183,120,68,1.33,878.0,HIIT,24.8,2.1,4,2,33.86
25,Male,49.9,1.98,165,122,68,1.15,772.0,Yoga,25.7,2.1,3,2,12.73
53,Male,125.1,1.91,171,137,70,0.52,353.0,Strength,28.3,3.1,2,1,34.29
55,Female,79.7,1.66,195,160,68,1.06,763.0,Cardio,27.8,1.9,2,1,28.92
57,Male,126.8,1.63,161,133,73,0.96,632.0,Yoga,20.8,2.1,2,1,47.72
37,Female,54.6,1.57,170,150,62,1.31,982.0,Strength,32.1,2.4,3,1,22.15
52,Female,47.8,1.54,198,146,63,1.34,880.0,Cardio,29.8,1.9,3,2,20.16
42,Male,97.9,1.91,193,136,73,1.01,680.0,Strength,29.0,2.8,3,2,26.84
52,Female,63.1,1.54,185,165,67,1.36,1010.0,Strength,34.8,1.8,3,2,26.61
42,Female,72.4,1.69,177,148,61,1.07,713.0,Yoga,29.0,2.3,3,2,25.35
46,Female,58.9,1.7,180,155,53,1.52,1060.0,Strength,17.1,2.7,4,3,20.38
35,Female,50.4,1.6,195,156,59,1.03,803.0,Cardio,29.1,1.9,4,2,19.69
35,Female,64.2,1.59,199,145,66,1.63,1182.0,Yoga,16.6,2.7,5,3,25.39
19,Female,58.8,1.77,181,136,53,1.4,952.0,HIIT,32.8,2.7,2,1,18.77
52,Male,105.2,1.62,189,141,61,1.36,949.0,HIIT,27.6,3.2,3,1,40.09
33,Female,45.9,1.5,189,144,62,0.92,662.0,Yoga,29.8,1.7,3,1,20.4
58,Female,65.2,1.63,167,121,53,1.12,610.0,HIIT,25.4,2.0,3,2,24.54
53,Female,56.3,1.79,193,141,59,1.52,964.0,Strength,16.5,2.7,5,3,17.57
50,Male,90.0,1.7,168,124,74,0.81,497.0,Cardio,22.9,2.7,2,1,31.14
21,Female,60.0,1.7,179,123,52,1.97,1212.0,Strength,19.1,2.7,5,3,20.76
50,Male,51.5,1.71,199,155,64,1.48,1136.0,Yoga,20.9,2.9,2,1,17.61
31,Female,63.1,1.64,184,125,51,1.54,962.0,Cardio,19.0,2.7,4,3,23.46
38,Male,91.5,1.77,178,140,74,0.8,616.0,Yoga,26.7,3.4,2,1,29.21
37,Male,48.7,1.67,164,132,74,1.39,1009.0,Yoga,27.3,3.0,2,1,17.46
25,Female,57.8,1.56,170,156,66,1.35,1053.0,Yoga,29.3,1.6,3,2,23.75
24,Female,42.0,1.75,174,144,55,0.83,598.0,Strength,31.8,2.3,3,1,13.71
20,Male,128.4,1.92,167,145,57,0.63,502.0,Cardio,26.1,2.0,2,1,34.83
34,Female,74.2,1.57,178,158,52,1.47,1161.0,Cardio,32.7,2.4,3,1,30.1
50,Male,89.6,1.68,182,139,74,1.79,1232.0,Cardio,12.2,3.5,5,3,31.75
29,Male,125.9,2.0,186,152,67,1.36,1137.0,Strength,24.7,3.1,4,2,31.48
39,Male,105.5,1.99,199,133,71,0.81,593.0,HIIT,26.4,2.5,2,1,26.64
39,Male,93.4,1.7,191,155,50,1.1,938.0,Strength,21.1,2.5,4,2,32.32
47,Male,82.1,1.84,185,136,65,1.37,922.0,Strength,24.4,3.4,4,2,24.25
55,Female,42.9,1.69,186,140,56,0.9,567.0,Yoga,34.7,2.4,2,1,15.02
55,Male,128.4,1.68,178,165,52,1.13,923.0,Cardio,20.4,2.6,4,2,45.49
25,Male,112.4,1.96,188,135,72,1.42,1054.0,Cardio,23.2,2.5,2,1,29.26
44,Female,77.7,1.79,198,165,53,1.41,1047.0,HIIT,28.1,2.2,3,1,24.25
44,Male,89.3,1.99,192,135,58,1.4,936.0,HIIT,26.3,2.0,4,2,22.55
51,Female,70.3,1.55,178,139,54,1.4,876.0,Yoga,26.1,1.6,3,1,29.26
38,Female,59.1,1.72,196,148,68,1.07,792.0,Cardio,31.3,1.7,3,2,19.98
47,Female,49.9,1.69,178,147,64,1.48,979.0,HIIT,26.0,1.7,3,2,17.47
50,Male,101.7,1.67,192,127,57,0.53,333.0,HIIT,20.9,2.9,2,1,36.47
45,Male,93.0,1.91,175,143,55,1.03,729.0,Cardio,27.3,3.7,3,2,25.49
50,Male,87.4,1.6,182,122,67,0.77,465.0,Strength,23.2,3.1,2,1,34.14
22,Female,55.1,1.61,166,144,68,1.62,1166.0,HIIT,19.9,2.7,4,3,21.26
36,Male,123.7,1.69,185,138,73,1.3,987.0,Cardio,20.4,2.1,4,2,43.31
21,Female,61.3,1.57,191,152,64,1.94,1474.0,HIIT,17.2,2.7,4,3,24.87
52,Male,72.3,1.94,171,121,56,1.46,874.0,Yoga,21.1,2.9,3,2,19.21
34,Female,69.2,1.53,167,134,59,1.36,911.0,HIIT,28.5,2.1,2,1,29.56
45,Male,81.4,1.61,164,141,55,1.14,796.0,Cardio,30.0,2.2,4,2,31.4
47,Male,84.8,1.86,187,129,63,1.85,1181.0,HIIT,14.4,3.5,5,3,24.51
46,Male,55.1,1.72,164,137,66,1.43,970.0,Yoga,20.5,3.6,3,2,18.62
23,Female,59.0,1.78,185,141,58,1.67,1177.0,Yoga,17.8,2.7,5,3,18.62
52,Female,64.9,1.51,164,165,68,1.83,1359.0,HIIT,18.2,2.7,4,3,28.46
58,Male,109.7,1.75,181,168,54,1.01,840.0,HIIT,22.1,2.7,2,1,35.82
54,Male,78.4,1.9,174,146,72,0.81,585.0,Yoga,21.5,3.7,2,1,21.72
41,Female,76.7,1.79,172,132,56,1.4,832.0,Yoga,34.0,2.0,4,2,23.94
46,Female,63.1,1.61,187,152,68,1.0,684.0,Strength,34.7,2.2,4,2,24.34
48,Female,62.9,1.58,192,124,69,1.98,1105.0,Strength,20.0,2.7,4,3,25.2
52,Male,85.6,1.74,182,145,56,1.84,1321.0,Yoga,13.9,3.5,4,3,28.27
50,Female,66.3,1.57,192,132,73,1.25,742.0,HIIT,31.6,1.6,2,1,26.9
38,Male,61.3,1.97,177,146,51,1.37,1100.0,Cardio,23.5,2.8,3,1,15.8
49,Female,44.1,1.65,189,133,74,1.16,694.0,HIIT,26.7,1.8,4,2,16.2
40,Male,63.8,1.62,185,143,72,1.3,1022.0,HIIT,20.8,3.4,2,1,24.31
50,Female,55.4,1.55,175,122,65,1.85,1016.0,Strength,18.5,2.7,4,3,23.06
20,Female,74.7,1.58,172,166,62,1.04,863.0,Strength,32.8,2.4,3,2,29.92
35,Female,78.0,1.67,198,168,57,1.13,949.0,Strength,33.3,2.5,4,2,27.97
42,Female,57.5,1.67,192,149,55,1.14,764.0,Yoga,34.1,2.4,2,1,20.62
59,Female,60.7,1.73,185,154,55,1.03,714.0,Yoga,33.8,2.5,3,2,20.28
48,Male,69.0,1.74,160,167,58,1.48,1223.0,HIIT,30.0,2.3,3,2,22.79
20,Female,75.8,1.78,197,133,53,1.42,944.0,HIIT,27.4,2.0,4,2,23.92
57,Female,75.7,1.63,161,131,60,0.69,407.0,Cardio,32.6,2.3,3,1,28.49
41,Female,71.2,1.64,165,147,54,1.42,939.0,HIIT,30.9,2.3,3,2,26.47
49,Male,85.0,1.68,197,163,74,1.82,1468.0,HIIT,11.3,3.5,4,3,30.12
39,Female,63.6,1.56,183,148,66,1.22,903.0,Strength,34.8,2.4,2,1,26.13
40,Male,73.2,1.94,177,162,69,0.81,722.0,Strength,29.0,2.4,2,1,19.45
19,Female,48.3,1.52,186,136,56,0.96,653.0,Strength,26.3,1.6,2,1,20.91
44,Female,42.8,1.78,167,159,64,1.49,1066.0,Strength,25.3,2.6,3,2,13.51
59,Male,88.1,1.76,187,168,74,1.35,1123.0,Strength,26.9,3.0,3,2,28.44
19,Female,72.4,1.75,169,140,64,1.2,840.0,Cardio,31.0,1.7,4,2,23.64
43,Male,73.2,1.88,176,142,63,1.17,822.0,Cardio,29.4,3.3,3,1,20.71
34,Male,110.5,1.86,188,139,62,1.42,1086.0,Cardio,22.3,3.6,2,1,31.94
57,Female,46.1,1.76,165,130,60,1.44,842.0,Strength,25.8,1.7,3,2,14.88
50,Male,90.8,1.71,173,153,62,1.07,810.0,Yoga,22.6,3.4,4,2,31.05
26,Female,59.3,1.51,181,129,71,1.7,1096.0,Strength,15.1,2.7,5,3,26.01
56,Female,45.1,1.73,165,129,73,0.83,482.0,Strength,25.4,2.6,3,1,15.07
46,Male,45.0,1.77,185,162,58,1.48,1187.0,Cardio,29.1,3.6,3,2,14.36
59,Male,89.4,1.62,198,125,59,1.43,885.0,Strength,23.5,3.6,3,2,34.06
43,Male,127.7,1.69,171,155,53,1.14,875.0,Cardio,24.1,2.9,3,2,44.71
52,Male,70.9,1.72,194,143,66,1.31,927.0,Strength,20.2,2.6,3,2,23.97
42,Female,49.2,1.5,173,131,63,1.15,678.0,HIIT,27.7,1.5,3,2,21.87
41,Female,62.3,1.79,181,162,73,1.99,1451.0,Yoga,19.0,2.7,5,3,19.44
30,Male,64.1,1.87,182,142,67,0.64,500.0,Yoga,26.2,2.1,2,1,18.33
24,Female,69.7,1.75,166,146,60,1.41,1029.0,Cardio,32.5,2.0,3,1,22.76
53,Female,56.9,1.59,199,164,65,1.49,1100.0,HIIT,29.5,2.0,3,2,22.51
37,Female,53.0,1.71,184,156,50,1.13,881.0,Yoga,28.1,1.7,4,2,18.13
18,Female,72.7,1.55,172,125,56,0.84,525.0,Cardio,29.8,2.0,3,1,30.26
25,Male,76.5,1.96,180,120,59,0.67,442.0,Strength,23.2,2.3,3,1,19.91
33,Male,113.6,1.99,169,125,58,1.38,949.0,Strength,28.4,3.4,2,1,28.69
31,Female,62.5,1.62,168,169,74,1.56,1318.0,HIIT,16.5,2.7,4,3,23.81
29,Male,95.2,1.86,174,141,52,0.64,496.0,Yoga,26.6,2.5,2,1,27.52
40,Male,51.7,1.82,161,160,71,0.9,792.0,Strength,21.4,3.0,3,1,15.61
32,Male,105.3,1.67,184,143,72,0.57,448.0,Cardio,26.9,2.9,3,1,37.76
45,Female,71.2,1.68,172,144,63,1.37,888.0,Strength,34.1,1.6,3,1,25.23
51,Female,78.1,1.51,193,134,74,0.92,555.0,Strength,31.1,2.6,3,1,34.25
19,Female,50.6,1.68,193,145,64,1.21,877.0,Yoga,30.6,2.1,3,2,17.93
49,Male,70.2,1.89,194,127,51,0.7,440.0,Yoga,29.6,2.6,3,1,19.65
40,Female,62.6,1.53,197,143,73,1.93,1380.0,Cardio,18.1,2.7,5,3,26.74
39,Female,60.6,1.65,162,167,63,0.92,768.0,HIIT,27.6,1.7,3,1,22.26
42,Male,76.4,1.97,165,157,65,1.14,886.0,HIIT,22.9,2.6,3,2,19.69
39,Female,63.3,1.71,178,125,56,1.88,1175.0,Strength,18.5,2.7,4,3,21.65
39,Female,68.6,1.64,162,154,53,1.33,1024.0,Cardio,32.4,1.5,3,2,25.51
59,Male,123.3,1.88,177,161,67,1.3,1036.0,HIIT,23.0,2.6,4,2,34.89
23,Male,107.0,1.94,198,120,73,1.35,891.0,HIIT,23.5,2.9,2,1,28.43
32,Male,68.3,1.92,168,165,54,1.42,1289.0,Strength,29.9,3.5,2,1,18.53
54,Female,47.8,1.6,171,155,55,1.19,830.0,Cardio,26.0,2.3,4,2,18.67
50,Female,58.4,1.79,164,131,56,1.6,943.0,HIIT,17.0,2.7,4,3,18.23
25,Female,74.3,1.71,162,157,64,1.43,1123.0,Yoga,25.6,1.6,3,2,25.41
22,Male,106.8,1.82,170,130,50,1.0,715.0,Yoga,28.2,2.3,4,2,32.24
56,Male,125.5,1.8,189,131,73,1.26,817.0,Strength,20.9,2.7,4,2,38.73
21,Female,55.2,1.55,163,161,53,1.37,1103.0,Strength,31.7,1.7,4,2,22.98
23,Female,71.4,1.72,164,169,74,1.25,1056.0,Strength,25.6,1.5,2,1,24.13
49,Male,77.7,1.61,160,158,50,1.03,806.0,Strength,26.7,3.4,3,2,29.98
47,Male,88.4,1.6,186,126,60,1.86,1160.0,HIIT,14.2,3.5,5,3,34.53
52,Male,104.8,1.99,187,130,67,0.93,598.0,Cardio,24.0,2.0,2,1,26.46
57,Male,82.2,1.69,188,155,63,1.15,882.0,Strength,25.2,3.4,4,2,28.78
33,Female,68.2,1.75,177,150,71,0.85,638.0,Strength,29.0,1.7,2,1,22.27
30,Male,91.4,1.99,171,152,60,1.37,1145.0,HIIT,23.0,3.7,3,2,23.08
59,Female,42.1,1.65,172,132,59,1.22,725.0,Strength,33.0,2.2,2,1,15.46
47,Female,68.7,1.76,161,137,66,1.37,845.0,Strength,27.7,2.4,3,2,22.18
36,Female,47.2,1.74,196,160,53,1.5,1200.0,Cardio,32.2,1.6,4,2,15.59
34,Male,92.0,1.76,175,143,73,0.73,574.0,Yoga,22.1,3.5,3,1,29.7
36,Male,56.2,1.95,183,128,64,1.09,767.0,Strength,22.5,3.4,4,2,14.78
45,Male,58.4,1.72,194,150,65,1.31,973.0,HIIT,23.4,3.1,4,2,19.74
43,Male,82.9,1.95,181,160,70,1.9,1505.0,Cardio,12.9,3.5,5,3,21.8
54,Female,66.9,1.74,195,129,62,1.24,720.0,HIIT,29.5,2.1,2,1,22.1
43,Male,66.3,1.85,170,121,58,1.18,707.0,Cardio,27.5,3.2,2,1,19.37
40,Male,93.6,1.93,188,157,60,1.38,1192.0,Cardio,22.1,2.0,3,1,25.13
26,Female,64.1,1.5,194,134,60,1.93,1293.0,Strength,15.1,2.7,5,3,28.49
29,Male,86.7,1.62,174,122,55,1.52,1020.0,Strength,13.9,3.5,4,3,33.04
18,Female,62.0,1.59,190,162,50,1.23,996.0,Strength,33.2,2.2,4,2,24.52
18,Female,58.1,1.61,175,150,71,1.9,1425.0,Yoga,15.3,2.7,4,3,22.41
51,Female,64.9,1.6,169,125,55,1.49,838.0,Yoga,31.1,2.5,4,2,25.35
49,Female,69.3,1.62,191,122,62,1.14,626.0,HIIT,28.8,1.9,4,2,26.41
42,Female,42.7,1.74,161,130,71,1.04,608.0,Strength,32.9,1.6,3,1,14.1
57,Female,51.4,1.63,183,134,73,1.2,724.0,Yoga,33.7,2.0,4,2,19.35
18,Female,67.4,1.6,182,164,71,0.6,492.0,Strength,33.5,2.4,3,1,26.33
33,Female,55.6,1.61,161,147,54,1.77,1301.0,Yoga,18.9,2.7,4,3,21.45
56,Male,125.3,1.86,197,129,64,1.0,639.0,Yoga,22.7,2.2,3,2,36.22
22,Male,102.1,1.85,190,157,67,1.48,1278.0,Cardio,28.1,2.4,4,2,29.83
39,Male,61.9,1.77,199,166,69,1.32,1205.0,Strength,25.3,2.3,3,1,19.76
46,Male,108.8,1.64,185,169,63,1.4,1171.0,Strength,20.5,3.4,3,1,40.45
20,Female,51.1,1.58,188,169,64,0.5,422.0,Yoga,29.6,1.6,2,1,20.47
29,Male,81.7,1.99,162,126,54,1.45,1005.0,Strength,29.4,3.2,2,1,20.63
43,Female,42.7,1.66,173,134,53,0.73,440.0,Yoga,33.9,1.9,2,1,15.5
33,Male,81.8,1.99,184,137,51,1.59,1198.0,Strength,10.5,3.5,4,3,20.66
54,Male,54.6,1.76,160,137,56,1.28,868.0,Cardio,27.4,3.3,4,2,17.63
39,Male,107.7,1.88,162,160,59,0.72,634.0,Strength,28.1,3.6,2,1,30.47
46,Female,56.9,1.6,185,143,65,0.88,566.0,Cardio,27.7,1.6,3,1,22.23
31,Male,78.8,1.71,177,121,59,1.49,992.0,HIIT,24.7,2.5,4,2,26.95
45,Female,48.2,1.64,168,159,67,1.25,894.0,Strength,32.1,2.5,4,2,17.92
22,Female,50.7,1.59,197,139,66,1.27,883.0,Strength,29.4,1.8,3,2,20.05
47,Male,86.6,1.99,182,153,70,1.98,1500.0,Strength,10.6,3.5,4,3,21.87
22,Male,96.3,1.63,180,162,62,1.35,1203.0,Cardio,27.1,2.4,4,2,36.25
29,Male,80.8,1.98,160,145,50,1.65,1316.0,Strength,14.6,3.5,5,3,20.61
33,Female,58.0,1.53,180,126,50,1.84,1159.0,Strength,18.3,2.7,5,3,24.78
43,Male,95.9,1.85,186,157,64,1.28,995.0,Yoga,27.7,3.4,2,1,28.02
43,Female,61.5,1.58,165,149,50,1.86,1247.0,HIIT,16.8,2.7,5,3,24.64
38,Female,40.6,1.79,195,161,55,0.62,499.0,Cardio,26.8,2.7,2,1,12.67
56,Male,82.5,1.87,187,124,74,1.51,927.0,Yoga,13.2,3.5,5,3,23.59
53,Male,105.1,1.84,176,130,62,0.69,444.0,Cardio,23.3,2.9,3,1,31.04
50,Female,58.1,1.58,199,120,50,1.93,1042.0,Yoga,19.3,2.7,5,3,23.27
47,Female,61.0,1.76,162,153,54,1.54,1060.0,HIIT,15.6,2.7,5,3,19.69
54,Female,64.5,1.53,171,120,58,1.74,940.0,Yoga,17.2,2.7,4,3,27.55
40,Male,58.2,1.98,198,138,74,1.43,1085.0,Cardio,24.0,2.5,3,2,14.85
27,Female,69.5,1.76,171,121,66,0.94,569.0,Strength,34.4,2.0,3,1,22.44
22,Male,62.2,1.84,161,140,65,0.51,393.0,Strength,21.5,2.3,3,1,18.37
53,Female,68.0,1.7,181,139,57,1.06,663.0,HIIT,25.1,2.4,4,2,23.53
51,Female,56.3,1.5,182,142,66,1.43,914.0,Cardio,27.4,2.4,3,1,25.02
48,Male,94.5,1.7,189,140,64,1.01,700.0,Cardio,28.2,3.5,3,2,32.7
27,Female,58.0,1.79,164,143,73,1.39,994.0,Cardio,27.1,1.5,2,1,18.1
36,Male,84.0,1.94,168,123,50,1.8,1218.0,HIIT,11.2,3.5,5,3,22.32
49,Male,61.0,1.87,180,131,61,1.14,739.0,Strength,21.3,3.0,4,2,17.44
18,Female,64.8,1.53,170,141,54,1.98,1396.0,Yoga,18.6,2.7,5,3,27.68
22,Male,45.7,1.77,164,139,73,1.04,795.0,HIIT,20.7,2.4,3,1,14.59
21,Male,80.9,1.9,194,137,55,1.8,1356.0,Yoga,11.7,3.5,4,3,22.41
33,Female,64.1,1.63,186,120,74,1.58,948.0,Strength,16.4,2.7,5,3,24.13
41,Male,67.0,1.77,161,149,50,1.22,900.0,HIIT,25.6,2.6,3,2,21.39
33,Male,106.5,1.6,183,152,74,1.4,1170.0,Strength,27.3,3.3,4,2,41.6
19,Male,95.1,1.85,190,143,50,1.21,952.0,Yoga,25.3,2.3,4,2,27.79
45,Female,65.5,1.57,192,133,59,0.66,395.0,Cardio,34.3,2.3,2,1,26.57
49,Male,105.7,1.64,198,155,59,1.2,921.0,Cardio,29.5,3.1,3,2,39.3
44,Female,48.0,1.76,189,124,52,0.88,491.0,Yoga,28.6,2.6,2,1,15.5
37,Female,69.5,1.5,196,130,66,0.69,448.0,Cardio,32.8,2.4,2,1,30.89
41,Male,66.1,1.69,187,143,68,0.77,545.0,Yoga,27.4,3.4,2,1,23.14
29,Male,68.0,1.7,190,150,60,0.76,627.0,HIIT,28.9,2.9,2,1,23.53
52,Male,50.3,1.78,170,132,67,0.85,555.0,HIIT,24.5,2.3,2,1,15.88
50,Female,69.3,1.68,182,135,51,1.2,729.0,HIIT,30.3,2.0,2,1,24.55
50,Male,86.7,1.63,161,143,58,1.7,1203.0,Cardio,12.1,3.5,4,3,32.63
54,Male,125.9,1.94,199,132,73,1.35,882.0,Strength,28.5,2.9,3,2,33.45
29,Male,88.1,1.93,186,143,66,1.88,1479.0,Cardio,11.1,3.5,5,3,23.65
20,Male,124.3,1.82,194,145,63,1.25,997.0,Cardio,22.4,3.2,3,2,37.53
18,Male,62.0,1.85,161,121,53,0.88,586.0,Strength,23.7,3.0,3,1,18.12
50,Female,69.7,1.72,198,135,66,1.24,753.0,Strength,27.3,2.0,4,2,23.56
57,Female,60.9,1.52,196,157,66,1.31,926.0,Strength,30.6,1.8,3,2,26.36
27,Male,76.5,1.97,180,165,61,1.13,1025.0,Strength,21.3,2.3,2,1,19.71
46,Male,94.7,1.82,164,120,69,1.47,873.0,Cardio,23.2,3.2,3,2,28.59
30,Male,67.9,1.75,180,168,67,1.25,1155.0,Yoga,29.1,3.1,2,1,22.17
29,Male,121.1,1.87,188,130,52,1.31,937.0,HIIT,24.1,3.2,4,2,34.63
48,Female,71.5,1.64,179,154,60,1.46,1012.0,Yoga,32.5,1.9,4,2,26.58
19,Male,98.6,1.7,197,162,74,0.83,740.0,Cardio,21.1,2.4,2,1,34.12
52,Female,68.2,1.63,179,148,67,1.17,779.0,Strength,27.5,2.4,3,1,25.67
40,Female,57.7,1.69,184,156,53,1.18,920.0,HIIT,33.1,2.4,4,2,20.2
34,Male,124.6,1.63,161,136,66,1.41,1055.0,HIIT,27.6,2.8,3,2,46.9
43,Female,73.0,1.59,191,158,67,1.31,931.0,Yoga,28.9,2.2,3,1,28.88
25,Female,59.4,1.51,185,161,54,1.62,1304.0,Cardio,19.8,2.7,5,3,26.05
46,Female,52.0,1.65,165,147,63,0.7,463.0,Cardio,34.1,1.9,2,1,19.1
43,Female,42.2,1.65,162,148,59,1.33,886.0,Cardio,34.6,2.3,3,2,15.5
27,Male,89.3,1.64,192,162,64,1.82,1622.0,HIIT,12.1,3.5,4,3,33.2
43,Male,110.0,1.76,160,122,50,1.09,658.0,Yoga,22.0,3.4,3,1,35.51
51,Female,66.2,1.58,164,129,65,0.86,499.0,HIIT,31.3,2.3,3,1,26.52
58,Male,58.6,1.66,172,161,60,1.21,964.0,HIIT,26.8,2.9,2,1,21.27
24,Male,51.0,1.67,178,133,72,0.97,710.0,Strength,21.3,2.8,3,1,18.29
21,Male,101.5,1.95,171,131,69,0.97,699.0,Yoga,27.9,3.1,3,1,26.69
28,Male,114.2,1.87,184,166,55,1.05,959.0,Strength,20.2,3.2,3,2,32.66
46,Male,54.4,1.72,194,161,73,0.91,725.0,Cardio,24.8,2.9,2,1,18.39
53,Female,52.4,1.57,171,149,71,1.34,898.0,HIIT,28.3,2.2,3,2,21.26
42,Male,85.2,1.81,189,151,65,1.54,1151.0,Yoga,13.7,3.5,5,3,26.01
38,Male,83.6,1.74,164,151,51,1.66,1379.0,Cardio,11.6,3.5,5,3,27.61
53,Male,115.4,1.92,193,161,50,1.36,1084.0,Yoga,28.3,2.2,4,2,31.3
27,Male,71.2,1.97,181,151,73,0.74,615.0,HIIT,25.9,3.6,3,1,18.35
54,Female,78.1,1.6,198,145,73,1.1,718.0,Yoga,32.9,2.4,4,2,30.51
26,Female,54.2,1.65,172,120,58,1.07,642.0,Cardio,34.9,1.9,4,2,19.91
41,Female,77.6,1.76,162,161,71,1.27,920.0,Strength,31.8,2.2,4,2,25.05
52,Female,44.1,1.62,179,121,61,1.41,768.0,HIIT,34.8,1.6,3,1,16.8
52,Male,85.5,1.8,190,136,66,1.7,1144.0,Strength,10.1,3.5,5,3,26.39
53,Female,47.8,1.76,164,149,74,1.06,711.0,HIIT,28.4,1.5,4,2,15.43
35,Male,102.5,1.94,183,158,64,0.84,730.0,Cardio,21.1,2.4,2,1,27.23
56,Male,118.0,1.9,199,126,68,0.66,412.0,HIIT,22.6,3.2,2,1,32.69
49,Male,82.3,1.84,192,146,71,1.29,932.0,Strength,28.4,3.4,4,2,24.31
41,Male,81.6,1.87,167,128,59,1.87,1185.0,HIIT,10.2,3.5,5,3,23.33
40,Male,60.2,1.88,183,141,61,1.22,946.0,Cardio,25.2,3.0,3,2,17.03
49,Female,49.2,1.54,179,153,63,1.28,881.0,HIIT,30.7,2.1,3,2,20.75
54,Female,46.6,1.5,175,165,58,1.38,1025.0,Strength,30.6,2.0,2,1,20.71
29,Female,68.7,1.72,171,168,62,1.08,907.0,Cardio,29.8,1.7,4,2,23.22
30,Female,60.6,1.55,172,120,52,1.3,780.0,Strength,32.9,1.6,3,2,25.22
40,Male,52.1,1.61,198,128,70,0.87,612.0,HIIT,21.3,3.3,2,1,20.1
42,Female,46.6,1.77,184,139,63,0.61,382.0,Yoga,28.1,2.6,2,1,14.87
52,Male,65.5,1.74,191,138,70,1.48,1011.0,Strength,26.2,2.8,4,2,21.63
58,Female,44.2,1.57,183,155,59,1.08,753.0,HIIT,31.9,2.3,3,1,17.93
47,Male,89.1,1.84,168,159,65,1.44,1133.0,Yoga,24.0,3.6,3,2,26.32
34,Male,65.9,1.62,199,164,56,0.81,731.0,Yoga,28.8,2.2,2,1,25.11
37,Female,55.6,1.57,182,123,53,0.97,597.0,Cardio,29.2,2.4,2,1,22.56
42,Male,63.7,1.98,172,128,69,1.37,868.0,Yoga,24.0,3.0,2,1,16.25
39,Male,86.2,1.82,191,160,72,1.96,1725.0,Strength,10.2,3.5,5,3,26.02
30,Female,59.2,1.63,174,141,74,1.85,1304.0,Strength,17.8,2.7,4,3,22.28
36,Male,85.4,1.88,195,137,60,1.98,1492.0,Yoga,13.5,3.5,5,3,24.16
53,Female,68.1,1.55,164,131,65,1.41,831.0,HIIT,26.1,2.2,4,2,28.35
29,Female,60.0,1.62,181,161,69,0.85,684.0,Strength,28.1,1.9,2,1,22.86
58,Female,74.8,1.69,175,162,53,1.28,933.0,Strength,32.8,2.3,4,2,26.19
36,Male,90.3,1.65,169,158,71,1.38,1199.0,Cardio,23.7,3.4,4,2,33.17
29,Male,86.1,1.65,183,128,71,1.66,1169.0,HIIT,11.2,3.5,4,3,31.63
26,Male,73.7,1.66,177,125,72,0.93,639.0,Yoga,26.7,2.2,2,1,26.75
24,Female,67.7,1.56,177,138,66,1.42,980.0,HIIT,27.0,2.1,3,2,27.82
45,Male,78.3,1.96,166,167,62,1.29,1066.0,Cardio,29.0,2.2,3,1,20.38
31,Female,48.2,1.65,163,166,60,1.1,913.0,Cardio,26.1,2.5,2,1,17.7
48,Female,56.8,1.51,185,126,52,1.37,777.0,HIIT,32.1,2.1,4,2,24.91
36,Male,112.4,1.63,164,135,58,1.02,757.0,Cardio,25.0,3.4,4,2,42.3
33,Female,59.0,1.67,175,124,55,0.9,558.0,Cardio,33.7,1.9,3,1,21.16
22,Male,98.4,1.88,194,135,71,0.52,386.0,Cardio,21.3,2.2,2,1,27.84
52,Male,66.5,1.6,185,120,70,1.34,796.0,HIIT,26.8,2.1,4,2,25.98
29,Male,106.5,1.81,177,156,60,1.29,1107.0,Cardio,25.7,2.5,4,2,32.51
42,Male,88.4,1.93,188,158,65,1.68,1314.0,Yoga,12.4,3.5,4,3,23.73
38,Male,88.4,1.79,182,138,68,1.74,1321.0,Yoga,12.5,3.5,5,3,27.59
53,Female,53.3,1.74,173,156,54,1.37,962.0,Strength,32.2,1.8,3,2,17.6
40,Female,58.1,1.56,174,136,63,0.61,415.0,Yoga,34.4,2.2,2,1,23.87
33,Female,74.2,1.76,192,145,66,1.15,834.0,Strength,25.9,1.5,4,2,23.95
56,Male,84.6,1.63,184,141,52,1.01,705.0,HIIT,20.2,2.9,4,2,31.84
59,Male,78.0,1.92,180,127,53,0.72,453.0,Cardio,28.1,2.7,3,1,21.16
56,Male,89.0,1.68,176,152,65,1.77,1332.0,Yoga,10.5,3.5,5,3,31.53
31,Female,42.7,1.76,182,121,65,1.46,883.0,Strength,34.9,2.2,3,1,13.78
48,Male,83.9,1.82,176,149,70,1.9,1401.0,HIIT,13.1,3.5,5,3,25.33
22,Female,78.7,1.52,173,166,74,1.45,1204.0,Strength,31.5,2.3,3,2,34.06
52,Female,65.9,1.52,188,139,53,1.27,794.0,Cardio,27.0,2.3,4,2,28.52
40,Male,76.9,1.92,179,137,68,1.13,851.0,Yoga,22.4,3.7,4,2,20.86
46,Male,84.3,2.0,189,162,66,1.83,1467.0,HIIT,13.3,3.5,5,3,21.07
28,Female,62.4,1.6,178,129,62,1.1,710.0,Strength,34.1,1.7,3,2,24.37
35,Male,63.7,1.74,198,143,71,1.03,810.0,HIIT,29.8,2.7,4,2,21.04
29,Female,54.9,1.52,172,123,72,1.48,910.0,Strength,27.0,2.0,3,1,23.76
26,Male,76.4,1.79,177,156,73,1.17,1004.0,Strength,21.3,2.7,3,2,23.84
27,Male,106.4,1.86,182,123,50,1.34,907.0,Cardio,20.6,3.1,2,1,30.76
34,Female,68.4,1.5,192,132,61,1.37,904.0,Cardio,33.7,2.1,4,2,30.4
55,Male,63.5,1.86,198,144,53,1.36,969.0,Strength,22.9,2.9,4,2,18.35
24,Female,59.4,1.5,199,132,60,1.25,825.0,Yoga,25.0,2.0,3,2,26.4
30,Male,113.4,1.91,177,137,54,1.27,957.0,HIIT,22.2,3.7,3,1,31.08
57,Female,61.9,1.52,168,143,51,0.92,592.0,HIIT,28.4,2.6,3,1,26.79
59,Female,70.7,1.68,192,121,66,1.17,637.0,Cardio,34.9,1.9,3,2,25.05
26,Male,111.5,1.9,191,167,57,1.02,937.0,Yoga,25.2,2.2,2,1,30.89
44,Female,72.1,1.66,176,152,55,1.4,958.0,Strength,27.0,2.5,2,1,26.16
19,Male,56.9,1.87,178,138,70,0.61,463.0,Cardio,23.3,3.7,3,1,16.27
22,Male,86.2,1.9,186,128,58,1.91,1345.0,Strength,11.7,3.5,5,3,23.88
46,Male,59.4,1.68,165,147,62,1.16,844.0,Strength,20.2,2.5,4,2,21.05
54,Female,75.6,1.72,194,154,60,0.97,672.0,Cardio,26.4,1.9,3,1,25.55
55,Female,76.3,1.73,196,158,65,1.08,768.0,Yoga,32.0,2.6,3,1,25.49
36,Male,95.8,1.86,193,129,65,1.37,972.0,HIIT,21.2,3.2,3,1,27.69
25,Male,120.6,1.83,179,120,51,1.04,686.0,Cardio,22.3,2.5,3,2,36.01
18,Female,65.3,1.55,184,161,59,1.42,1143.0,Yoga,28.5,2.2,3,2,27.18
39,Male,85.3,1.89,163,140,61,0.77,593.0,Strength,27.6,3.6,2,1,23.88
34,Male,68.0,1.68,169,128,57,0.67,472.0,Cardio,25.8,3.4,2,1,24.09
24,Female,52.6,1.57,169,166,60,1.29,1071.0,HIIT,31.9,2.4,2,1,21.34
42,Male,63.3,1.77,183,134,59,1.32,876.0,HIIT,25.7,3.3,3,2,20.2
21,Female,76.3,1.65,180,154,62,1.14,878.0,Strength,31.8,1.7,3,2,28.03
53,Male,61.0,1.63,170,124,74,0.54,331.0,Cardio,20.0,3.4,3,1,22.96
23,Female,67.8,1.61,186,160,66,1.34,1072.0,HIIT,34.3,1.8,2,1,26.16
48,Male,114.9,1.86,175,141,56,1.36,949.0,Cardio,21.1,3.6,3,1,33.21
36,Male,88.0,1.71,185,160,73,1.87,1646.0,HIIT,12.0,3.5,5,3,30.09
56,Female,67.7,1.58,189,142,52,1.45,927.0,Strength,32.7,1.9,2,1,27.12
44,Male,124.8,1.85,175,126,69,1.35,842.0,Strength,24.4,3.5,4,2,36.46
27,Female,53.0,1.58,166,142,62,1.26,895.0,Cardio,34.5,1.8,4,2,21.23
43,Male,61.2,1.88,175,163,68,1.03,831.0,Yoga,24.7,2.9,3,1,17.32
36,Female,48.7,1.68,194,144,56,1.23,886.0,Yoga,33.7,1.6,3,1,17.25
56,Female,50.6,1.7,175,146,58,1.29,848.0,Strength,33.1,2.3,2,1,17.51
20,Female,72.6,1.73,199,160,68,1.27,1016.0,HIIT,34.8,2.5,3,2,24.26
30,Female,70.4,1.56,171,125,62,1.03,644.0,Yoga,34.3,2.4,4,2,28.93
45,Male,52.5,1.88,194,153,71,1.08,818.0,Strength,29.0,2.9,4,2,14.85
37,Male,76.3,1.77,180,128,57,1.36,957.0,HIIT,27.3,2.1,4,2,24.35
45,Female,41.2,1.58,195,168,71,1.47,1111.0,HIIT,28.7,2.6,2,1,16.5
25,Female,55.3,1.76,176,152,67,1.56,1186.0,Yoga,15.5,2.7,4,3,17.85
58,Female,49.7,1.67,191,125,72,1.38,776.0,Strength,31.9,2.3,4,2,17.82
56,Male,48.3,1.87,165,156,51,0.68,525.0,HIIT,29.8,3.3,3,1,13.81
18,Male,83.2,1.96,183,150,67,1.83,1510.0,HIIT,13.6,3.5,4,3,21.66
20,Male,120.5,1.73,186,153,67,1.01,850.0,Cardio,29.3,3.4,3,2,40.26
30,Male,121.6,2.0,179,160,60,1.24,1091.0,Cardio,28.0,3.3,4,2,30.4
45,Female,73.0,1.75,184,148,50,1.14,759.0,Yoga,26.6,2.0,4,2,23.84
42,Female,57.5,1.67,161,133,63,1.76,1053.0,Cardio,16.2,2.7,5,3,20.62
50,Female,42.7,1.53,168,155,65,1.41,983.0,Strength,28.4,2.4,4,2,18.24
55,Male,129.9,1.73,187,155,60,0.69,529.0,Yoga,21.7,3.1,3,1,43.4
23,Male,108.6,1.92,197,134,50,0.89,656.0,Yoga,25.8,3.5,2,1,29.46
49,Male,88.6,2.0,162,127,56,1.83,1150.0,Cardio,14.9,3.5,4,3,22.15
38,Female,49.7,1.51,179,145,65,1.25,906.0,HIIT,32.6,2.5,3,1,21.8
33,Female,56.4,1.54,165,155,63,1.06,822.0,Strength,29.2,1.5,3,1,23.78
38,Male,46.9,1.74,198,167,64,1.03,946.0,Strength,20.0,2.6,4,2,15.49
28,Female,71.3,1.67,192,140,63,1.46,1022.0,Strength,28.1,1.5,4,2,25.57
54,Male,71.6,1.86,160,147,70,1.14,830.0,Yoga,25.3,2.2,3,2,20.7
53,Male,82.3,1.61,196,123,60,1.87,1139.0,Strength,11.6,3.5,5,3,31.75
52,Female,70.6,1.69,165,135,65,1.36,826.0,HIIT,26.1,2.2,3,1,24.72
36,Male,109.8,1.62,193,141,68,0.84,651.0,HIIT,24.4,3.5,3,1,41.84
37,Female,73.5,1.69,174,131,66,0.54,354.0,Cardio,27.5,1.6,2,1,25.73
35,Male,85.6,1.85,185,135,55,1.78,1322.0,Strength,14.5,3.5,5,3,25.01
58,Female,74.6,1.68,173,159,60,1.03,737.0,Yoga,26.0,2.0,4,2,26.43
31,Female,63.2,1.8,166,157,66,0.59,463.0,Cardio,25.5,2.6,2,1,19.51
32,Female,62.6,1.63,190,161,58,1.67,1344.0,HIIT,15.0,2.7,5,3,23.56
48,Male,87.1,1.76,183,156,67,1.81,1398.0,Strength,11.6,3.5,5,3,28.12
18,Male,82.3,1.84,190,148,66,1.73,1408.0,HIIT,13.3,3.5,5,3,24.31
20,Female,64.3,1.78,188,137,61,1.71,1171.0,Cardio,18.7,2.7,4,3,20.29
33,Female,53.7,1.66,191,129,72,1.25,806.0,HIIT,29.5,2.5,3,1,19.49
40,Male,63.0,2.0,176,161,71,1.42,1257.0,Strength,26.8,2.9,4,2,15.75
28,Male,128.4,1.86,173,158,71,1.06,921.0,Strength,23.6,3.3,4,2,37.11
29,Male,88.0,1.89,199,137,54,1.75,1319.0,Cardio,13.3,3.5,5,3,24.64
27,Female,63.7,1.52,195,120,60,1.19,714.0,Strength,25.4,2.1,4,2,27.57
49,Male,83.7,1.87,183,158,53,1.29,1009.0,HIIT,23.9,2.3,4,2,23.94
33,Male,102.6,1.75,186,140,53,1.4,1078.0,HIIT,27.9,2.2,3,2,33.5
25,Female,77.7,1.55,184,120,52,0.55,330.0,Yoga,33.0,1.7,2,1,32.34
55,Male,87.5,1.88,191,134,73,1.19,789.0,Yoga,27.2,2.6,4,2,24.76
29,Male,87.0,1.86,177,123,72,1.52,1028.0,Yoga,11.0,3.5,4,3,25.15
41,Male,82.8,1.66,177,139,74,1.97,1355.0,HIIT,11.2,3.5,5,3,30.05
45,Female,65.4,1.68,196,129,66,0.76,441.0,HIIT,35.0,2.6,3,1,23.17
25,Female,47.2,1.71,185,142,56,0.89,632.0,Cardio,26.0,2.5,2,1,16.14
45,Female,58.2,1.7,168,160,53,0.95,684.0,Yoga,26.8,2.0,3,1,20.14
53,Female,73.5,1.55,194,153,72,1.17,806.0,HIIT,26.3,2.1,4,2,30.59
43,Female,55.2,1.73,167,165,62,1.67,1240.0,Cardio,16.6,2.7,5,3,18.44
25,Female,64.4,1.71,179,167,61,1.12,935.0,HIIT,27.1,1.8,3,1,22.02
45,Female,73.5,1.74,181,152,50,1.18,807.0,Cardio,30.0,2.3,4,2,24.28
45,Male,89.6,1.81,178,153,70,1.7,1287.0,Yoga,12.4,3.5,5,3,27.35
54,Male,86.5,1.76,189,158,68,1.48,1158.0,Yoga,29.0,3.4,3,2,27.92
58,Female,46.1,1.67,187,129,70,1.28,743.0,Yoga,25.3,1.8,4,2,16.53
53,Male,68.5,1.97,194,139,69,1.3,894.0,HIIT,23.2,2.1,3,2,17.65
44,Male,94.6,1.84,170,120,67,1.26,748.0,HIIT,26.0,3.1,4,2,27.94
34,Female,54.2,1.52,190,132,60,1.13,746.0,Cardio,31.0,2.2,3,1,23.46
26,Male,47.7,1.77,198,120,69,1.15,759.0,Strength,24.8,2.7,3,2,15.23
50,Male,52.2,1.84,195,124,52,1.38,847.0,Strength,28.2,3.1,4,2,15.42
37,Male,88.8,1.95,189,135,66,1.58,1173.0,Yoga,10.3,3.5,5,3,23.35
30,Male,101.0,1.68,182,134,61,1.46,1076.0,Strength,28.2,2.9,4,2,35.79
45,Male,118.4,1.95,178,168,59,1.06,881.0,Yoga,24.9,2.4,3,2,31.14
46,Female,47.9,1.72,171,147,57,1.41,933.0,Cardio,26.3,2.0,3,1,16.19
30,Female,51.5,1.74,174,150,64,1.08,810.0,Strength,33.9,2.0,3,2,17.01
52,Female,79.9,1.51,190,142,54,0.75,479.0,Strength,31.5,2.6,3,1,35.04
23,Male,121.3,1.85,196,167,53,0.72,661.0,Yoga,21.6,3.6,2,1,35.44
35,Female,78.9,1.64,196,164,70,1.28,1050.0,Cardio,25.3,2.6,4,2,29.34
22,Male,88.5,1.62,174,162,69,1.88,1675.0,Strength,10.7,3.5,5,3,33.72
42,Male,73.5,1.63,188,136,68,0.52,350.0,Strength,26.1,3.2,3,1,27.66
19,Male,127.9,1.93,185,168,70,1.27,1173.0,Strength,21.8,3.0,4,2,34.34
27,Male,88.5,1.98,161,153,53,1.8,1515.0,Cardio,11.1,3.5,4,3,22.57
47,Female,43.4,1.62,179,132,64,0.51,303.0,Cardio,25.3,2.3,3,1,16.54
22,Female,42.8,1.56,174,133,66,1.47,978.0,Strength,32.2,2.6,3,2,17.59
50,Male,64.5,1.79,163,130,61,1.17,753.0,Yoga,28.1,2.4,4,2,20.13
18,Female,50.7,1.53,181,147,52,1.29,948.0,Yoga,33.0,2.1,3,2,21.66
35,Male,59.2,1.66,197,161,59,1.3,1151.0,Strength,21.3,3.2,3,1,21.48
49,Female,78.9,1.73,182,151,64,1.38,938.0,Cardio,34.0,2.3,2,1,26.36
28,Female,78.7,1.63,185,154,59,1.1,847.0,Strength,31.7,1.8,3,2,29.62
38,Male,68.7,1.92,170,150,73,1.31,1081.0,Cardio,29.0,3.0,4,2,18.64
43,Female,53.1,1.59,187,136,72,0.82,502.0,Strength,29.5,2.5,2,1,21.0
42,Male,64.8,1.65,161,166,67,1.1,904.0,Cardio,24.4,2.8,3,2,23.8
39,Female,50.3,1.61,167,128,50,1.17,749.0,HIIT,32.8,2.5,2,1,19.41
44,Male,102.3,1.63,188,129,52,1.34,856.0,Yoga,20.9,2.6,4,2,38.5
30,Male,62.9,1.92,170,127,70,1.13,789.0,HIIT,25.2,3.6,2,1,17.06
50,Female,56.5,1.6,196,140,61,1.88,1184.0,Yoga,19.2,2.7,5,3,22.07
51,Female,74.6,1.55,177,132,50,0.71,422.0,Cardio,33.3,2.1,2,1,31.05
58,Male,52.0,1.79,173,169,52,1.12,937.0,HIIT,29.6,3.0,3,1,16.23
52,Female,52.1,1.67,169,124,52,1.5,837.0,Yoga,32.0,1.5,2,1,18.68
18,Female,72.2,1.54,194,125,54,0.97,606.0,Strength,27.1,1.7,2,1,30.44
38,Male,85.8,1.8,168,149,68,1.72,1410.0,Cardio,10.1,3.5,4,3,26.48
23,Male,81.4,1.85,194,150,74,1.6,1320.0,Cardio,12.4,3.5,4,3,23.78
45,Female,50.9,1.65,170,136,50,1.45,887.0,Strength,30.1,2.3,2,1,18.7
34,Male,52.0,1.78,171,130,53,1.38,987.0,Strength,22.4,2.7,4,2,16.41
22,Male,71.0,1.93,162,139,53,1.42,1086.0,Yoga,21.2,2.9,4,2,19.06
48,Male,80.6,1.77,198,167,66,1.51,1248.0,Cardio,12.9,3.5,4,3,25.73
22,Female,58.3,1.72,173,128,63,1.0,640.0,Yoga,32.6,1.6,3,2,19.71
55,Female,63.0,1.7,187,121,67,1.32,719.0,Strength,34.9,2.5,3,1,21.8
20,Male,111.0,1.94,170,156,50,1.02,875.0,Cardio,27.6,3.3,4,2,29.49
40,Female,52.6,1.66,198,120,71,1.27,762.0,Strength,32.9,1.7,3,2,19.09
54,Male,116.4,2.0,184,123,65,1.13,688.0,Yoga,26.2,3.1,3,1,29.1
54,Female,75.6,1.61,180,155,52,1.41,983.0,Yoga,34.9,2.5,4,2,29.17
27,Male,61.6,1.8,169,144,72,1.48,1172.0,Yoga,26.4,3.1,2,1,19.01
27,Male,108.0,1.8,174,122,70,1.38,926.0,Cardio,28.6,2.5,4,2,33.33
36,Female,59.3,1.75,178,128,58,0.99,634.0,Strength,34.5,2.3,3,1,19.36
34,Male,75.7,1.94,181,141,72,1.18,915.0,Strength,29.3,2.4,4,2,20.11
38,Female,56.3,1.6,180,142,53,1.21,859.0,Yoga,28.8,1.9,4,2,21.99
31,Female,58.2,1.73,191,131,70,1.17,766.0,Yoga,25.8,1.8,3,2,19.45
26,Male,55.7,1.68,182,129,54,1.13,802.0,Yoga,21.7,2.9,3,1,19.73
18,Male,125.9,1.67,172,153,60,1.46,1229.0,Yoga,20.6,2.2,3,2,45.14
30,Female,62.7,1.67,164,162,70,1.02,826.0,HIIT,26.1,2.6,4,2,22.48
21,Male,86.6,1.86,163,129,58,1.37,972.0,HIIT,21.8,2.6,3,2,25.03
18,Male,64.5,1.82,187,149,52,1.2,983.0,HIIT,23.4,2.4,3,2,19.47
57,Male,76.6,1.86,173,141,55,1.14,796.0,Yoga,25.4,2.8,4,2,22.14
49,Male,81.4,1.83,167,125,73,1.98,1225.0,Yoga,13.6,3.5,5,3,24.31
51,Male,60.7,1.71,168,169,60,1.14,954.0,Strength,22.1,2.5,2,1,20.76
45,Female,57.2,1.55,194,121,58,1.67,909.0,Cardio,18.4,2.7,5,3,23.81
48,Female,73.0,1.59,196,149,64,1.19,798.0,Strength,32.0,2.1,3,2,28.88
25,Male,123.8,1.99,180,121,72,1.13,752.0,HIIT,25.6,2.6,3,1,31.26
56,Male,93.6,1.66,177,151,52,1.37,1024.0,Strength,29.0,2.2,2,1,33.97
43,Male,76.8,1.92,192,161,50,1.24,988.0,Yoga,21.1,2.5,3,1,20.83
51,Female,54.7,1.53,167,135,69,1.11,674.0,HIIT,26.8,2.0,4,2,23.37
20,Male,92.3,1.94,176,131,71,1.14,821.0,HIIT,24.3,2.1,3,2,24.52
29,Female,71.8,1.55,190,120,68,1.2,720.0,Cardio,26.3,2.4,4,2,29.89
18,Female,66.9,1.57,193,127,63,1.07,679.0,Cardio,30.7,2.2,3,2,27.14
22,Female,48.7,1.76,165,167,66,1.37,1144.0,HIIT,29.0,2.2,4,2,15.72
47,Male,66.2,1.71,181,169,71,1.42,1188.0,HIIT,22.8,2.9,3,1,22.64
47,Female,40.0,1.76,173,132,63,0.8,475.0,Strength,26.7,2.2,3,1,12.91
34,Male,112.4,1.85,162,134,66,1.18,870.0,HIIT,23.4,3.6,4,2,32.84
40,Female,70.0,1.55,171,163,74,0.85,693.0,Yoga,31.1,1.5,3,1,29.14
32,Male,84.0,1.74,195,127,63,1.45,1013.0,Strength,25.8,2.1,3,1,27.74
54,Female,43.8,1.65,171,129,61,1.29,749.0,Yoga,26.6,1.7,4,2,16.09
38,Male,123.3,1.62,161,165,65,1.34,1216.0,Yoga,21.2,2.3,4,2,46.98
31,Female,57.9,1.56,161,124,50,1.8,1116.0,Yoga,15.1,2.7,5,3,23.79
19,Male,82.4,1.96,174,169,62,1.9,1766.0,HIIT,10.1,3.5,5,3,21.45
28,Male,84.8,1.79,182,138,55,1.35,1025.0,Cardio,28.8,2.3,4,2,26.47
56,Male,109.6,1.66,188,166,66,1.29,1060.0,Cardio,20.5,3.1,3,2,39.77
55,Male,86.4,1.77,176,157,61,1.0,777.0,Yoga,27.3,2.8,3,2,27.58
51,Female,63.9,1.8,191,130,72,1.07,626.0,HIIT,33.7,2.7,4,2,19.72
55,Female,70.8,1.62,166,162,68,0.54,394.0,Strength,26.0,1.8,3,1,26.98
51,Male,115.3,1.67,189,139,55,1.38,950.0,Yoga,24.4,2.5,3,2,41.34
35,Female,55.3,1.56,187,139,56,1.71,1188.0,Strength,19.8,2.7,5,3,22.72
47,Male,73.9,1.8,173,140,50,1.36,942.0,Strength,28.3,3.7,3,1,22.81
32,Male,97.3,1.96,189,137,50,1.36,1025.0,HIIT,24.9,3.4,3,2,25.33
44,Female,60.4,1.65,176,169,54,1.27,966.0,HIIT,32.6,2.1,4,2,22.19
51,Male,49.3,1.61,191,129,55,1.36,868.0,Cardio,28.3,2.9,2,1,19.02
55,Male,91.8,1.78,165,153,65,1.44,1091.0,Cardio,23.5,3.4,3,1,28.97
50,Female,73.6,1.55,183,145,74,0.89,581.0,HIIT,33.9,2.1,3,1,30.63
41,Male,47.1,1.78,165,149,65,1.26,929.0,Yoga,24.7,2.4,3,1,14.87
32,Male,65.2,1.62,186,128,63,0.58,408.0,Cardio,25.3,3.4,2,1,24.84
47,Male,87.2,1.64,177,165,50,2.0,1634.0,Strength,15.0,3.5,4,3,32.42
59,Male,96.7,1.71,183,150,62,0.57,423.0,Yoga,28.4,2.9,3,1,33.07
34,Female,46.9,1.61,196,161,69,1.02,821.0,Strength,28.6,1.7,3,2,18.09
22,Female,72.1,1.62,183,123,59,1.38,849.0,HIIT,25.1,2.1,3,1,27.47
46,Female,62.5,1.54,197,125,73,1.61,906.0,Strength,18.1,2.7,4,3,26.35
21,Male,110.7,1.69,193,133,59,1.06,775.0,Yoga,27.0,2.7,3,1,38.76
27,Male,102.6,1.83,199,123,58,1.41,954.0,HIIT,26.5,3.5,3,2,30.64
34,Female,64.3,1.62,174,145,62,1.76,1276.0,Yoga,19.8,2.7,5,3,24.5
27,Male,80.7,1.61,170,166,52,1.75,1598.0,Strength,14.3,3.5,4,3,31.13
34,Male,115.3,1.81,181,167,67,1.36,1249.0,Yoga,24.5,2.2,2,1,35.19
37,Male,87.8,1.69,183,158,69,1.81,1573.0,HIIT,10.3,3.5,5,3,30.74
41,Male,74.3,1.61,160,136,51,1.06,714.0,Strength,24.8,3.5,4,2,28.66
22,Female,78.5,1.7,177,138,66,1.36,938.0,Strength,31.9,2.1,4,2,27.16
51,Female,77.3,1.58,171,168,68,0.97,733.0,Cardio,31.1,2.0,2,1,30.96
23,Female,64.5,1.7,187,125,72,0.51,319.0,Cardio,30.4,1.7,2,1,22.32
19,Male,72.0,1.94,199,148,62,1.17,952.0,Yoga,24.7,3.2,3,2,19.13
30,Female,77.9,1.77,166,130,62,1.41,916.0,Cardio,27.9,2.6,4,2,24.87
28,Female,69.6,1.58,182,135,50,1.49,1006.0,Cardio,27.8,2.0,3,2,27.88
40,Male,68.9,1.99,180,149,51,1.16,951.0,Cardio,25.0,2.4,4,2,17.4
33,Male,45.9,1.89,193,144,50,1.45,1148.0,Cardio,21.6,2.9,3,2,12.85
48,Female,68.2,1.69,170,159,73,0.75,537.0,HIIT,28.4,2.5,3,1,23.88
28,Female,79.6,1.59,181,130,54,1.49,968.0,HIIT,28.2,1.5,3,2,31.49
33,Female,53.6,1.52,194,126,73,1.02,643.0,Cardio,30.9,2.3,2,1,23.2
25,Female,57.7,1.58,188,145,52,1.36,986.0,Yoga,25.7,2.2,3,2,23.11
21,Male,74.2,1.93,187,141,56,1.32,1024.0,HIIT,28.3,2.5,3,2,19.92
57,Female,64.4,1.56,177,144,73,1.52,985.0,Cardio,17.8,2.7,5,3,26.46
21,Female,54.9,1.78,173,138,71,0.55,380.0,HIIT,31.7,2.0,2,1,17.33
42,Male,50.3,1.64,177,150,62,0.63,468.0,Strength,27.0,2.4,3,1,18.7
20,Female,46.5,1.68,187,145,72,0.91,660.0,HIIT,27.9,2.4,2,1,16.48
49,Male,57.8,1.99,183,161,67,0.93,741.0,HIIT,24.7,3.1,3,1,14.6
20,Male,83.0,1.8,167,160,73,0.79,695.0,Yoga,29.6,2.9,2,1,25.62
44,Male,82.5,1.79,167,155,70,1.51,1159.0,HIIT,13.8,3.5,5,3,25.75
46,Female,66.5,1.73,163,142,56,1.11,709.0,Yoga,34.7,2.0,3,1,22.22
49,Female,70.2,1.67,186,166,50,0.93,695.0,Strength,32.5,1.8,3,1,25.17
36,Male,121.9,1.93,195,132,54,1.49,1082.0,Cardio,21.8,3.4,3,2,32.73
38,Female,70.3,1.52,164,144,66,1.19,857.0,Yoga,25.6,2.0,4,2,30.43
22,Female,40.3,1.56,192,121,57,1.45,877.0,HIIT,30.8,2.1,4,2,16.56
35,Male,101.4,1.76,193,121,64,0.84,559.0,HIIT,23.6,2.9,2,1,32.74
45,Male,79.2,1.95,189,135,69,1.47,982.0,Yoga,22.8,2.8,3,2,20.83
59,Female,75.8,1.77,167,128,53,1.46,841.0,Strength,33.1,1.8,3,1,24.19
39,Male,71.7,1.88,198,147,51,0.55,445.0,Cardio,23.7,2.2,2,1,20.29
38,Female,57.7,1.56,185,132,54,1.64,1082.0,HIIT,16.6,2.7,5,3,23.71
23,Female,47.4,1.6,196,154,50,0.76,585.0,Strength,33.5,1.6,3,1,18.52
18,Female,57.2,1.75,193,160,74,1.29,1032.0,Cardio,33.5,2.4,3,2,18.68
22,Female,44.8,1.72,166,132,54,1.48,977.0,Cardio,28.6,1.8,4,2,15.14
58,Male,90.2,1.72,199,150,55,0.9,668.0,HIIT,28.3,2.1,2,1,30.49
29,Male,84.9,1.72,187,140,51,1.79,1378.0,Yoga,14.3,3.5,4,3,28.7
43,Male,95.7,1.77,198,151,50,1.08,807.0,HIIT,24.2,3.4,3,1,30.55
51,Male,59.0,1.65,198,153,53,1.22,924.0,HIIT,20.7,2.3,3,2,21.67
31,Female,60.5,1.77,187,127,56,1.72,1092.0,HIIT,15.0,2.7,4,3,19.31
43,Female,53.8,1.72,173,160,71,1.03,742.0,Strength,30.2,2.3,4,2,18.19
44,Male,86.6,1.97,197,167,50,1.66,1372.0,Yoga,11.7,3.5,5,3,22.31
26,Female,72.8,1.67,163,121,50,1.37,829.0,Strength,35.0,1.9,2,1,26.1
43,Female,66.3,1.77,177,157,57,1.48,1046.0,HIIT,32.7,1.7,4,2,21.16
39,Female,56.0,1.6,184,151,69,0.89,672.0,Yoga,32.6,2.0,2,1,21.87
47,Male,45.9,1.93,166,159,65,1.29,1015.0,Cardio,29.6,2.0,3,2,12.32
34,Male,88.0,1.64,197,147,70,1.9,1536.0,Yoga,14.4,3.5,4,3,32.72
43,Male,94.0,1.79,187,156,62,1.31,1012.0,HIIT,23.2,3.4,2,1,29.34
53,Female,44.7,1.79,164,160,72,1.34,965.0,Yoga,26.7,2.1,3,2,13.95
18,Male,63.2,1.63,162,120,73,0.66,436.0,Cardio,27.5,2.2,3,1,23.79
25,Male,95.6,1.9,190,160,72,1.47,1294.0,Cardio,23.8,2.4,4,2,26.48
52,Male,47.8,1.86,179,129,67,1.01,645.0,Yoga,24.7,2.8,3,2,13.82
32,Male,85.3,1.64,178,123,69,1.77,1197.0,Cardio,13.2,3.5,4,3,31.71
39,Male,59.7,1.83,170,154,59,1.35,1143.0,Strength,29.1,2.3,4,2,17.83
31,Male,70.2,1.98,199,129,61,0.71,504.0,Yoga,24.2,2.5,2,1,17.91
43,Female,72.7,1.8,162,166,50,0.79,590.0,Cardio,32.8,2.1,3,1,22.44
45,Female,50.4,1.79,182,130,59,0.74,433.0,Cardio,27.7,2.5,2,1,15.73
40,Male,81.7,1.74,166,133,58,0.91,666.0,Yoga,27.0,2.7,2,1,26.99
31,Male,49.3,1.62,182,157,52,0.56,484.0,Strength,20.0,3.2,2,1,18.79
41,Female,61.9,1.64,166,131,68,1.93,1138.0,Yoga,19.4,2.7,4,3,23.01
19,Female,49.1,1.68,193,164,58,1.42,1164.0,Cardio,25.3,2.6,4,2,17.4
43,Male,66.5,1.83,178,136,59,1.11,747.0,Yoga,27.1,2.4,3,2,19.86
31,Male,75.5,1.93,168,135,68,0.6,446.0,Cardio,20.5,3.4,2,1,20.27
24,Male,88.2,1.79,177,154,65,1.76,1491.0,HIIT,11.3,3.5,4,3,27.53
20,Male,74.8,1.75,184,121,73,1.33,885.0,Yoga,25.0,3.3,3,2,24.42
40,Female,72.2,1.6,173,130,67,0.87,566.0,Yoga,29.2,1.9,3,1,28.2
35,Male,62.8,1.63,184,160,63,1.41,1241.0,Cardio,21.9,3.7,4,2,23.64
55,Male,84.7,1.79,178,122,52,1.19,719.0,Cardio,23.3,2.4,3,2,26.43
52,Male,116.5,1.69,198,148,51,0.53,388.0,Cardio,27.3,2.4,2,1,40.79
32,Male,77.4,1.92,174,137,50,1.39,1047.0,Cardio,26.7,3.3,3,2,21.0
42,Female,72.9,1.62,175,139,67,1.17,732.0,Yoga,25.7,2.0,4,2,27.78
54,Female,58.4,1.59,186,166,73,1.08,807.0,Cardio,32.5,1.9,2,1,23.1
45,Female,64.3,1.54,199,133,58,1.67,999.0,Yoga,15.3,2.7,4,3,27.11
27,Male,89.3,1.87,169,153,62,1.62,1363.0,Strength,12.7,3.5,5,3,25.54
56,Male,90.2,1.61,163,168,51,1.38,1148.0,Yoga,22.6,2.3,3,2,34.8
34,Female,59.0,1.62,178,150,56,1.13,847.0,Cardio,30.9,2.4,4,2,22.48
56,Male,58.7,1.86,187,159,65,1.09,858.0,Cardio,22.6,3.3,3,2,16.97
39,Male,127.5,1.82,180,161,70,1.26,1116.0,Strength,29.8,3.0,3,2,38.49
43,Female,68.6,1.52,173,137,68,1.42,875.0,Yoga,28.1,2.6,4,2,29.69
42,Female,56.7,1.53,192,149,74,1.07,717.0,Strength,27.4,1.9,3,1,24.22
34,Female,64.5,1.78,169,144,64,1.33,958.0,Yoga,27.8,1.8,4,2,20.36
30,Female,61.6,1.52,178,138,71,1.78,1228.0,Cardio,19.5,2.7,4,3,26.66
37,Male,75.1,1.82,189,127,60,1.23,859.0,Yoga,26.4,3.2,4,2,22.67
42,Male,79.3,1.93,181,147,50,1.22,888.0,Cardio,27.3,3.3,2,1,21.29
21,Female,72.6,1.68,162,127,70,1.19,756.0,Cardio,34.2,1.8,3,2,25.72
27,Male,76.7,1.7,196,150,56,0.96,792.0,HIIT,29.1,2.1,3,1,26.54
20,Female,44.2,1.61,177,122,69,1.08,659.0,HIIT,32.4,2.5,2,1,17.05
58,Female,56.5,1.7,170,122,57,0.74,406.0,Yoga,27.0,2.7,2,1,19.55
35,Male,100.9,1.63,161,163,59,1.1,986.0,Cardio,28.4,3.1,2,1,37.98
53,Female,55.8,1.55,171,141,54,1.12,711.0,Strength,27.0,1.8,4,2,23.23
39,Male,58.3,1.93,165,136,58,1.35,1010.0,Cardio,27.4,3.7,4,2,15.65
51,Male,48.6,1.77,199,155,74,1.47,1128.0,Strength,26.9,3.5,2,1,15.51
25,Male,81.7,1.95,188,136,74,1.94,1451.0,Yoga,13.8,3.5,4,3,21.49
57,Male,85.6,1.69,189,133,50,1.76,1159.0,Yoga,12.7,3.5,5,3,29.97
36,Female,60.0,1.72,161,128,51,1.63,1043.0,Strength,18.2,2.7,5,3,20.28
59,Male,126.4,1.69,168,149,68,1.24,915.0,Strength,29.5,2.9,3,1,44.26
58,Female,75.4,1.78,161,140,63,1.05,662.0,Cardio,26.0,2.5,4,2,23.8
54,Female,64.2,1.69,188,131,69,1.69,996.0,Yoga,16.5,2.7,4,3,22.48
23,Female,65.2,1.62,192,156,59,1.37,1069.0,Cardio,31.1,2.5,3,2,24.84
43,Female,70.1,1.66,169,151,58,0.99,673.0,Strength,34.6,2.6,2,1,25.44
51,Male,102.6,1.77,193,130,59,1.21,779.0,HIIT,21.0,3.4,2,1,32.75
23,Male,107.2,1.93,167,139,55,1.15,879.0,HIIT,20.2,3.1,4,2,28.78
54,Female,56.5,1.75,196,154,66,1.76,1220.0,HIIT,15.3,2.7,5,3,18.45
50,Female,61.6,1.75,192,166,74,1.22,911.0,Strength,25.5,2.2,4,2,20.11
39,Male,81.7,1.75,165,165,55,1.32,1198.0,Cardio,29.1,2.8,4,2,26.68
38,Female,76.6,1.58,199,130,53,0.74,481.0,Yoga,32.2,2.3,2,1,30.68
23,Male,116.8,1.79,178,127,69,1.0,698.0,Strength,26.8,3.4,4,2,36.45
23,Female,60.1,1.59,191,123,52,1.8,1107.0,HIIT,17.6,2.7,4,3,23.77
21,Male,93.7,1.73,186,146,72,1.0,803.0,Cardio,27.8,3.6,2,1,31.31
47,Female,41.6,1.58,160,163,68,1.03,756.0,Yoga,26.6,2.1,4,2,16.66
28,Female,55.1,1.79,192,159,67,1.99,1582.0,Yoga,17.0,2.7,5,3,17.2
47,Male,127.1,1.76,199,157,73,0.71,552.0,Strength,24.9,3.0,2,1,41.03
48,Female,69.1,1.6,191,166,53,1.34,1001.0,Strength,26.1,2.0,4,2,26.99
41,Female,66.8,1.74,164,149,57,1.34,898.0,Yoga,29.2,2.3,3,1,22.06
26,Male,125.5,1.76,176,163,66,1.15,1031.0,Yoga,23.2,3.1,4,2,40.52
20,Female,71.3,1.58,167,167,54,1.07,893.0,HIIT,25.4,1.5,3,2,28.56
48,Male,129.2,1.61,193,167,62,1.06,876.0,Yoga,21.4,2.9,4,2,49.84
57,Male,96.3,1.86,168,146,74,1.1,795.0,Strength,27.6,2.2,3,2,27.84
54,Female,67.5,1.54,182,140,50,0.72,454.0,Cardio,25.2,1.5,3,1,28.46
53,Female,64.4,1.55,194,139,62,1.77,1107.0,HIIT,19.7,2.7,4,3,26.81
41,Female,64.9,1.57,166,123,53,1.04,576.0,HIIT,25.9,2.4,4,2,26.33
48,Female,52.3,1.66,174,130,71,0.74,433.0,Yoga,33.0,1.8,3,1,18.98
23,Female,56.7,1.55,179,132,73,1.38,911.0,Cardio,34.0,1.9,4,2,23.6
19,Female,46.8,1.63,184,128,63,1.35,864.0,HIIT,34.4,1.6,4,2,17.61
37,Female,70.3,1.77,162,123,52,1.01,621.0,Strength,33.7,1.7,2,1,22.44
45,Male,80.8,1.76,183,131,54,1.7,1102.0,Yoga,11.4,3.5,4,3,26.08
28,Female,56.0,1.5,193,128,56,1.94,1242.0,Strength,16.7,2.7,5,3,24.89
21,Male,101.2,1.84,181,132,50,1.3,944.0,Yoga,24.3,3.3,2,1,29.89
32,Female,56.6,1.57,170,167,72,1.65,1378.0,HIIT,15.7,2.7,4,3,22.96
23,Female,40.9,1.75,167,145,61,0.82,594.0,Yoga,25.2,2.1,3,1,13.36
47,Male,127.8,1.65,198,157,60,0.77,598.0,Cardio,28.7,3.5,2,1,46.94
55,Female,49.3,1.76,194,161,73,1.28,927.0,Strength,30.5,2.0,2,1,15.92
19,Female,64.3,1.63,197,132,57,1.87,1234.0,Cardio,18.0,2.7,5,3,24.2
32,Male,49.3,1.62,167,158,74,1.18,1025.0,Strength,29.3,2.5,3,2,18.79
28,Female,63.0,1.62,196,147,55,0.68,500.0,Strength,31.7,1.9,2,1,24.01
25,Female,41.1,1.67,186,138,71,1.03,711.0,Yoga,31.9,2.4,3,2,14.74
43,Female,40.5,1.74,187,143,51,1.5,965.0,HIIT,32.9,2.2,3,2,13.38
22,Male,71.0,1.62,199,138,68,0.91,691.0,HIIT,21.2,3.5,2,1,27.05
23,Female,60.9,1.62,193,168,69,1.59,1336.0,Cardio,16.8,2.7,5,3,23.21
43,Female,64.7,1.66,191,132,69,1.88,1117.0,Yoga,19.8,2.7,4,3,23.48
21,Female,51.0,1.71,174,132,73,1.07,706.0,HIIT,34.2,2.2,3,2,17.44
36,Female,57.7,1.77,176,147,63,1.65,1213.0,Strength,19.4,2.7,4,3,18.42
37,Male,76.9,1.82,192,121,50,1.49,992.0,Strength,24.5,2.8,4,2,23.22
50,Male,80.5,1.77,175,129,59,1.85,1181.0,Yoga,14.3,3.5,4,3,25.7
37,Female,73.3,1.74,188,141,65,1.03,726.0,Cardio,25.5,2.4,3,2,24.21
29,Female,49.0,1.57,168,132,53,1.33,878.0,Yoga,26.5,2.6,3,2,19.88
18,Male,114.5,1.97,192,128,60,1.03,725.0,Cardio,24.1,2.6,3,1,29.5
43,Male,81.0,1.78,188,152,65,1.58,1189.0,Yoga,12.4,3.5,5,3,25.56
31,Female,53.5,1.76,172,133,69,1.22,811.0,Strength,27.6,1.8,4,2,17.27
55,Male,52.1,1.68,180,167,50,0.77,637.0,Yoga,23.6,3.0,3,1,18.46
54,Female,70.1,1.52,180,139,65,0.76,475.0,HIIT,26.6,2.1,2,1,30.34
28,Male,86.9,1.78,164,134,68,1.29,951.0,HIIT,24.9,3.7,4,2,27.43
53,Male,73.4,1.76,169,151,70,1.09,815.0,Yoga,27.9,2.8,3,2,23.7
30,Male,90.0,1.66,165,152,71,1.32,1104.0,Cardio,26.6,2.1,4,2,32.66
20,Male,85.7,1.92,172,136,58,1.72,1287.0,Cardio,10.5,3.5,5,3,23.25
50,Female,70.4,1.55,160,143,58,0.73,470.0,Strength,29.9,2.7,2,1,29.3
23,Male,57.7,1.71,179,149,58,1.15,942.0,Strength,27.0,3.4,3,2,19.73
27,Male,75.7,1.76,167,132,66,0.68,494.0,Cardio,25.3,2.3,3,1,24.44
22,Female,61.8,1.52,169,166,61,1.83,1519.0,Yoga,17.0,2.7,5,3,26.75
40,Male,80.3,1.76,168,167,74,1.63,1497.0,Strength,13.1,3.5,5,3,25.92
27,Male,104.3,1.68,162,135,62,1.28,950.0,Cardio,29.7,3.5,3,2,36.95
19,Female,65.7,1.58,170,121,57,1.46,883.0,Cardio,25.9,1.9,3,2,26.32
30,Male,120.3,1.96,171,136,65,0.66,494.0,Yoga,23.9,2.6,2,1,31.32
57,Female,51.9,1.57,169,151,67,1.05,713.0,HIIT,29.1,2.6,3,2,21.06
19,Female,59.1,1.57,184,162,50,1.65,1336.0,Cardio,17.9,2.7,5,3,23.98
37,Female,66.9,1.75,184,127,50,1.38,876.0,Strength,26.5,2.1,4,2,21.84
18,Female,66.9,1.75,170,122,61,0.94,573.0,Yoga,26.8,1.7,2,1,21.84
54,Male,78.7,1.66,195,131,55,1.42,921.0,Yoga,22.9,2.6,3,2,28.56
26,Female,62.4,1.61,198,139,58,1.88,1307.0,Yoga,19.8,2.7,4,3,24.07
34,Male,102.1,1.71,185,135,72,0.96,713.0,HIIT,27.3,3.2,2,1,34.92
26,Male,51.9,2.0,173,133,54,0.75,549.0,HIIT,26.6,2.3,2,1,12.97
28,Male,58.3,2.0,198,135,65,1.32,980.0,Strength,28.2,3.0,4,2,14.57
32,Male,89.8,1.92,199,168,67,1.93,1783.0,Strength,10.6,3.5,4,3,24.36
41,Male,101.1,1.83,160,162,66,0.79,634.0,Yoga,28.6,3.2,2,1,30.19
55,Male,118.6,1.72,163,168,67,0.77,640.0,Strength,25.9,2.6,3,1,40.09
52,Male,84.8,1.85,189,152,50,1.19,895.0,Cardio,23.4,3.2,2,1,24.78
47,Male,80.0,1.77,171,149,68,0.72,531.0,HIIT,28.2,3.5,3,1,25.54
48,Male,73.1,1.83,194,131,71,1.05,681.0,Yoga,28.0,2.8,4,2,21.83
22,Male,117.3,1.68,172,134,57,1.24,914.0,Yoga,28.5,2.7,3,2,41.56
31,Female,77.4,1.71,190,137,52,1.26,863.0,Cardio,26.2,1.8,4,2,26.47
28,Female,72.9,1.67,197,147,74,1.13,831.0,Cardio,34.7,2.2,3,2,26.14
26,Female,71.2,1.5,182,142,54,1.15,816.0,Cardio,34.6,2.6,2,1,31.64
51,Male,88.2,1.62,163,133,72,1.56,1027.0,Cardio,11.8,3.5,4,3,33.61
29,Female,75.6,1.8,175,149,57,1.31,976.0,Yoga,25.7,1.9,4,2,23.33
52,Female,57.9,1.56,166,152,68,1.66,1135.0,HIIT,15.8,2.7,4,3,23.79
52,Female,70.6,1.58,181,164,67,1.02,753.0,HIIT,34.9,2.0,3,2,28.28
18,Male,118.6,1.64,188,134,67,0.94,693.0,Cardio,25.6,2.7,3,1,44.1
57,Male,55.7,1.99,170,126,70,1.13,705.0,Strength,23.6,3.0,3,2,14.07
39,Male,102.3,1.94,192,134,50,0.89,656.0,Yoga,22.9,2.4,3,1,27.18
46,Male,72.6,1.87,188,161,64,1.31,1044.0,HIIT,22.6,3.4,4,2,20.76
25,Female,63.8,1.68,198,165,67,0.95,784.0,Cardio,31.6,1.9,2,1,22.6
28,Female,67.3,1.67,171,157,74,0.61,479.0,Strength,29.2,2.3,3,1,24.13
58,Female,59.3,1.58,166,165,56,1.97,1463.0,Strength,19.8,2.7,4,3,23.75
54,Female,70.7,1.57,198,163,65,1.14,836.0,Cardio,31.8,2.1,3,1,28.68
31,Male,86.9,1.69,185,130,65,1.72,1230.0,Yoga,14.0,3.5,4,3,30.43
47,Male,98.2,1.9,199,148,64,0.76,557.0,HIIT,22.9,3.0,3,1,27.2
52,Male,63.6,1.62,168,150,55,1.3,965.0,Strength,20.8,2.3,4,2,24.23
38,Female,45.2,1.68,193,144,58,1.01,727.0,HIIT,29.9,2.4,3,2,16.01
54,Male,117.2,1.62,172,143,56,1.04,736.0,HIIT,23.1,2.3,4,2,44.66
22,Male,107.4,1.74,195,138,63,1.34,1017.0,Strength,22.0,2.2,2,1,35.47
36,Female,59.1,1.78,184,121,60,0.85,514.0,Cardio,34.5,2.2,2,1,18.65
31,Female,53.3,1.64,183,141,70,0.57,402.0,Strength,29.4,2.4,3,1,19.82
43,Male,46.2,1.63,176,139,65,1.18,812.0,Strength,21.7,2.1,2,1,17.39
21,Male,67.0,1.61,161,152,74,1.32,1104.0,Yoga,22.0,2.1,3,2,25.85
42,Male,86.3,1.77,172,127,55,1.77,1113.0,HIIT,11.4,3.5,4,3,27.55
59,Male,85.5,1.67,190,144,71,1.99,1418.0,Cardio,15.0,3.5,5,3,30.66
42,Male,70.2,1.87,188,165,65,1.38,1127.0,HIIT,22.7,3.4,3,2,20.07
35,Male,127.1,1.62,187,128,69,1.02,718.0,Strength,23.3,3.4,4,2,48.43
57,Female,75.6,1.67,186,153,65,1.05,723.0,Cardio,31.6,1.8,3,2,27.11
25,Female,62.6,1.65,174,142,61,1.2,852.0,Cardio,27.9,2.2,3,1,22.99
56,Female,55.7,1.53,190,124,66,1.91,1066.0,Cardio,16.1,2.7,5,3,23.79
57,Male,96.1,1.74,199,144,54,1.21,862.0,Cardio,21.6,2.8,3,2,31.74
31,Female,76.7,1.62,174,127,74,1.39,883.0,Yoga,28.1,2.3,4,2,29.23
49,Male,57.2,1.89,192,135,62,1.14,762.0,Cardio,21.1,3.5,2,1,16.01
55,Male,69.9,1.81,179,167,57,1.2,992.0,Strength,20.2,2.1,4,2,21.34
50,Female,67.9,1.77,171,164,73,1.03,760.0,Yoga,33.0,2.4,3,2,21.67
40,Male,87.9,1.87,196,134,54,1.96,1445.0,Strength,10.7,3.5,5,3,25.14
32,Male,102.8,1.98,168,120,61,1.24,818.0,Strength,27.8,2.8,3,2,26.22
50,Female,51.8,1.5,182,141,58,1.32,838.0,HIIT,33.0,2.2,3,1,23.02
42,Female,57.7,1.57,167,122,52,1.83,1005.0,Cardio,17.7,2.7,4,3,23.41
34,Female,66.5,1.69,191,157,52,0.81,636.0,Cardio,28.1,2.3,3,1,23.28
50,Male,95.4,1.61,173,133,50,1.16,764.0,Strength,21.5,3.6,4,2,36.8
19,Female,69.2,1.6,186,155,74,1.17,907.0,Cardio,32.4,1.6,3,1,27.03
31,Female,66.6,1.67,184,137,71,1.02,699.0,Yoga,31.0,1.5,4,2,23.88
57,Male,83.4,1.65,172,166,67,1.57,1290.0,HIIT,13.3,3.5,4,3,30.63
57,Female,43.8,1.75,180,160,73,1.39,1001.0,Cardio,25.1,1.7,2,1,14.3
56,Female,64.2,1.69,190,137,61,1.99,1227.0,Cardio,19.6,2.7,5,3,22.48
23,Female,44.1,1.62,196,122,58,0.58,354.0,Yoga,25.7,2.7,2,1,16.8
23,Male,87.3,1.91,164,129,58,1.87,1327.0,HIIT,11.8,3.5,5,3,23.93
20,Male,55.0,1.6,172,168,67,1.12,1035.0,Yoga,24.0,3.2,4,2,21.48
24,Male,87.1,1.74,187,158,67,1.57,1364.0,Strength,10.0,3.5,4,3,28.77
25,Male,66.6,1.61,184,166,56,1.38,1260.0,Strength,25.0,3.0,2,1,25.69
59,Female,60.4,1.76,194,120,53,1.72,929.0,Cardio,18.8,2.7,5,3,19.5
32,Male,126.4,1.83,198,146,62,1.1,883.0,HIIT,28.2,2.1,3,2,37.74
46,Male,88.7,1.63,166,146,66,0.75,542.0,Strength,28.8,3.5,2,1,33.38
24,Male,116.3,1.94,191,135,71,1.35,1067.0,Cardio,25.0,2.5,2,1,30.9
51,Male,111.8,1.81,166,124,63,1.32,868.0,HIIT,28.8,3.3,3,1,34.13
55,Male,83.7,1.71,193,169,73,1.39,1137.0,Strength,28.2,2.7,4,2,28.62
18,Female,70.8,1.56,198,122,64,0.98,583.0,Cardio,30.3,2.5,3,3,29.09
47,Male,88.1,1.6,181,128,64,0.59,491.0,Strength,22.3,3.2,2,1,34.41
53,Female,52.9,1.81,198,141,60,1.22,926.0,Strength,19.4,2.6,4,3,16.15
51,Male,68.3,1.92,196,140,69,1.27,858.0,HIIT,22.0,2.7,2,2,18.53
56,Male,109.3,1.69,184,132,50,1.14,629.0,Yoga,27.4,2.1,3,1,38.27
56,Male,65.5,1.67,191,168,60,0.5,428.0,Yoga,20.1,3.3,3,1,23.49
48,Male,87.4,1.82,188,124,60,1.88,1171.0,HIIT,14.2,3.7,5,3,26.39
21,Female,60.6,1.82,191,122,70,1.07,578.0,Cardio,30.7,1.8,2,2,18.29
29,Male,95.2,1.95,191,161,74,1.57,1232.0,Cardio,20.1,1.9,4,1,25.04
18,Male,108.2,1.84,169,125,52,0.98,759.0,Yoga,26.6,2.8,3,1,31.96
18,Male,83.9,1.74,190,159,68,1.18,1007.0,Cardio,21.8,3.7,2,1,27.71
33,Female,67.1,1.5,190,135,62,0.64,389.0,Cardio,32.4,2.3,2,1,29.82
48,Female,51.5,1.74,184,121,50,0.8,542.0,Yoga,27.5,2.9,3,2,17.01
51,Male,45.8,1.95,170,157,69,1.3,977.0,Cardio,29.6,2.2,4,1,12.04
50,Female,69.9,1.58,197,169,63,1.11,801.0,Cardio,31.0,2.3,2,1,28.0
52,Female,64.9,1.57,160,146,74,0.58,507.0,Cardio,30.3,1.5,2,1,26.33
33,Male,51.7,1.63,160,136,74,1.44,1033.0,Yoga,29.1,2.8,2,1,19.46
59,Male,90.3,1.59,178,153,56,1.4,899.0,Strength,25.4,2.6,2,1,35.72
20,Male,111.8,1.66,188,157,62,1.43,1325.0,Cardio,21.8,2.7,3,2,40.57
27,Male,86.4,1.8,191,120,58,1.44,719.0,Yoga,27.7,3.4,3,3,26.67
47,Female,66.9,1.65,160,148,71,0.65,402.0,Cardio,35.0,1.5,2,1,24.57
55,Male,48.4,1.76,164,127,66,0.74,527.0,HIIT,23.0,2.3,2,1,15.62
24,Male,124.8,1.82,190,143,61,1.3,957.0,Cardio,23.2,3.5,4,1,37.68
37,Male,92.2,1.68,177,140,51,1.05,656.0,Cardio,23.0,2.9,4,1,32.67
56,Female,59.0,1.55,183,169,73,1.09,848.0,Cardio,34.6,1.5,2,2,24.56
18,Male,61.9,1.61,160,123,74,0.56,462.0,Cardio,25.1,2.2,4,1,23.88
28,Male,84.7,1.79,175,127,71,1.54,968.0,Yoga,10.0,3.2,4,2,26.43
32,Male,118.2,1.76,199,168,67,0.79,801.0,Yoga,24.8,3.3,2,1,38.16
39,Female,63.3,1.57,160,158,53,1.83,1133.0,HIIT,17.0,2.6,5,3,25.68
44,Male,50.8,1.65,182,145,65,0.89,778.0,Strength,21.2,1.8,2,1,18.66
26,Male,47.5,1.82,162,141,74,1.13,849.0,HIIT,19.8,2.5,2,1,14.34
24,Female,69.4,1.66,179,120,68,0.64,503.0,HIIT,26.9,2.0,4,1,25.19
27,Male,78.1,1.93,182,122,55,0.66,352.0,Strength,25.0,2.1,3,2,20.97
56,Female,71.8,1.72,184,134,54,0.81,702.0,HIIT,25.5,3.0,4,3,24.27
22,Male,118.1,1.9,188,140,74,1.13,1015.0,Cardio,21.2,3.0,3,1,32.71
43,Male,63.1,1.8,164,154,54,1.15,906.0,HIIT,28.4,2.7,4,3,19.48
34,Female,69.8,1.69,162,125,50,1.01,570.0,Strength,32.1,2.5,2,2,24.44
53,Female,70.7,1.6,166,143,64,1.5,907.0,HIIT,31.4,1.7,4,1,27.62
40,Female,53.2,1.66,198,144,56,0.82,894.0,Yoga,34.0,1.8,4,1,19.31
21,Female,62.3,1.73,183,120,72,0.5,411.0,Cardio,29.9,1.9,2,1,20.82
18,Female,71.1,1.73,161,152,62,1.41,1081.0,Strength,29.0,2.3,5,1,23.76
51,Male,69.9,1.71,196,141,63,1.49,940.0,Strength,21.5,2.1,2,3,23.9
34,Male,76.6,1.78,196,120,50,1.46,996.0,Strength,23.9,3.2,4,2,24.18
49,Female,57.2,1.79,189,143,60,1.54,980.0,Strength,16.1,2.9,5,2,17.85
30,Female,55.7,1.83,189,159,66,2.0,1633.0,Yoga,17.0,2.5,5,3,16.63
28,Female,77.6,1.66,180,123,54,1.27,869.0,Strength,27.4,1.9,3,2,28.16
51,Female,43.5,1.64,175,132,61,1.36,694.0,Yoga,24.1,1.6,3,2,16.17
53,Female,57.2,1.8,178,126,68,1.16,613.0,Yoga,30.9,1.6,3,3,17.65
27,Male,125.8,2.0,192,150,68,1.36,1157.0,Strength,22.6,3.4,3,3,31.45
53,Female,64.6,1.69,160,152,62,1.61,1245.0,Cardio,16.9,2.7,3,3,22.62
34,Female,67.5,1.76,172,149,67,0.79,632.0,Strength,30.5,1.5,2,2,21.79
23,Male,119.9,1.73,178,133,57,1.43,987.0,Yoga,26.3,2.5,2,2,40.06
41,Female,56.6,1.53,171,148,69,1.03,737.0,Strength,34.9,1.5,5,2,24.18
25,Male,78.2,1.9,183,162,74,1.4,1034.0,Strength,20.2,2.8,2,3,21.66
18,Female,65.5,1.77,173,120,53,1.94,1170.0,Strength,18.2,2.7,4,3,20.91
21,Male,52.3,1.64,179,129,70,0.96,775.0,Strength,21.2,2.7,3,1,19.45
37,Female,56.6,1.61,170,157,68,1.19,771.0,Strength,27.2,1.7,4,3,21.84
54,Female,64.8,1.55,183,163,70,1.23,1053.0,Strength,34.2,2.2,2,2,26.97
49,Female,53.6,1.69,173,136,50,1.38,929.0,Strength,30.4,2.3,2,1,18.77
20,Female,46.6,1.62,186,151,53,1.44,874.0,Yoga,30.6,2.0,4,2,17.76
44,Male,82.3,1.82,185,142,66,1.37,899.0,Strength,25.0,3.3,4,3,24.85
27,Male,50.8,2.0,163,120,69,1.33,753.0,Yoga,24.9,2.2,4,2,12.7
59,Male,124.1,1.82,194,125,66,1.23,597.0,Yoga,20.3,2.0,3,3,37.47
55,Male,61.1,1.55,164,153,59,1.36,962.0,Strength,18.8,2.1,5,2,25.43
26,Female,40.8,1.62,196,158,61,1.03,858.0,HIIT,32.3,1.5,3,3,15.55
18,Female,55.8,1.77,181,169,59,1.27,931.0,Cardio,30.6,2.3,3,1,17.81
54,Female,52.7,1.65,165,152,50,1.04,753.0,Cardio,28.1,1.9,2,3,19.36
51,Female,54.9,1.73,163,127,50,1.34,759.0,Yoga,35.0,1.5,2,1,18.34
19,Male,106.6,1.88,190,158,63,1.57,1270.0,Cardio,28.0,2.6,4,2,30.16
33,Female,55.8,1.66,188,126,69,1.04,848.0,HIIT,30.9,2.1,2,1,20.25
53,Male,71.0,1.81,174,162,53,1.13,1016.0,Strength,17.8,2.5,3,3,21.67
38,Female,57.3,1.71,199,137,51,1.7,1106.0,Yoga,16.2,2.4,5,3,19.6
20,Male,99.0,1.81,187,128,50,1.46,979.0,Yoga,23.3,3.7,3,1,30.22
44,Female,40.8,1.62,161,150,63,1.17,860.0,Cardio,35.0,2.2,3,2,15.55
51,Female,41.2,1.66,194,133,68,0.99,690.0,Yoga,32.7,1.6,5,3,14.95
39,Male,52.2,1.65,199,124,70,1.01,623.0,HIIT,21.0,3.0,2,1,19.17
24,Female,56.4,1.78,190,146,59,1.71,1220.0,Yoga,18.9,3.1,4,2,17.8
43,Female,46.3,1.75,195,120,50,0.86,380.0,Yoga,27.6,2.9,2,1,15.12
18,Male,88.4,1.78,176,122,71,1.65,1033.0,Strength,27.7,3.5,3,2,27.9
36,Male,58.6,1.69,192,156,59,1.3,1119.0,Strength,22.5,3.3,3,1,20.52
59,Female,53.0,1.67,163,153,51,1.21,791.0,Cardio,26.3,2.7,4,2,19.0
34,Male,81.8,1.82,184,123,54,1.27,979.0,HIIT,26.4,1.5,3,2,24.7
34,Female,66.8,1.74,193,144,64,1.27,870.0,Cardio,34.4,1.5,2,3,22.06
44,Male,110.8,1.81,161,120,53,1.14,616.0,Yoga,21.2,3.2,3,2,33.82
24,Female,65.7,1.78,160,141,54,0.93,626.0,Cardio,30.9,2.0,2,1,20.74
47,Female,72.0,1.52,177,126,50,0.5,364.0,Cardio,31.9,2.0,3,2,31.16
28,Male,80.8,1.91,174,136,52,1.42,1100.0,Cardio,28.8,3.7,3,3,22.15
51,Male,92.6,1.75,168,122,74,0.77,533.0,Cardio,22.2,2.2,2,1,30.24
48,Female,40.0,1.88,167,131,60,0.85,407.0,Strength,28.6,2.6,4,1,11.32
40,Female,79.1,1.83,162,166,74,1.31,928.0,Strength,30.9,2.2,4,1,23.62
24,Male,74.3,1.73,189,125,74,1.32,882.0,Yoga,26.8,3.4,3,1,24.83
24,Male,114.5,1.95,167,138,58,1.27,810.0,HIIT,23.8,3.1,2,3,30.11
42,Male,84.4,1.86,190,137,50,1.23,861.0,Yoga,27.4,2.6,4,1,24.4
28,Female,42.4,1.67,184,137,68,1.03,700.0,Yoga,33.8,2.6,3,2,15.2
47,Male,67.3,1.76,160,131,57,1.08,740.0,Yoga,30.5,2.0,4,2,21.73
39,Female,65.5,1.5,178,137,71,1.45,827.0,Yoga,27.7,2.8,5,1,29.11
30,Male,73.2,1.67,171,125,70,0.71,639.0,Yoga,29.0,2.2,2,1,26.25
56,Female,75.0,1.65,192,163,51,1.41,1028.0,HIIT,25.0,2.4,2,1,27.55
42,Male,72.3,1.94,193,152,54,0.5,426.0,Cardio,22.9,1.8,3,1,19.21
36,Male,65.2,1.73,199,144,73,1.2,782.0,HIIT,28.9,2.5,3,3,21.78
29,Male,114.7,1.92,178,139,54,1.14,973.0,HIIT,21.0,3.3,2,1,31.11
59,Female,75.4,1.66,177,159,53,1.16,877.0,Strength,35.0,2.8,3,3,27.36
54,Female,63.8,1.5,186,137,50,1.41,710.0,Cardio,25.5,2.7,3,2,28.36
19,Female,43.8,1.53,188,124,56,1.36,915.0,HIIT,30.3,2.0,4,1,18.71
46,Female,76.6,1.81,187,150,61,1.21,944.0,Cardio,30.0,1.8,2,1,23.38
39,Male,68.0,1.78,172,122,57,1.2,713.0,Cardio,26.8,3.4,2,2,21.46
54,Female,70.8,1.72,165,146,68,1.38,881.0,Cardio,30.9,2.1,2,1,23.93
47,Male,85.2,1.8,181,150,67,1.98,1331.0,HIIT,12.5,3.2,4,3,26.3
54,Male,58.3,1.68,175,120,74,0.64,316.0,Cardio,20.9,3.7,3,2,20.66
24,Male,94.4,1.97,176,134,74,1.1,797.0,HIIT,27.8,1.9,2,2,24.32
30,Female,52.8,1.5,189,131,58,1.6,1029.0,Cardio,28.0,2.3,3,1,23.47
29,Male,91.7,1.59,171,151,64,2.0,1645.0,HIIT,18.1,3.7,5,2,36.27
45,Male,97.0,1.79,181,150,65,1.44,1032.0,HIIT,23.0,3.6,2,1,30.27
35,Female,63.3,1.72,183,125,53,2.0,1151.0,Strength,21.9,3.2,5,3,21.4
59,Male,129.3,1.74,173,144,68,1.14,908.0,Strength,27.4,2.4,4,1,42.71
24,Female,45.6,1.77,189,137,54,0.9,796.0,Cardio,24.3,1.9,2,1,14.56
46,Female,61.3,1.64,171,169,60,1.46,1002.0,Yoga,24.3,1.7,4,1,22.79
37,Female,65.0,1.73,167,143,63,1.44,1024.0,Yoga,25.3,1.7,4,3,21.72
27,Female,74.9,1.58,196,120,69,1.35,651.0,Cardio,24.4,1.8,5,2,30.0
36,Male,71.6,1.91,199,145,53,0.5,505.0,Cardio,27.7,2.2,2,2,19.63
56,Female,53.1,1.85,199,155,70,1.29,990.0,Strength,31.0,2.1,3,1,15.51
40,Male,107.9,1.94,199,127,69,0.71,668.0,HIIT,28.1,2.1,2,2,28.67
27,Male,85.1,1.85,161,134,64,1.42,940.0,HIIT,25.2,3.7,4,1,24.86
55,Male,80.3,1.92,167,144,55,1.49,1135.0,HIIT,11.0,3.7,5,2,21.78
45,Female,59.8,1.56,179,141,56,1.83,946.0,Yoga,18.4,2.5,5,3,24.57
50,Female,60.4,1.66,160,158,63,1.84,1150.0,Cardio,15.5,2.5,5,3,21.92
48,Male,67.7,1.91,164,140,64,0.98,637.0,Strength,24.1,2.2,3,2,18.56
43,Male,65.8,1.88,168,127,54,1.12,639.0,Cardio,24.0,2.6,2,2,18.62
32,Female,78.3,1.64,179,133,54,1.27,940.0,HIIT,30.3,1.7,3,3,29.11
45,Male,114.5,1.83,160,130,60,1.49,998.0,Yoga,28.5,2.8,3,2,34.19
18,Female,64.8,1.57,177,163,69,0.81,586.0,Strength,33.9,2.9,3,1,26.29
38,Male,73.2,1.79,170,132,54,1.1,712.0,Yoga,24.1,3.0,2,1,22.85
55,Female,74.8,1.6,166,132,60,0.61,303.0,Cardio,33.9,2.8,2,2,29.22
35,Female,63.1,1.6,172,164,74,1.67,1337.0,HIIT,14.4,3.0,4,3,24.65
28,Male,85.5,1.71,175,148,50,1.0,985.0,Yoga,24.5,3.7,5,1,29.24
29,Male,84.0,1.72,189,128,62,1.54,1113.0,Strength,25.7,2.4,3,2,28.39
19,Female,66.2,1.57,195,160,55,1.53,983.0,Cardio,31.4,2.5,3,2,26.86
56,Male,129.9,1.93,160,130,68,1.05,653.0,Strength,24.0,2.8,2,1,34.87
28,Male,87.7,1.8,199,122,57,1.19,866.0,Yoga,31.5,3.7,4,1,27.07
23,Female,45.1,1.6,183,130,63,1.39,871.0,HIIT,33.5,1.8,5,3,17.62
39,Male,87.0,1.84,170,122,54,1.79,1178.0,HIIT,14.3,3.2,4,3,25.7
42,Male,48.1,1.6,171,141,68,1.23,763.0,Strength,20.5,2.4,2,2,18.79
35,Male,126.1,1.84,183,160,71,1.4,1163.0,Strength,30.8,2.4,3,1,37.25
37,Male,97.1,1.74,192,146,72,1.31,1063.0,Strength,22.2,2.0,3,1,32.07
32,Male,86.5,1.92,166,159,70,1.95,1395.0,Yoga,11.1,3.2,5,3,23.46
28,Male,96.3,1.88,169,147,50,0.63,482.0,Yoga,25.1,2.4,2,1,27.25
21,Female,80.4,1.68,172,137,67,1.27,974.0,Strength,30.1,2.1,3,2,28.49
34,Female,77.5,1.73,183,130,59,1.14,725.0,Cardio,30.5,2.0,4,1,25.89
24,Male,97.5,1.96,193,156,71,1.63,1225.0,Cardio,22.5,2.8,3,2,25.38
25,Male,119.4,1.88,175,120,53,1.0,691.0,Cardio,23.5,3.2,3,3,33.78
24,Male,74.7,1.63,199,137,66,0.83,836.0,HIIT,23.3,3.5,3,1,28.12
30,Male,94.6,1.98,186,143,51,1.33,1067.0,HIIT,23.6,2.9,4,1,24.13
28,Male,63.5,1.89,176,132,71,1.44,743.0,HIIT,26.7,3.7,2,1,17.78
59,Male,60.7,1.95,167,125,68,1.06,771.0,Strength,26.1,2.9,2,2,15.96
19,Male,85.2,1.94,190,131,60,2.0,1292.0,Strength,10.7,3.7,4,3,22.64
30,Female,69.0,1.8,168,161,66,0.5,454.0,Cardio,25.9,2.8,3,1,21.3
47,Male,106.1,1.73,193,132,54,0.5,330.0,HIIT,20.8,3.0,3,1,35.45
50,Female,54.9,1.65,178,136,74,0.55,440.0,Yoga,34.7,1.9,3,1,20.17
43,Male,110.0,1.63,190,169,66,1.22,1052.0,Strength,20.2,3.4,3,1,41.4
40,Male,73.4,1.93,181,139,71,1.11,929.0,Yoga,22.6,3.7,5,2,19.71
50,Female,50.1,1.85,173,158,58,1.32,888.0,Strength,32.8,2.1,4,2,14.64
27,Female,40.0,1.63,166,169,71,1.19,877.0,Cardio,24.1,1.8,4,2,15.06
25,Male,104.7,1.83,176,120,50,1.18,1009.0,Cardio,22.5,3.0,2,1,31.26
32,Female,59.7,1.62,176,160,71,0.76,699.0,Strength,25.7,2.3,3,1,22.75
26,Male,88.2,1.96,160,152,54,1.85,1496.0,Cardio,12.5,3.7,5,2,22.96
40,Female,72.9,1.68,160,120,74,0.92,708.0,HIIT,30.9,2.0,4,1,25.83
25,Male,61.3,1.81,175,146,73,1.49,1141.0,Yoga,28.0,3.3,3,2,18.71
49,Female,57.5,1.56,191,136,61,1.69,1145.0,Cardio,22.1,2.2,3,3,23.63
26,Female,71.6,1.64,175,139,66,1.24,956.0,HIIT,29.8,1.7,4,2,26.62
47,Male,44.3,1.74,170,120,69,1.4,770.0,Yoga,24.2,2.4,5,3,14.63
57,Male,117.7,1.92,188,161,50,1.42,1010.0,Yoga,30.7,2.4,3,1,31.93
40,Male,61.9,1.63,198,122,56,0.89,691.0,Cardio,27.3,3.5,2,2,23.3
23,Male,78.8,1.94,180,169,57,1.13,1033.0,Strength,19.5,2.5,3,2,20.94
39,Male,78.2,1.66,170,134,62,0.86,649.0,Cardio,27.7,3.4,3,1,28.38
20,Male,92.9,1.59,181,168,59,1.27,1173.0,Cardio,24.9,2.9,5,3,36.75
47,Male,88.7,1.63,198,166,72,1.87,1511.0,HIIT,12.5,3.5,3,3,33.38
30,Female,64.3,1.74,178,140,74,1.06,798.0,HIIT,31.1,2.6,3,1,21.24
56,Male,85.9,1.62,184,141,50,0.92,696.0,HIIT,22.1,2.9,3,1,32.73
52,Female,58.5,1.5,186,136,70,1.4,923.0,Cardio,29.0,2.5,3,1,26.0
23,Male,107.1,1.71,199,133,65,1.13,1089.0,Strength,22.9,2.2,3,1,36.63
27,Female,68.1,1.73,166,169,66,1.03,916.0,Cardio,27.6,1.5,4,1,22.75
28,Male,69.5,2.0,194,124,63,0.67,548.0,Yoga,25.0,1.9,2,2,17.38
22,Male,78.8,1.85,174,124,56,1.73,1081.0,Cardio,10.6,3.7,3,3,23.02
30,Male,84.8,1.69,192,152,74,2.0,1774.0,Strength,10.0,3.5,4,3,29.69
23,Male,76.2,1.96,180,147,71,0.79,551.0,HIIT,25.6,3.7,3,1,19.84
58,Male,53.3,1.78,173,141,69,1.56,1032.0,Strength,25.4,3.2,5,1,16.82
30,Female,48.3,1.6,162,136,56,1.14,878.0,Yoga,25.2,2.4,2,2,18.87
48,Female,57.8,1.6,199,129,62,1.36,783.0,Strength,30.7,2.5,3,2,22.58
38,Male,62.7,2.0,180,165,73,1.32,1162.0,Strength,27.2,2.6,5,1,15.68
23,Female,59.6,1.5,183,129,71,1.34,859.0,Cardio,35.0,2.3,3,1,26.49
44,Male,61.5,1.69,179,142,74,1.27,986.0,HIIT,22.6,3.6,2,2,21.53
33,Female,63.8,1.64,178,149,62,1.76,1241.0,Yoga,22.2,2.8,4,3,23.72
52,Female,42.1,1.51,180,159,56,1.36,956.0,Strength,30.4,2.3,3,1,18.46
47,Male,108.1,1.66,189,169,59,1.43,1136.0,Strength,19.9,3.1,2,1,39.23
43,Male,76.7,1.95,173,136,72,1.2,855.0,Yoga,21.0,3.7,4,1,20.17
47,Female,64.0,1.8,160,159,58,1.6,1036.0,HIIT,12.5,2.8,4,3,19.75
18,Female,66.7,1.52,167,131,57,0.82,524.0,Cardio,30.4,1.5,3,2,28.87
59,Male,94.8,1.73,197,149,55,1.03,628.0,HIIT,30.7,2.4,3,1,31.67
48,Female,67.8,1.52,179,146,58,1.27,1014.0,Strength,30.0,2.3,4,2,29.35
28,Male,75.1,1.75,167,138,66,0.83,451.0,Cardio,24.1,2.6,3,1,24.52
56,Male,89.5,1.68,182,155,64,1.3,648.0,Yoga,24.5,2.6,2,2,31.71
31,Female,62.4,1.72,182,120,74,1.72,1005.0,Strength,16.7,3.0,4,3,21.09
58,Female,74.8,1.74,175,165,52,1.12,858.0,Strength,31.3,2.1,5,1,24.71
43,Male,69.7,1.7,160,147,50,1.31,840.0,HIIT,26.1,2.0,2,3,24.12
40,Female,66.4,1.69,165,150,56,1.18,733.0,Strength,34.3,2.2,2,1,23.25
49,Male,89.0,1.79,177,154,71,1.61,1325.0,Yoga,10.8,3.3,5,3,27.78
47,Male,96.5,1.88,198,150,68,0.73,554.0,HIIT,21.8,2.9,4,1,27.3
50,Male,74.2,1.78,171,134,59,1.82,1280.0,Yoga,11.9,3.1,5,3,23.42
33,Male,66.0,1.75,199,142,68,1.01,730.0,HIIT,29.7,2.6,3,2,21.55
33,Female,60.6,1.61,182,129,54,1.96,1254.0,HIIT,16.8,2.5,5,3,23.38
36,Male,87.4,1.61,198,151,69,1.91,1550.0,Yoga,16.1,3.5,3,3,33.72
52,Male,98.5,1.67,186,143,64,0.98,740.0,Cardio,26.5,3.2,2,2,35.32
40,Female,48.9,1.55,173,131,54,1.37,740.0,HIIT,32.1,1.9,2,1,20.35
49,Male,54.2,1.71,175,123,60,1.23,805.0,Strength,19.1,3.4,4,3,18.54
33,Female,63.4,1.63,183,124,72,1.37,957.0,Strength,17.2,2.7,5,3,23.86
25,Male,83.0,1.72,186,136,53,1.8,1427.0,Yoga,14.1,3.6,3,2,28.06
21,Female,43.4,1.74,182,148,55,1.02,578.0,Cardio,27.9,2.8,3,1,14.33
27,Male,67.2,2.0,178,156,69,0.9,590.0,HIIT,29.9,3.7,2,1,16.8
18,Female,63.3,1.55,167,126,60,1.26,861.0,Cardio,24.0,2.1,4,2,26.35
21,Female,73.4,1.6,183,128,60,1.29,658.0,HIIT,27.1,2.0,4,1,28.67
46,Female,50.3,1.6,168,158,70,1.39,847.0,Strength,32.7,2.7,3,2,19.65
48,Female,50.0,1.72,173,151,58,1.28,994.0,Cardio,27.7,1.5,2,2,16.9
35,Female,61.8,1.68,161,130,53,1.47,1082.0,Strength,20.5,2.7,5,3,21.9
41,Male,81.4,1.75,178,128,64,1.1,619.0,Cardio,25.9,2.5,4,1,26.58
32,Female,66.9,1.5,173,139,58,1.35,974.0,HIIT,30.1,1.9,3,1,29.73
54,Male,72.7,1.75,169,154,69,1.14,688.0,Yoga,25.5,2.9,4,2,23.74
54,Female,74.8,1.53,188,143,74,0.82,605.0,HIIT,32.9,2.4,3,1,31.95
43,Female,54.9,1.65,181,121,52,0.94,607.0,Strength,25.2,2.3,4,1,20.17
57,Female,77.6,1.64,174,158,50,1.28,979.0,Strength,33.3,2.2,3,1,28.85
33,Female,69.9,1.71,166,164,64,1.0,930.0,Cardio,28.4,1.5,3,1,23.9
34,Male,91.8,1.54,194,143,69,1.74,1535.0,Yoga,17.5,3.3,3,3,38.71
33,Female,52.5,1.59,192,159,55,1.11,764.0,Cardio,29.7,2.1,3,2,20.77
46,Female,48.9,1.53,184,135,68,0.65,512.0,Strength,31.4,2.2,2,2,20.89
42,Female,66.0,1.73,162,155,53,1.11,877.0,Yoga,30.3,1.6,3,1,22.05
46,Male,84.4,1.96,187,139,58,1.67,1026.0,HIIT,24.1,1.5,4,3,21.97
54,Female,65.2,1.55,186,129,74,1.16,643.0,HIIT,34.3,1.5,3,1,27.14
22,Female,56.2,1.59,176,152,74,1.9,1438.0,Yoga,14.8,2.6,4,3,22.23
59,Female,79.6,1.62,190,162,69,1.2,809.0,Cardio,26.9,1.5,3,1,30.33
28,Female,70.1,1.58,176,135,53,1.55,1051.0,Cardio,27.8,2.1,4,1,28.08
59,Male,92.4,1.72,181,163,63,1.88,1239.0,Yoga,11.3,3.7,5,2,31.23
55,Female,79.5,1.75,167,136,64,1.14,738.0,Cardio,24.7,2.6,3,2,25.96
40,Male,127.7,1.69,176,155,53,1.37,841.0,Cardio,22.6,2.9,2,2,44.71
29,Male,124.6,2.0,188,158,63,1.43,1113.0,Strength,23.4,2.9,5,1,31.15
55,Female,62.0,1.65,183,120,64,1.26,724.0,Strength,33.1,2.4,4,1,22.77
43,Male,54.5,1.79,198,143,65,1.37,769.0,Cardio,26.9,3.2,5,3,17.01
23,Male,102.7,2.0,199,136,52,0.75,646.0,Yoga,26.8,3.6,2,1,25.68
38,Female,66.1,1.58,160,155,55,1.77,1261.0,HIIT,14.3,3.7,4,2,26.48
42,Male,84.4,1.83,185,139,64,1.68,1183.0,Cardio,12.3,3.3,4,3,25.2
19,Female,61.6,1.82,189,132,69,1.07,749.0,Cardio,27.6,2.0,3,1,18.6
33,Male,128.7,2.0,182,158,69,1.39,1139.0,Strength,24.6,2.9,3,1,32.17
28,Female,47.1,1.65,168,164,57,1.31,864.0,Cardio,25.6,2.2,2,1,17.3
22,Female,45.7,1.65,194,153,50,0.67,514.0,Strength,34.3,1.5,2,1,16.79
43,Female,71.9,1.66,169,136,68,0.86,548.0,Yoga,30.3,2.1,2,1,26.09
24,Female,40.9,1.61,174,168,55,0.96,863.0,HIIT,32.5,2.2,3,2,15.78
19,Female,44.6,1.53,168,136,67,0.8,389.0,HIIT,27.4,1.7,3,1,19.05
39,Male,82.6,1.87,167,131,57,1.89,1201.0,HIIT,10.0,2.1,5,3,23.62
43,Female,71.5,1.69,163,147,61,1.11,672.0,Strength,33.9,2.3,2,1,25.03
40,Female,59.9,1.54,171,136,52,1.68,1011.0,Yoga,22.4,2.6,5,3,25.26
31,Male,62.3,1.9,188,148,67,0.58,557.0,Yoga,29.3,2.8,2,2,17.26
58,Female,63.9,1.61,172,124,50,1.16,657.0,HIIT,25.8,1.6,4,1,24.65
37,Male,121.2,1.64,160,133,66,1.56,965.0,HIIT,25.3,2.7,2,3,45.06
18,Male,103.4,1.89,180,144,55,1.35,997.0,Cardio,31.5,2.5,3,3,28.95
46,Male,71.9,1.77,169,139,50,1.45,959.0,Strength,27.6,3.6,3,1,22.95
54,Male,79.9,1.9,163,148,74,1.83,1307.0,Cardio,10.1,3.6,4,2,22.13
47,Female,61.7,1.6,164,129,68,0.65,521.0,HIIT,32.3,2.2,3,1,24.1
57,Female,78.1,1.64,190,154,69,1.3,704.0,Cardio,25.0,2.0,2,2,29.04
23,Female,68.6,1.71,168,168,56,1.37,1028.0,Strength,34.0,2.0,2,1,23.46
31,Female,69.0,1.72,171,152,70,0.99,571.0,Strength,31.5,1.5,2,1,23.32
33,Female,59.7,1.74,166,130,50,1.59,1029.0,Strength,15.6,2.7,5,3,19.72
36,Male,108.7,1.58,178,149,74,1.46,1154.0,Strength,27.7,3.4,4,2,43.54
22,Female,77.7,1.9,196,131,52,1.57,1097.0,HIIT,27.1,1.5,3,1,21.52
42,Female,73.0,1.53,172,164,74,0.95,664.0,Yoga,33.5,1.5,2,1,31.18
50,Female,42.8,1.75,160,145,74,1.01,628.0,HIIT,28.6,1.5,5,2,13.98
32,Female,49.9,1.5,191,131,62,1.57,952.0,Cardio,29.3,1.7,3,2,22.18
45,Male,126.5,1.78,199,163,69,1.0,546.0,Strength,24.0,2.8,2,1,39.93
40,Male,47.5,1.59,178,155,60,0.69,489.0,Strength,27.7,2.2,3,1,18.79
23,Female,60.1,1.68,183,128,72,0.5,365.0,HIIT,29.4,1.7,2,1,21.29
33,Male,126.2,1.97,182,147,70,1.43,1060.0,Strength,22.1,2.2,5,3,32.52
41,Female,66.3,1.71,184,160,63,1.32,961.0,Cardio,31.4,1.8,4,1,22.67
32,Female,51.8,1.82,192,163,55,1.37,1282.0,Cardio,31.7,2.1,5,1,15.64
29,Male,99.8,1.82,196,128,62,1.59,1006.0,HIIT,25.4,3.1,2,3,30.13
44,Male,92.5,1.81,193,162,66,1.68,1215.0,HIIT,10.0,3.2,5,2,28.23
32,Male,103.8,1.69,161,160,56,1.34,952.0,Cardio,26.2,3.3,2,1,36.34
40,Male,81.3,1.96,185,157,74,1.77,1471.0,Cardio,11.5,3.0,5,3,21.16
42,Male,97.8,1.62,188,132,55,1.35,816.0,Yoga,24.6,3.0,4,2,37.27
49,Male,88.2,1.93,178,147,51,1.07,740.0,Cardio,27.3,3.5,2,2,23.68
50,Male,55.4,1.92,178,131,67,0.97,795.0,Yoga,28.6,3.1,3,3,15.03
26,Male,112.7,1.63,190,141,65,1.09,745.0,Cardio,29.3,3.0,2,2,42.42
24,Male,97.4,1.91,188,165,74,1.43,1279.0,Cardio,23.2,2.0,5,1,26.7
18,Female,62.8,1.55,192,127,73,1.41,818.0,Cardio,29.6,2.3,2,2,26.14
59,Female,65.0,1.78,187,136,57,1.83,1250.0,Cardio,21.9,3.1,5,3,20.52
31,Male,87.0,1.67,189,127,66,1.68,1239.0,Yoga,14.8,3.3,5,3,31.2
43,Male,85.7,1.58,172,165,50,1.91,1704.0,Strength,11.0,3.7,5,3,34.33
24,Male,108.4,1.95,162,145,51,1.08,883.0,HIIT,22.7,3.6,3,2,28.51
28,Male,92.8,2.0,161,158,52,1.79,1499.0,Cardio,12.7,3.4,3,3,23.2
32,Female,78.8,1.66,183,169,69,1.34,1012.0,Cardio,28.4,2.4,3,1,28.6
56,Male,75.9,1.9,171,141,74,0.89,581.0,Yoga,20.6,3.5,2,1,21.02
50,Female,68.1,1.76,199,140,65,1.46,891.0,Strength,28.0,2.0,3,3,21.98
33,Female,57.0,1.52,165,146,65,1.48,809.0,Strength,32.5,2.7,3,1,24.67
21,Male,117.5,1.77,195,155,52,1.34,1127.0,Yoga,25.4,3.7,4,2,37.51
44,Male,69.9,1.79,190,161,68,1.23,1023.0,HIIT,24.3,3.7,3,2,21.82
35,Male,62.2,1.62,198,126,57,0.88,664.0,Cardio,27.0,3.7,4,1,23.7
58,Female,63.5,1.73,185,120,68,1.32,844.0,Strength,35.0,2.3,2,1,21.22
58,Male,49.9,1.66,164,155,66,0.82,538.0,Cardio,28.7,2.4,3,2,18.11
29,Male,84.0,1.66,168,122,52,1.41,983.0,Strength,13.6,3.3,3,2,30.48
49,Male,46.3,1.82,170,169,52,1.56,1233.0,Yoga,25.5,2.6,3,1,13.98
23,Female,77.2,1.83,193,135,56,1.5,1000.0,HIIT,30.1,2.5,4,1,23.05
46,Female,45.5,1.77,184,134,63,0.64,329.0,Yoga,28.1,2.7,2,2,14.52
26,Male,60.5,2.0,196,140,68,1.19,1183.0,Strength,28.3,2.8,3,1,15.12
56,Male,62.2,1.64,165,148,59,1.36,895.0,Strength,22.6,1.9,3,1,23.13
18,Male,45.6,1.7,160,138,73,1.11,760.0,HIIT,18.7,2.4,3,1,15.78
41,Female,42.2,1.71,164,152,71,1.51,922.0,Yoga,31.5,1.5,3,1,14.43
27,Female,75.1,1.83,177,155,53,1.38,931.0,Yoga,24.0,1.6,5,1,22.43
34,Female,47.2,1.71,198,160,53,1.61,1186.0,Cardio,28.1,1.5,5,2,16.14
46,Female,63.9,1.59,168,154,50,1.88,1193.0,HIIT,17.5,2.3,5,3,25.28
31,Male,100.1,1.75,179,139,74,0.99,695.0,HIIT,26.9,3.5,3,2,32.69
18,Female,62.3,1.72,183,121,52,1.86,1097.0,Strength,20.4,3.4,4,2,21.06
40,Male,74.4,1.74,185,129,58,1.32,889.0,HIIT,27.6,2.0,5,1,24.57
54,Male,65.7,1.77,197,159,60,0.5,436.0,Yoga,22.1,2.9,2,1,20.97
27,Male,86.3,2.0,170,149,56,1.36,1074.0,HIIT,23.5,3.7,4,1,21.58
24,Male,48.8,1.78,195,120,71,1.21,788.0,Strength,26.3,1.8,2,1,15.4
23,Female,61.0,1.63,199,131,61,2.0,1189.0,Cardio,17.3,2.1,4,3,22.96
34,Female,58.0,1.52,162,128,53,1.85,1059.0,Yoga,12.9,3.0,4,3,25.1
26,Female,59.2,1.54,176,120,50,1.31,712.0,Strength,35.0,1.6,3,1,24.96
37,Female,57.2,1.61,171,169,64,1.15,1164.0,Strength,34.2,2.1,4,2,22.07
46,Male,83.0,1.77,192,123,67,1.5,900.0,Yoga,28.0,3.5,3,2,26.49
36,Male,62.9,1.78,196,144,74,1.13,826.0,HIIT,28.3,2.9,4,1,19.85
58,Male,78.5,1.64,193,125,55,1.46,881.0,Yoga,21.1,2.4,3,3,29.19
21,Female,45.7,1.56,175,139,64,1.51,924.0,Strength,31.0,2.6,4,1,18.78
58,Male,127.7,1.73,190,122,64,1.32,800.0,Yoga,27.1,2.6,2,2,42.67
20,Female,68.4,1.56,181,136,64,1.22,903.0,HIIT,25.6,2.2,2,3,28.11
46,Female,63.0,1.52,199,120,55,1.44,870.0,Cardio,15.8,3.0,5,3,27.27
39,Male,71.0,1.82,180,133,55,1.12,830.0,Yoga,20.8,2.9,2,1,21.43
56,Male,121.1,1.92,162,140,62,0.81,659.0,Cardio,26.5,3.6,2,1,32.85
22,Female,71.2,1.63,185,159,74,1.27,861.0,Cardio,33.5,1.5,3,1,26.8
53,Female,57.6,1.8,162,132,59,1.54,1096.0,HIIT,15.7,2.7,5,3,17.78
32,Male,73.3,2.0,165,134,67,0.5,484.0,Cardio,19.7,3.7,2,1,18.32
57,Female,49.0,1.71,177,145,62,1.23,900.0,Strength,35.0,2.0,2,1,16.76
44,Female,76.7,1.76,166,160,69,1.48,1022.0,Strength,33.6,1.7,3,3,24.76
21,Male,122.3,1.65,182,149,66,1.03,810.0,Cardio,28.3,3.7,2,1,44.92
47,Female,51.4,1.5,176,138,62,1.49,734.0,HIIT,33.4,2.2,2,1,22.84
55,Female,74.4,1.77,199,159,61,1.21,801.0,Yoga,34.9,2.5,3,2,23.75
50,Female,63.5,1.56,193,134,63,1.93,1054.0,Yoga,17.0,2.5,4,3,26.09
34,Female,49.6,1.62,197,149,56,1.39,771.0,Yoga,34.3,1.7,4,1,18.9
50,Male,62.5,1.94,181,162,64,1.14,681.0,HIIT,27.8,2.6,2,1,16.61
33,Male,98.3,1.67,188,139,72,1.3,1102.0,Strength,25.4,2.9,4,1,35.25
19,Male,91.8,1.93,176,127,70,1.05,716.0,HIIT,26.4,2.2,3,1,24.64
32,Female,59.8,1.64,169,158,68,0.8,860.0,HIIT,26.4,2.2,5,2,22.23
37,Male,89.4,1.81,174,146,74,0.84,555.0,Yoga,28.7,3.7,2,2,27.29
55,Female,61.8,1.5,169,141,53,0.88,567.0,HIIT,30.1,2.6,4,2,27.47
52,Male,62.7,2.0,182,165,64,0.93,686.0,HIIT,26.6,3.0,3,2,15.68
52,Female,64.7,1.72,182,123,70,1.35,739.0,Strength,32.2,2.7,2,2,21.87
35,Female,60.3,1.77,183,120,59,0.71,469.0,Cardio,35.0,2.3,3,1,19.25
50,Male,83.7,1.56,184,120,71,0.82,521.0,Strength,24.7,2.9,2,1,34.39
52,Female,71.6,1.56,181,169,50,0.92,760.0,Strength,33.3,2.1,3,1,29.42
27,Female,72.6,1.72,188,129,71,0.98,511.0,HIIT,30.3,1.6,3,1,24.54
59,Male,109.7,1.6,190,165,65,1.26,976.0,Cardio,18.9,2.7,2,1,42.85
26,Female,73.5,1.82,180,125,67,0.87,549.0,Yoga,32.1,1.5,2,2,22.19
58,Female,65.6,1.54,178,143,52,0.64,436.0,Cardio,23.3,1.5,3,1,27.66
49,Female,74.7,1.68,182,169,50,0.87,684.0,Strength,32.2,2.3,2,1,26.47
32,Male,77.4,2.0,160,132,55,1.51,1102.0,Strength,30.4,3.4,2,1,19.35
29,Male,122.3,1.62,169,126,56,0.81,742.0,HIIT,22.2,3.1,3,3,46.6
53,Male,87.7,1.7,193,164,69,1.32,1177.0,Yoga,27.9,3.5,2,1,30.35
25,Female,40.0,1.64,188,140,73,1.25,683.0,Yoga,33.4,2.0,3,1,14.87
32,Female,55.6,1.53,164,169,71,1.47,1401.0,HIIT,21.1,2.6,5,3,23.75
22,Male,50.8,1.7,193,168,58,0.59,530.0,Strength,32.0,2.0,4,2,17.58
42,Female,79.6,1.57,185,153,67,1.38,948.0,HIIT,30.6,1.8,3,3,32.29
23,Male,91.3,1.67,185,141,73,1.0,754.0,Cardio,25.2,3.7,2,2,32.74
54,Male,120.7,1.74,165,163,68,0.5,622.0,Strength,24.2,2.5,3,2,39.87
41,Female,63.7,1.5,198,144,69,1.94,1433.0,Cardio,19.4,2.6,5,2,28.31
49,Male,87.8,2.0,190,165,69,1.71,1581.0,HIIT,12.5,3.5,5,3,21.95
24,Male,82.7,1.89,164,128,62,1.73,1333.0,HIIT,12.7,3.2,5,2,23.15
27,Male,85.3,1.73,187,152,65,1.57,1337.0,Strength,10.2,3.0,3,3,28.5
43,Male,82.3,1.9,168,143,62,0.79,570.0,Strength,26.9,3.4,3,1,22.8
53,Female,73.0,1.54,160,146,57,0.78,499.0,Strength,30.2,2.3,2,1,30.78
20,Male,84.0,1.9,189,159,60,1.61,1431.0,Strength,11.9,3.1,3,2,23.27
53,Male,90.5,1.67,164,169,50,1.09,1235.0,Yoga,20.2,2.6,3,3,32.45
44,Female,49.9,1.68,171,164,70,1.37,971.0,Strength,30.2,2.2,4,2,17.68
19,Female,64.4,1.59,168,145,51,1.93,1392.0,Yoga,16.0,2.8,5,2,25.47
37,Female,79.1,1.75,162,166,73,1.19,886.0,Strength,30.4,1.8,5,2,25.83
33,Female,64.3,1.55,166,139,55,1.46,882.0,HIIT,28.5,1.6,3,1,26.76
43,Female,65.2,1.78,180,155,69,1.57,1026.0,Cardio,31.0,3.1,4,2,20.58
47,Male,72.6,1.88,185,156,61,1.19,988.0,HIIT,22.0,3.7,4,3,20.54
28,Female,49.4,1.5,198,136,56,1.26,960.0,Cardio,25.2,2.2,3,1,21.96
53,Male,115.4,1.97,178,121,61,0.9,646.0,Yoga,25.1,2.7,3,2,29.74
47,Male,51.7,1.72,190,157,69,1.08,643.0,Cardio,24.6,3.2,2,1,17.48
41,Female,59.8,1.79,181,164,59,1.91,1580.0,Yoga,17.0,2.6,5,2,18.66
42,Male,103.8,1.84,160,162,63,0.5,726.0,Yoga,27.9,3.0,2,1,30.66
59,Male,128.0,1.65,160,133,74,0.95,560.0,Yoga,18.8,2.4,3,1,47.02
51,Male,73.9,1.8,170,134,50,1.4,949.0,Strength,30.0,3.6,4,1,22.81
32,Female,58.2,1.63,178,123,61,1.13,805.0,Strength,33.3,1.7,3,1,21.91
41,Female,65.3,1.63,163,123,73,0.94,683.0,HIIT,28.1,1.9,2,2,24.58
29,Female,62.3,1.61,173,145,73,1.96,1321.0,Strength,15.6,2.8,5,3,24.03
58,Male,78.7,1.77,194,133,55,1.11,754.0,HIIT,22.4,3.0,3,1,25.12
18,Female,49.3,1.65,172,141,63,1.1,821.0,Yoga,31.8,2.3,2,1,18.11
33,Male,86.6,1.69,186,143,50,1.84,1434.0,Yoga,16.7,3.5,4,3,30.32
46,Female,69.4,1.58,173,151,59,1.15,919.0,Strength,25.2,2.5,3,1,27.8
45,Female,59.2,1.69,197,140,55,1.78,1040.0,Yoga,16.3,3.0,4,2,20.73
37,Male,88.0,1.65,199,152,69,1.99,1519.0,Yoga,15.0,3.5,5,3,32.32
59,Male,100.8,1.9,174,140,71,1.07,679.0,Strength,25.4,2.7,3,2,27.92
52,Male,90.7,1.83,168,155,63,1.42,1055.0,Cardio,20.8,3.2,4,2,27.08
38,Male,126.4,1.68,161,132,63,1.4,1051.0,HIIT,27.8,2.7,2,1,44.78
36,Male,87.8,1.96,190,132,62,1.54,1196.0,Yoga,11.7,3.7,5,3,22.86
50,Female,74.1,1.72,182,165,66,1.03,775.0,Yoga,34.3,1.8,2,1,25.05
25,Female,80.3,1.59,185,120,52,0.5,452.0,Yoga,33.9,1.8,2,1,31.76
54,Female,54.7,1.56,163,156,69,1.57,1267.0,HIIT,15.0,2.4,4,3,22.48
47,Female,65.9,1.67,198,129,63,0.86,522.0,HIIT,32.8,2.7,3,2,23.63
42,Male,88.3,1.9,194,159,66,1.65,1232.0,Yoga,11.3,3.2,5,3,24.46
49,Female,53.6,1.55,173,137,57,1.22,769.0,Strength,25.8,1.9,4,3,22.31
36,Female,65.7,1.81,168,141,61,1.4,974.0,Yoga,28.1,1.7,3,2,20.05
41,Female,75.8,1.69,160,166,71,1.41,895.0,Strength,28.2,2.6,4,3,26.54
37,Male,77.2,1.62,170,135,70,1.22,883.0,Cardio,23.5,2.1,3,1,29.42
49,Female,63.2,1.55,164,154,65,1.68,1049.0,HIIT,13.9,2.7,4,3,26.31
40,Male,76.3,1.69,169,164,74,1.55,1528.0,Cardio,19.2,3.0,4,3,26.71
31,Male,81.4,1.76,199,129,65,1.41,1063.0,Strength,26.6,2.0,3,2,26.28
56,Male,56.8,2.0,172,128,73,1.04,694.0,Strength,25.7,3.0,2,1,14.2
51,Female,62.3,1.54,192,136,63,1.92,1187.0,Yoga,11.6,2.4,3,3,26.27
36,Female,44.0,1.56,195,155,70,1.11,792.0,Strength,27.9,1.5,2,2,18.08
48,Male,78.1,1.74,187,129,52,1.77,1133.0,Yoga,12.9,3.2,4,3,25.8
43,Male,92.1,1.65,186,157,50,1.1,1037.0,Strength,20.7,2.7,5,1,33.83
33,Male,92.2,1.91,170,139,55,0.59,540.0,Yoga,24.7,2.1,2,1,25.27
23,Male,103.4,1.7,190,135,60,1.43,1152.0,Strength,21.2,1.7,2,1,35.78
59,Female,63.5,1.74,192,121,69,1.38,690.0,Strength,35.0,2.3,2,1,20.97
21,Female,44.1,1.7,187,122,65,1.44,855.0,HIIT,34.6,1.6,4,2,15.26
47,Female,40.8,1.74,176,138,65,0.93,517.0,Strength,26.2,2.2,3,1,13.48
59,Male,87.7,1.7,174,151,50,1.4,1054.0,Strength,30.6,1.5,2,1,30.35
54,Female,62.8,1.75,189,168,73,1.38,969.0,Strength,27.0,2.7,3,3,20.51
57,Female,79.9,1.76,199,161,62,1.09,871.0,Yoga,35.0,2.8,3,1,25.79
18,Female,45.9,1.5,187,142,53,1.12,1011.0,Yoga,34.1,2.7,2,2,20.4
51,Male,81.5,1.83,160,154,62,1.82,1486.0,Strength,17.7,3.4,3,3,24.34
40,Male,102.8,1.68,170,151,62,1.24,1027.0,Cardio,29.0,1.8,3,1,36.42
19,Male,102.9,1.93,193,154,65,1.63,1245.0,Cardio,28.3,2.1,3,2,27.62
54,Female,48.9,1.72,163,130,72,0.82,398.0,Strength,23.7,2.1,3,2,16.53
50,Male,84.8,1.82,189,147,74,1.21,1034.0,Strength,26.4,3.7,5,2,25.6
39,Female,58.4,1.71,196,147,56,1.51,1168.0,Yoga,16.1,2.7,5,2,19.97
24,Male,70.9,1.57,199,136,70,0.87,597.0,HIIT,19.8,3.4,2,2,28.76
19,Male,88.7,1.8,189,166,72,1.32,1093.0,Cardio,22.8,2.9,3,1,27.38
31,Male,67.2,1.92,170,164,51,1.59,1267.0,Strength,32.8,3.4,3,1,18.23
35,Male,104.1,1.81,199,120,62,0.74,534.0,HIIT,25.8,3.0,3,2,31.78
39,Male,63.9,1.95,173,134,59,1.01,814.0,Yoga,20.3,2.8,3,3,16.8
50,Female,76.1,1.62,195,147,68,0.99,794.0,Strength,34.8,2.4,3,1,29.0
42,Male,66.7,1.81,164,150,50,1.19,928.0,HIIT,26.9,2.9,4,2,20.36
35,Male,72.2,1.91,195,142,54,0.57,452.0,Cardio,23.7,2.4,2,2,19.79
49,Female,59.2,1.76,191,130,72,1.48,838.0,Yoga,29.5,2.6,3,2,19.11
40,Female,72.5,1.57,195,164,66,1.23,951.0,Yoga,28.0,2.4,2,2,29.41
25,Female,71.6,1.62,192,134,64,1.36,1036.0,Strength,26.9,2.0,3,1,27.28
48,Male,120.5,1.65,195,136,56,1.34,1136.0,Yoga,25.2,2.6,4,2,44.26
59,Male,67.9,1.67,190,141,58,0.65,585.0,Yoga,26.6,2.0,2,1,24.35
32,Male,126.0,1.98,184,164,61,1.3,1154.0,Cardio,27.1,3.1,4,3,32.14
39,Female,56.0,1.74,179,144,74,1.39,883.0,Cardio,29.5,1.5,3,2,18.5
35,Male,88.1,1.81,192,161,72,2.0,1627.0,Strength,10.0,3.7,5,3,26.89
38,Female,67.7,1.55,170,167,74,1.07,711.0,Yoga,31.1,1.5,2,1,28.18
42,Male,98.0,1.88,199,129,55,1.33,814.0,Cardio,27.1,3.4,4,3,27.73
51,Female,60.5,1.68,177,156,74,1.45,935.0,HIIT,30.5,1.7,3,3,21.44
28,Male,86.4,1.9,194,136,54,1.8,1317.0,Cardio,15.0,3.5,4,3,23.93
43,Male,74.2,2.0,160,169,50,0.97,421.0,Yoga,26.8,2.4,2,1,18.55
57,Female,71.2,1.57,172,138,70,1.25,973.0,HIIT,30.5,1.9,4,3,28.89
51,Female,68.8,1.81,190,162,74,1.26,1026.0,Strength,25.7,2.1,3,1,21.0
26,Male,112.8,1.9,197,162,53,1.1,931.0,Yoga,27.3,2.0,2,1,31.25
41,Female,54.7,1.74,181,162,60,1.87,1463.0,Yoga,18.3,2.6,5,3,18.07
25,Male,55.4,1.69,183,143,54,1.13,945.0,Strength,26.0,3.2,2,1,19.4
51,Female,55.4,1.56,162,140,69,1.22,621.0,HIIT,29.4,2.2,3,2,22.76
21,Male,119.2,1.65,190,132,69,0.7,660.0,Cardio,26.5,2.7,4,2,43.78
25,Female,56.2,1.61,161,149,70,1.69,1111.0,HIIT,18.8,3.5,5,2,21.68
47,Male,62.1,1.89,181,130,64,1.1,723.0,Strength,20.9,2.9,3,1,17.38
21,Male,114.4,1.87,176,141,56,1.18,856.0,HIIT,16.7,3.6,4,2,32.71
21,Male,100.0,1.85,189,157,66,1.52,1151.0,Cardio,28.5,2.6,3,3,29.22
50,Female,57.4,1.76,180,157,50,1.45,976.0,Strength,14.3,2.5,3,2,18.53
22,Male,69.5,1.65,160,154,74,1.15,1167.0,Yoga,21.3,2.2,4,3,25.53
23,Female,40.0,1.69,186,142,67,1.17,735.0,Yoga,30.9,2.7,3,1,14.01
53,Female,55.8,1.54,170,120,64,1.74,1039.0,Strength,19.6,2.6,3,2,23.53
23,Male,48.7,1.67,199,120,66,1.38,684.0,Strength,28.5,3.2,3,2,17.46
28,Female,58.5,1.69,173,120,57,0.96,664.0,Cardio,35.0,1.9,4,2,20.48
56,Male,55.8,1.65,183,169,50,0.77,708.0,Yoga,24.5,3.3,2,2,20.5
50,Male,59.7,1.76,167,164,57,1.11,953.0,Strength,22.5,2.4,2,1,19.27
28,Male,103.1,1.7,160,137,64,1.17,887.0,Cardio,28.6,3.7,2,2,35.67
25,Male,86.5,1.63,174,160,67,1.95,1722.0,Strength,10.1,3.7,5,2,32.56
40,Female,55.7,1.74,160,133,62,1.63,1072.0,Cardio,14.9,2.9,5,3,18.4
18,Male,92.9,1.97,171,126,69,1.13,814.0,HIIT,27.5,2.3,2,3,23.94
49,Female,51.4,1.77,179,131,57,0.78,484.0,Cardio,29.3,2.8,2,1,16.41
35,Female,75.2,1.67,174,136,62,0.68,350.0,Cardio,27.5,2.1,2,1,26.96
49,Female,59.9,1.69,167,151,51,1.4,1164.0,HIIT,14.4,2.7,4,2,20.97
55,Male,92.3,1.81,163,150,67,1.4,1069.0,Cardio,24.0,3.5,4,1,28.17
51,Male,83.0,1.61,160,128,68,1.74,979.0,Cardio,11.4,3.6,3,3,32.02
57,Female,65.3,1.55,160,159,65,1.36,1007.0,Yoga,32.0,2.2,3,1,27.18
50,Female,70.1,1.68,182,158,68,1.31,873.0,Yoga,33.3,2.1,2,2,24.84
59,Male,88.0,1.72,199,144,54,0.75,698.0,HIIT,29.4,2.6,2,1,29.75
33,Female,73.2,1.64,193,132,50,0.51,446.0,HIIT,29.6,2.9,2,1,27.22
38,Female,57.2,1.52,176,134,60,0.54,444.0,Yoga,30.1,2.0,3,2,24.76
27,Male,84.7,2.0,179,126,69,1.84,1295.0,Cardio,10.0,3.3,5,3,21.18
39,Male,85.4,1.82,186,136,52,1.64,1356.0,Strength,14.7,2.8,5,2,25.78
42,Female,40.0,1.67,167,138,53,0.76,498.0,Yoga,28.9,2.1,2,1,14.34
48,Female,75.9,1.54,189,149,73,0.94,606.0,HIIT,33.6,2.1,2,2,32.0
38,Male,109.1,1.85,165,162,60,0.74,635.0,Strength,28.4,3.5,2,1,31.88
29,Female,71.0,1.57,166,125,60,1.05,697.0,Yoga,33.0,2.6,3,1,28.8
56,Male,119.3,1.71,162,169,69,0.64,648.0,Strength,29.1,2.9,3,1,40.8
22,Male,81.7,1.95,188,137,73,1.89,1519.0,Yoga,14.3,3.3,4,3,21.49
39,Male,81.8,1.68,191,148,68,1.5,1147.0,Yoga,14.2,3.7,5,2,28.98
29,Female,60.8,1.57,174,123,51,1.83,1142.0,Strength,17.4,2.8,4,3,24.67
18,Female,72.4,1.8,194,142,63,1.32,813.0,Strength,33.1,3.2,4,2,22.35
28,Female,57.5,1.54,199,138,58,1.28,761.0,Yoga,26.5,2.0,3,1,24.25
32,Female,42.7,1.58,160,165,72,1.02,908.0,Cardio,26.7,1.5,2,3,17.1
46,Female,59.7,1.61,199,123,50,1.93,1073.0,Yoga,19.2,2.6,5,3,23.03
47,Male,71.5,1.92,187,165,67,1.48,1015.0,HIIT,22.6,3.7,3,3,19.4
40,Female,52.4,1.72,187,138,74,1.38,818.0,Cardio,27.5,1.5,3,1,17.71
44,Female,61.1,1.68,193,147,56,1.19,815.0,Yoga,32.2,2.6,3,2,21.65
46,Male,63.9,1.98,169,125,67,1.43,923.0,Yoga,24.8,2.7,2,1,16.3
18,Female,69.1,1.67,173,138,62,1.16,886.0,Cardio,33.2,1.5,5,1,24.78
53,Female,77.6,1.66,192,149,68,1.16,737.0,Cardio,32.1,1.8,4,1,28.16
24,Female,46.2,1.5,177,148,64,1.0,768.0,Cardio,34.7,2.3,4,1,20.53
52,Male,57.7,1.88,193,159,67,1.03,849.0,Cardio,24.2,3.2,2,2,16.33
43,Female,55.5,1.78,192,151,60,1.83,1439.0,Yoga,16.7,3.2,5,2,17.52
53,Female,65.9,1.59,193,135,50,1.15,786.0,Cardio,29.1,2.3,3,3,26.07
42,Female,49.7,1.77,166,165,50,1.23,996.0,Strength,33.1,2.8,2,1,15.86
28,Male,78.4,1.65,171,155,53,0.99,950.0,Yoga,18.3,3.7,5,3,28.8
41,Male,105.7,2.0,199,133,71,0.88,731.0,HIIT,25.9,2.9,2,2,26.42
48,Male,82.7,1.79,178,135,52,1.59,1111.0,Yoga,10.0,3.3,3,2,25.81
44,Male,50.7,1.85,188,154,69,0.88,856.0,Strength,27.5,2.7,4,2,14.81
27,Female,63.1,1.65,161,162,68,1.07,738.0,HIIT,27.4,2.8,5,1,23.18
24,Male,84.3,1.78,179,163,53,0.79,673.0,Strength,27.3,3.1,4,2,26.61
30,Male,91.0,1.84,175,141,61,1.82,1161.0,Cardio,13.6,3.7,5,3,26.88
49,Male,79.4,1.84,197,152,74,1.39,963.0,Strength,30.0,3.7,3,1,23.45
35,Female,68.8,1.67,162,153,51,1.21,1126.0,Cardio,31.4,1.5,2,3,24.67
18,Female,60.1,1.6,182,128,52,1.25,729.0,Cardio,30.4,2.2,2,1,23.48
43,Male,63.9,1.99,174,122,62,1.41,877.0,Yoga,28.2,3.2,3,1,16.14
51,Female,59.1,1.53,177,145,57,1.23,647.0,Strength,25.6,1.7,5,2,25.25
59,Male,53.2,1.87,185,153,64,1.39,1019.0,Cardio,23.2,3.6,4,3,15.21
51,Female,58.2,1.7,161,153,67,1.79,1246.0,Cardio,13.9,2.7,3,2,20.14
55,Female,71.4,1.62,171,156,67,0.5,434.0,Strength,26.6,1.5,4,1,27.21
37,Female,63.5,1.77,169,140,63,1.31,843.0,Yoga,29.7,1.5,4,3,20.27
24,Female,43.7,1.69,162,164,55,0.94,935.0,HIIT,32.1,1.8,2,1,15.3
38,Male,61.7,1.89,192,135,74,1.38,1035.0,Cardio,21.0,1.8,3,2,17.27
31,Male,75.6,1.71,161,126,67,0.87,499.0,Cardio,24.5,2.4,4,1,25.85
30,Female,52.7,1.5,175,152,54,0.92,762.0,Strength,26.3,1.8,3,1,23.42
39,Male,81.0,1.88,196,161,53,1.05,974.0,Yoga,22.8,2.4,3,1,22.92
32,Male,101.7,1.77,186,146,56,1.32,1220.0,HIIT,28.1,2.0,2,3,32.46
52,Female,67.3,1.63,189,168,51,0.72,615.0,Strength,32.0,2.1,2,1,25.33
46,Female,49.7,1.54,173,153,61,1.23,917.0,HIIT,29.0,2.0,2,3,20.96
41,Male,83.1,1.81,193,155,74,2.0,1783.0,Strength,10.9,2.8,5,3,25.37
19,Male,85.2,1.81,162,123,59,1.38,953.0,HIIT,18.7,2.8,4,1,26.01
39,Male,60.7,1.67,165,169,67,1.09,871.0,Cardio,26.9,3.4,4,3,21.76
55,Female,70.7,1.68,164,134,62,1.34,798.0,HIIT,27.3,2.2,4,1,25.05
52,Male,129.2,1.96,160,132,70,0.71,569.0,Strength,22.6,3.3,2,2,33.63
28,Female,59.3,1.54,176,158,63,1.38,1069.0,Yoga,30.9,1.6,4,2,25.0
58,Male,129.7,1.75,183,150,58,0.95,586.0,Yoga,21.8,3.0,4,1,42.35
36,Female,59.2,1.69,167,124,54,1.56,1122.0,Strength,17.7,2.3,5,3,20.73
52,Female,50.7,1.51,171,146,74,1.33,895.0,HIIT,26.2,1.5,2,2,22.24
42,Female,75.9,1.7,172,154,59,0.88,687.0,Yoga,29.3,2.2,4,3,26.26
43,Female,72.7,1.56,172,165,74,1.09,778.0,Yoga,30.0,1.5,2,2,29.87
50,Male,52.1,1.85,176,135,68,0.7,628.0,Yoga,22.9,2.3,2,1,15.22
33,Male,99.5,1.81,173,146,50,0.5,459.0,Yoga,30.0,1.8,2,1,30.37
33,Male,93.9,1.61,170,153,71,1.35,1248.0,Cardio,23.5,3.5,5,3,36.23
32,Male,127.3,1.84,174,157,72,0.99,899.0,Strength,28.1,3.7,4,2,37.6
29,Female,67.7,1.81,175,154,71,0.77,641.0,Strength,30.6,2.3,2,1,20.66
48,Female,55.1,1.59,181,140,57,1.58,915.0,Yoga,19.5,3.5,5,2,21.8
39,Male,83.9,1.76,192,152,65,1.45,1204.0,Yoga,13.1,3.7,5,3,27.09
30,Male,129.9,1.82,179,159,74,0.97,843.0,Strength,24.3,2.7,4,1,39.22
40,Female,57.8,1.72,191,147,52,1.65,1062.0,Yoga,15.1,2.5,5,2,19.54
37,Female,63.5,1.75,163,124,50,1.69,1104.0,Strength,18.0,3.0,5,2,20.73
53,Male,94.7,1.66,182,155,50,1.29,1026.0,Strength,31.0,2.3,2,1,34.37
32,Female,63.0,1.61,167,162,69,0.97,807.0,HIIT,24.3,2.8,5,2,24.3
18,Female,72.6,1.78,166,146,60,1.46,798.0,Cardio,28.7,1.5,5,1,22.91
52,Female,49.4,1.57,173,150,61,1.37,903.0,HIIT,30.2,2.2,2,3,20.04
23,Male,66.3,1.59,184,169,58,1.3,1324.0,Strength,25.6,2.9,2,1,26.23
25,Male,123.4,1.97,180,120,73,1.03,879.0,HIIT,24.2,2.4,4,1,31.8
25,Male,97.8,1.92,199,138,72,0.7,419.0,Cardio,21.5,2.0,3,1,26.53
24,Male,100.2,1.84,171,138,66,1.2,847.0,Cardio,31.5,2.5,3,1,29.6
48,Male,82.3,1.89,183,134,63,1.4,863.0,Strength,26.1,3.2,4,2,23.04
48,Female,72.5,1.69,183,169,50,1.02,706.0,Strength,33.6,1.6,2,1,25.38
29,Male,78.8,1.9,177,126,62,0.76,532.0,Strength,22.2,2.1,3,1,21.83
33,Male,111.0,1.95,175,133,53,1.28,1078.0,HIIT,22.5,3.7,3,1,29.19
52,Female,51.7,1.53,190,120,64,1.92,1109.0,Cardio,16.7,2.7,4,3,22.09
25,Male,120.0,1.61,170,139,53,1.34,1013.0,Yoga,29.6,3.5,3,1,46.29
53,Male,87.6,1.59,167,134,74,1.61,1063.0,Cardio,10.6,3.6,3,2,34.65
31,Male,86.6,1.83,181,139,55,1.47,1002.0,Cardio,29.0,1.8,4,2,25.86
29,Male,74.3,1.74,178,120,59,1.4,958.0,HIIT,24.1,2.4,5,3,24.54
22,Female,48.2,1.69,189,158,58,1.43,1177.0,Cardio,25.5,3.1,5,2,16.88
37,Female,46.3,1.72,188,140,59,1.01,737.0,HIIT,29.7,2.5,4,1,15.65
50,Female,67.9,1.57,182,139,53,0.68,536.0,Cardio,23.6,2.1,4,1,27.55
59,Female,60.2,1.66,187,158,54,1.16,725.0,Yoga,33.2,2.1,3,1,21.85
18,Male,77.1,1.62,171,130,52,1.17,972.0,Cardio,25.3,2.0,4,2,29.38
36,Female,75.4,1.76,190,141,63,1.18,774.0,Strength,24.1,1.8,4,2,24.34
34,Female,71.7,1.52,180,154,52,1.46,1179.0,Cardio,30.3,2.6,2,1,31.03
47,Male,80.3,2.0,187,132,67,1.45,919.0,Yoga,20.1,2.7,3,1,20.08
38,Female,69.9,1.5,164,139,64,1.18,813.0,Yoga,27.5,1.9,4,2,31.07
23,Female,52.6,1.63,175,120,59,1.12,593.0,Cardio,35.0,1.6,4,2,19.8
37,Female,61.6,1.59,162,158,60,1.32,1112.0,Cardio,32.1,1.5,3,1,24.37
49,Male,80.5,2.0,186,139,69,1.56,994.0,Yoga,22.0,2.1,3,1,20.12
18,Female,53.6,1.76,190,130,72,0.94,790.0,Cardio,31.6,2.4,2,1,17.3
49,Female,72.6,1.54,176,150,64,1.48,867.0,HIIT,34.9,2.3,3,2,30.61
43,Male,49.4,1.83,169,122,58,1.05,773.0,Strength,28.1,2.0,5,1,14.75
26,Female,62.7,1.5,194,122,56,1.3,713.0,Strength,25.3,1.5,3,3,27.87
31,Female,56.1,1.56,168,146,60,1.17,864.0,Cardio,34.2,2.3,4,2,23.05
53,Female,67.7,1.63,192,143,50,1.2,995.0,Strength,35.0,1.7,3,2,25.48
20,Female,54.7,1.57,185,167,67,0.55,421.0,Yoga,31.1,2.1,3,1,22.19
35,Female,52.4,1.71,184,153,50,0.81,809.0,Yoga,24.7,2.3,5,2,17.92
29,Female,41.5,1.62,192,135,68,0.94,727.0,Yoga,31.5,2.6,3,1,15.81
25,Male,118.4,1.63,186,157,61,1.6,1339.0,Cardio,20.3,2.0,5,3,44.56
31,Female,67.2,1.5,170,131,65,0.95,623.0,Yoga,32.4,1.9,4,3,29.87
18,Male,117.2,1.73,199,164,51,1.32,1148.0,Yoga,27.8,3.0,2,3,39.16
18,Female,65.0,1.51,194,130,64,0.82,585.0,Cardio,28.4,2.7,2,3,28.51
24,Male,121.9,1.85,190,161,52,0.93,695.0,Yoga,22.6,3.6,3,1,35.62
59,Male,129.7,1.68,166,146,64,1.37,989.0,Strength,28.0,2.9,2,1,45.95
55,Female,42.3,1.57,180,150,55,1.14,713.0,HIIT,29.7,2.2,3,1,17.16
43,Female,43.4,1.6,196,164,74,1.44,1034.0,HIIT,28.4,2.3,3,1,16.95
49,Male,87.0,2.0,180,156,74,2.0,1501.0,Strength,11.2,3.6,4,3,21.75
38,Female,60.2,1.78,189,124,59,0.92,545.0,Cardio,35.0,2.4,2,1,19.0
26,Male,83.4,1.86,180,134,55,1.95,1276.0,Strength,15.1,3.6,5,3,24.11
49,Male,68.5,1.62,179,120,68,1.4,773.0,HIIT,26.5,1.9,3,1,26.1
42,Female,55.3,1.66,168,148,65,1.86,1275.0,Strength,19.5,2.6,5,3,20.07
26,Female,67.3,1.79,177,125,69,0.82,578.0,Yoga,33.6,1.9,2,1,21.0
33,Male,57.3,2.0,187,129,67,1.1,798.0,Strength,23.1,3.7,5,1,14.32
40,Male,42.7,1.65,181,141,62,1.28,727.0,Strength,20.3,1.5,2,1,15.68
34,Male,106.6,1.81,176,133,55,1.2,1010.0,HIIT,30.9,3.3,3,2,32.54
39,Female,52.5,1.64,195,161,60,1.06,802.0,Cardio,28.4,2.0,3,2,19.52
23,Male,75.8,1.69,180,120,70,1.4,961.0,Yoga,22.9,3.4,3,1,26.54
36,Male,70.6,1.66,162,121,66,1.13,935.0,Strength,27.7,2.9,3,1,25.62
47,Female,69.6,1.6,186,129,71,1.33,740.0,HIIT,30.0,1.8,3,1,27.19
25,Male,81.4,1.94,173,125,69,1.8,1335.0,Cardio,10.7,3.7,4,3,21.63
42,Female,52.5,1.69,190,154,54,1.05,688.0,Yoga,35.0,2.1,2,1,18.38
48,Female,75.0,1.73,190,147,51,1.1,740.0,Yoga,27.9,2.2,3,3,25.06
18,Female,63.3,1.62,181,145,70,1.83,1425.0,Yoga,14.5,2.5,5,3,24.12
19,Female,62.5,1.57,163,166,60,1.32,1156.0,HIIT,29.5,2.2,3,2,25.36
23,Male,82.7,1.78,168,166,72,0.82,640.0,Yoga,26.2,2.5,2,1,26.1
46,Female,53.2,1.55,192,136,74,0.77,553.0,Strength,27.5,2.8,3,1,22.14
56,Male,70.8,1.6,168,150,50,1.18,1037.0,Cardio,25.6,3.7,2,1,27.66
39,Female,56.1,1.78,170,160,64,1.95,1414.0,Yoga,19.7,2.4,5,3,17.71
38,Male,50.8,1.72,198,167,65,1.28,977.0,Strength,21.7,3.2,5,1,17.17
31,Male,86.9,2.0,167,154,52,1.82,1485.0,Cardio,11.7,3.7,4,3,21.72
21,Female,78.0,1.66,177,140,70,1.51,989.0,Strength,33.8,2.3,5,2,28.31
59,Male,90.8,1.73,194,154,55,0.77,540.0,HIIT,31.5,2.2,2,1,30.34
54,Female,67.0,1.74,193,135,68,1.19,676.0,Strength,27.4,1.5,5,2,22.13
41,Female,53.1,1.73,166,140,52,1.27,897.0,Strength,29.4,2.5,2,1,17.74
49,Female,49.7,1.74,167,148,55,1.37,939.0,Cardio,27.3,1.5,4,1,16.42
59,Female,78.5,1.6,185,155,52,0.91,802.0,Strength,31.6,2.0,3,2,30.66
44,Female,69.0,1.7,161,143,66,1.42,794.0,Strength,25.1,2.6,2,3,23.88
54,Female,79.3,1.65,194,169,54,1.42,1017.0,HIIT,25.6,2.2,3,2,29.13
52,Female,78.3,1.64,163,130,54,1.28,727.0,HIIT,35.0,1.5,3,1,29.11
47,Male,95.9,1.74,183,146,68,1.25,734.0,Cardio,29.9,3.0,3,1,31.68
54,Female,58.2,1.62,166,159,74,1.6,1176.0,HIIT,18.5,2.4,4,3,22.18
42,Male,96.8,1.71,189,156,50,1.15,981.0,Strength,21.4,2.9,3,1,33.1
19,Male,129.9,1.83,160,126,57,0.67,520.0,HIIT,25.3,2.2,4,1,38.79
44,Female,66.4,1.57,186,126,68,1.88,1040.0,Strength,18.1,2.8,5,2,26.94
32,Female,50.3,1.5,189,129,71,1.11,512.0,Cardio,31.5,2.6,2,2,22.36
36,Female,60.0,1.67,187,133,56,1.89,1237.0,HIIT,16.4,2.5,4,2,21.51
21,Male,99.3,1.89,182,140,62,1.45,1032.0,Cardio,28.9,2.7,3,2,27.8
53,Male,102.6,1.58,188,133,53,0.58,341.0,HIIT,21.2,2.2,2,1,41.1
37,Female,53.3,1.63,165,155,57,1.37,1121.0,Yoga,32.6,2.5,3,1,20.06
25,Female,78.7,1.72,181,142,70,1.16,800.0,Strength,33.1,2.5,4,2,26.6
32,Female,63.6,1.63,196,167,59,1.38,1372.0,HIIT,16.1,2.8,4,2,23.94
37,Female,52.5,1.61,190,127,74,1.06,694.0,Cardio,28.7,2.2,2,1,20.25
29,Female,65.1,1.85,166,159,62,0.5,478.0,Cardio,25.7,3.1,3,2,19.02
34,Female,63.2,1.59,199,143,65,1.96,1142.0,Yoga,17.9,3.0,5,3,25.0
19,Male,109.9,1.8,166,149,69,1.3,1049.0,Strength,22.1,2.8,2,1,33.92
54,Male,86.5,1.82,177,156,57,1.74,1343.0,Yoga,13.2,3.5,4,3,26.11
59,Female,42.9,1.84,167,135,62,1.24,863.0,Strength,27.4,1.7,2,1,12.67
44,Female,53.7,1.6,168,142,60,0.66,562.0,Cardio,34.1,1.8,3,2,20.98
55,Female,62.2,1.67,185,138,61,1.84,1235.0,Cardio,18.2,2.5,5,3,22.3
48,Male,91.2,1.73,164,124,74,0.67,509.0,Cardio,22.4,2.2,2,1,30.47
31,Male,79.6,1.68,194,146,54,0.81,731.0,HIIT,31.5,2.8,4,1,28.2
40,Female,54.5,1.61,185,148,55,1.33,968.0,Yoga,30.8,1.7,3,1,21.03
45,Female,65.0,1.78,199,144,53,1.19,688.0,Strength,29.4,2.5,3,2,20.52
21,Female,66.9,1.63,169,143,62,1.04,787.0,Cardio,27.9,2.3,2,2,25.18
25,Male,83.4,1.7,199,120,62,1.18,820.0,Yoga,26.5,3.7,3,2,28.86
18,Female,60.0,1.58,180,130,52,1.06,712.0,Cardio,33.5,1.9,2,1,24.03
19,Male,124.6,1.81,193,149,62,1.06,1017.0,Cardio,19.1,3.7,4,3,38.03
18,Female,61.1,1.61,179,131,52,1.24,737.0,Cardio,30.3,2.3,2,1,23.57
18,Male,97.3,1.98,174,132,73,0.99,693.0,Yoga,26.5,3.4,2,1,24.82
38,Male,56.4,1.96,177,134,63,1.01,800.0,Strength,23.5,3.7,5,1,14.68
50,Male,49.8,1.82,199,155,61,1.63,1182.0,Yoga,21.1,3.4,2,1,15.03
31,Female,58.5,1.61,176,142,72,1.52,1209.0,Strength,18.0,3.5,5,3,22.57
22,Male,87.9,1.78,181,158,69,1.64,1426.0,Strength,10.4,3.3,5,3,27.74
29,Female,61.0,1.56,189,144,50,1.47,930.0,Yoga,26.6,2.5,4,2,25.07
59,Male,128.0,1.62,162,127,74,1.02,618.0,Yoga,22.2,2.0,2,2,48.77
56,Female,73.0,1.62,184,150,53,1.32,1021.0,Yoga,34.5,2.1,3,2,27.82
42,Male,81.3,1.79,179,134,57,1.69,1206.0,Yoga,16.0,3.6,4,3,25.37
52,Female,45.2,1.58,176,153,52,1.1,813.0,Cardio,26.3,2.5,4,2,18.11
36,Male,87.4,1.95,174,126,51,1.97,1123.0,HIIT,11.8,3.4,5,2,22.98
22,Female,44.7,1.72,168,136,51,1.72,1160.0,Cardio,26.3,2.3,4,2,15.11
47,Female,41.3,1.5,177,125,68,1.01,612.0,HIIT,27.9,2.3,2,1,18.36
53,Male,49.6,1.86,195,125,53,1.38,844.0,Strength,30.1,2.7,4,3,14.34
44,Female,40.0,1.77,185,149,53,1.54,982.0,HIIT,34.2,1.5,4,1,12.77
23,Male,87.4,1.72,190,157,74,1.96,1750.0,Strength,13.8,3.3,4,2,29.54
34,Male,76.1,1.84,190,124,50,1.54,976.0,Strength,23.4,3.1,5,2,22.48
24,Male,80.8,1.87,190,145,74,1.71,1272.0,Cardio,15.4,3.3,3,3,23.11
50,Male,71.4,1.91,194,166,60,1.49,994.0,HIIT,19.7,3.2,3,1,19.57
36,Female,59.1,1.53,186,127,69,1.29,964.0,HIIT,35.0,3.0,4,2,25.25
18,Male,99.6,1.67,199,163,72,0.92,746.0,Cardio,21.4,2.3,2,2,35.71
47,Male,97.5,1.77,176,120,66,1.47,722.0,HIIT,27.6,3.1,4,1,31.12
42,Male,69.4,1.94,172,150,74,1.28,1028.0,Cardio,28.8,3.6,5,3,18.44
59,Male,94.1,1.71,194,156,67,1.01,860.0,Yoga,22.5,3.2,3,1,32.18
38,Female,58.5,1.61,166,121,56,1.99,1012.0,Cardio,19.4,3.1,4,3,22.57
55,Female,58.4,1.5,191,158,64,1.26,794.0,Strength,33.8,1.5,4,2,25.96
21,Female,57.0,1.78,183,144,56,1.7,1177.0,Yoga,18.8,2.3,5,3,17.99
32,Female,75.2,1.63,176,120,54,1.18,788.0,Strength,30.6,1.7,3,1,28.3
30,Female,56.6,1.52,198,128,60,1.84,1250.0,Strength,18.2,3.1,4,3,24.5
35,Male,68.0,1.69,165,130,61,1.11,864.0,Strength,26.1,2.5,2,1,23.81
26,Male,85.4,1.93,192,124,60,2.0,1386.0,Strength,15.6,3.7,5,3,22.93
23,Female,60.6,1.64,180,124,52,1.15,675.0,Cardio,29.7,2.6,2,2,22.53
18,Male,75.9,1.95,188,143,54,1.08,1018.0,HIIT,28.1,2.2,3,3,19.96
50,Male,86.8,1.85,187,135,64,1.79,1233.0,HIIT,12.8,3.1,4,2,25.36
40,Male,124.7,1.86,169,120,65,1.26,739.0,Strength,24.1,3.5,4,3,36.04
21,Female,56.5,1.51,167,167,51,1.35,1143.0,Strength,30.0,2.1,3,1,24.78
23,Male,69.9,1.9,167,140,51,1.41,1127.0,Yoga,22.6,3.1,5,2,19.36
28,Female,44.9,1.53,181,132,59,1.06,732.0,Cardio,35.0,1.9,3,1,19.18
26,Male,87.9,1.87,199,137,55,1.89,1269.0,Cardio,10.8,3.6,5,2,25.14
18,Female,62.4,1.54,189,158,66,1.89,1593.0,HIIT,19.5,2.5,5,3,26.31
49,Female,61.8,1.52,189,163,66,1.41,942.0,Strength,34.1,1.5,3,3,26.75
50,Male,121.6,1.91,165,139,73,0.51,316.0,Strength,28.5,2.7,3,2,33.33
39,Female,66.5,1.6,196,145,68,1.69,1174.0,Yoga,15.5,2.3,5,2,25.98
35,Female,44.4,1.78,199,164,51,1.48,1311.0,Cardio,33.2,1.7,5,2,14.01
57,Female,68.4,1.55,182,141,54,0.88,494.0,Cardio,24.4,2.3,2,2,28.47
38,Male,101.1,1.67,182,129,74,1.02,715.0,HIIT,24.6,3.2,2,1,36.25
45,Male,60.6,2.0,172,121,60,1.56,828.0,Yoga,28.2,3.3,5,2,15.15
40,Male,87.1,1.87,165,152,72,1.87,1433.0,Cardio,11.2,3.7,3,3,24.91
32,Male,101.7,1.83,171,131,66,0.93,886.0,Cardio,27.4,3.5,2,1,30.37
44,Male,62.1,2.0,170,123,69,1.43,915.0,Yoga,22.5,3.4,3,2,15.52
47,Female,49.4,1.54,189,132,50,1.29,762.0,HIIT,30.9,2.4,5,3,20.83
57,Female,63.1,1.54,175,139,72,1.22,970.0,Cardio,16.1,3.1,4,2,26.61
33,Male,88.2,1.67,173,122,57,1.7,1048.0,Strength,17.0,3.7,3,3,31.63
54,Male,103.4,1.65,173,165,64,1.34,1119.0,Cardio,26.5,3.0,3,1,37.98
55,Male,104.6,1.61,189,145,65,1.18,897.0,HIIT,26.3,3.3,4,2,40.35
32,Male,85.9,1.69,180,127,66,1.59,1176.0,Cardio,13.1,3.7,3,3,30.08
24,Female,69.7,1.66,166,166,53,1.13,956.0,HIIT,25.9,1.5,3,2,25.29
43,Male,88.7,1.72,196,150,50,1.28,895.0,HIIT,23.8,2.9,2,1,29.98
37,Male,47.2,1.79,189,159,65,0.67,552.0,Strength,27.0,2.5,3,1,14.73
26,Female,59.0,1.5,186,159,72,1.02,685.0,Cardio,30.8,3.0,3,1,26.22
57,Female,41.9,1.71,184,135,55,1.02,583.0,Yoga,35.0,2.3,2,1,14.33
59,Male,82.3,1.72,189,152,64,1.22,924.0,Strength,26.5,3.2,4,1,27.82
35,Female,59.3,1.59,179,145,54,1.31,754.0,Yoga,30.9,2.0,4,3,23.46
39,Female,44.5,1.75,192,145,54,0.99,731.0,HIIT,31.0,2.6,4,1,14.53
22,Male,50.5,1.55,172,165,67,1.13,1041.0,Yoga,25.5,3.2,3,1,21.02
39,Male,100.9,1.81,160,162,69,0.66,578.0,Yoga,27.0,2.9,3,1,30.8
57,Male,85.9,1.79,170,163,60,1.25,864.0,Yoga,26.4,2.9,2,1,26.81
47,Female,67.3,1.63,165,129,61,0.78,447.0,HIIT,31.5,1.9,4,2,25.33
43,Male,91.6,1.9,177,149,54,1.06,712.0,Cardio,26.4,3.7,2,1,25.37
41,Female,64.9,1.5,177,127,68,1.69,874.0,HIIT,29.6,2.4,3,2,28.84
57,Male,127.9,1.62,175,169,50,1.06,871.0,Cardio,19.9,2.5,3,2,48.73
58,Male,72.8,1.82,182,161,55,1.02,1048.0,Strength,17.5,2.3,4,2,21.98
23,Female,58.8,1.5,179,123,74,1.5,1081.0,Strength,15.5,2.6,5,2,26.13
23,Male,90.0,1.55,190,158,65,1.71,1667.0,HIIT,14.2,3.0,4,2,37.46
30,Male,48.1,1.64,184,151,56,0.5,551.0,Strength,19.8,3.5,2,2,17.88
33,Male,87.6,1.69,183,130,70,1.6,1145.0,HIIT,10.5,3.4,5,2,30.67
41,Female,71.2,1.55,179,128,68,0.96,536.0,Yoga,28.4,1.5,3,1,29.64
44,Female,50.9,1.7,173,142,57,1.36,969.0,Cardio,24.3,1.8,3,1,17.61
30,Male,124.3,1.95,192,148,63,1.38,1115.0,Strength,23.1,3.2,4,3,32.69
59,Male,90.1,1.69,199,147,59,0.95,641.0,HIIT,29.1,2.3,2,1,31.55
19,Male,94.3,1.73,182,150,74,1.01,750.0,Cardio,27.2,3.7,2,1,31.51
46,Female,69.5,1.76,199,146,54,1.04,710.0,Strength,33.0,3.1,4,1,22.44
59,Male,85.8,1.79,192,124,74,1.63,922.0,Yoga,11.3,3.0,5,3,26.78
39,Male,82.0,1.66,165,152,51,1.71,1345.0,Cardio,13.9,3.2,5,2,29.76
41,Male,93.2,1.69,194,157,52,1.09,881.0,Strength,23.9,2.1,3,2,32.63
53,Male,94.2,1.82,165,149,74,1.3,828.0,Strength,28.6,2.6,4,3,28.44
45,Female,55.8,1.5,183,126,50,1.49,783.0,HIIT,28.9,1.8,4,2,24.8
21,Male,67.7,1.78,189,154,53,1.02,888.0,HIIT,23.7,1.8,4,1,21.37
54,Female,62.8,1.65,196,135,61,1.98,1211.0,Cardio,17.9,2.8,5,2,23.07
24,Male,76.9,1.69,190,150,56,0.95,689.0,HIIT,27.3,1.9,2,1,26.92
30,Male,62.7,1.85,173,164,58,1.26,986.0,HIIT,25.3,3.7,2,1,18.32
48,Male,44.9,2.0,161,163,67,1.23,1070.0,Cardio,32.8,2.0,2,1,11.22
55,Male,110.8,1.76,187,153,62,0.5,487.0,Strength,27.8,3.7,3,2,35.77
21,Male,106.3,1.76,162,149,66,1.07,1013.0,Strength,21.8,3.4,2,3,34.32
22,Female,60.2,1.6,178,149,68,2.0,1485.0,Yoga,13.8,3.1,3,2,23.52
49,Female,54.6,1.6,181,127,50,1.47,704.0,HIIT,31.3,1.9,4,2,21.33
31,Male,67.5,1.71,185,156,62,0.71,632.0,HIIT,29.6,2.6,3,2,23.08
20,Female,66.9,1.54,178,135,68,1.26,962.0,HIIT,27.7,2.5,2,2,28.21
36,Male,126.2,1.66,160,168,68,1.33,1190.0,Yoga,22.4,2.5,5,1,45.8
41,Female,61.7,1.74,190,143,68,1.23,752.0,Cardio,31.7,1.5,3,2,20.38
40,Female,66.4,1.73,196,144,62,1.07,772.0,HIIT,25.5,2.0,5,2,22.19
59,Female,75.6,1.8,166,129,53,1.53,843.0,Strength,32.6,2.4,2,1,23.33
36,Female,58.5,1.71,196,148,70,0.94,824.0,Cardio,32.3,1.5,4,3,20.01
29,Female,72.9,1.78,187,142,67,1.22,931.0,Strength,26.2,1.8,4,3,23.01
37,Male,118.7,1.56,171,128,55,1.0,738.0,HIIT,26.7,2.3,3,2,48.78
47,Male,76.4,1.79,192,134,69,1.5,946.0,Yoga,31.2,3.7,3,2,23.84
36,Female,49.1,1.5,185,148,68,1.46,906.0,HIIT,32.7,2.9,2,1,21.82
33,Female,52.0,1.7,199,163,53,1.46,1152.0,Cardio,33.8,1.6,4,3,17.99
34,Female,70.9,1.55,172,160,50,1.57,1193.0,Cardio,31.3,3.1,2,1,29.51
58,Male,57.1,1.74,177,162,64,1.27,982.0,HIIT,27.9,2.9,2,1,18.86
40,Female,64.3,1.71,161,165,60,1.39,1104.0,Cardio,32.7,1.5,4,3,21.99
36,Female,46.5,1.65,199,151,62,0.67,497.0,HIIT,32.0,1.5,2,1,17.08
22,Male,110.4,1.68,191,135,59,1.27,782.0,Yoga,29.1,3.2,2,1,39.12
30,Female,80.4,1.51,185,131,58,1.58,974.0,HIIT,27.0,2.1,3,1,35.26
32,Male,121.8,1.79,194,162,69,0.73,614.0,Yoga,27.3,3.3,3,1,38.01
44,Female,73.3,1.78,162,162,51,0.67,584.0,Cardio,31.3,2.2,2,2,23.13
25,Male,112.9,1.72,190,134,62,1.23,829.0,Yoga,24.0,2.0,3,2,38.16
26,Male,45.2,1.73,161,144,74,1.01,800.0,HIIT,21.4,2.1,2,1,15.1
18,Female,70.9,1.59,172,120,54,1.58,757.0,Cardio,26.1,1.7,2,2,28.04
40,Female,42.2,1.74,185,164,55,1.17,832.0,Cardio,32.5,1.7,4,1,13.94
23,Male,87.9,1.93,180,132,67,1.32,1037.0,Cardio,22.4,3.1,2,1,23.6
31,Female,50.8,1.65,191,157,61,1.12,685.0,Cardio,29.8,1.9,5,2,18.66
33,Male,52.8,1.7,173,127,55,1.36,908.0,Strength,28.6,1.6,2,1,18.27
47,Female,52.3,1.53,180,137,62,0.77,582.0,Cardio,26.5,1.8,3,1,22.34
54,Female,54.1,1.53,170,143,50,1.06,766.0,Strength,26.3,1.6,5,3,23.11
44,Male,61.7,1.94,193,133,74,1.27,1113.0,Cardio,23.5,2.6,2,2,16.39
50,Female,81.2,1.7,178,148,67,1.23,889.0,Cardio,35.0,2.9,2,1,28.1
57,Male,84.8,1.82,168,147,60,1.59,1066.0,HIIT,12.5,3.6,4,2,25.6
53,Male,77.8,1.66,193,133,67,1.51,960.0,Yoga,32.2,3.3,2,1,28.23
45,Female,63.0,1.62,167,126,66,1.85,1075.0,Yoga,20.9,2.3,5,3,24.01
47,Male,116.6,1.86,162,139,63,1.31,984.0,Yoga,31.3,2.5,3,3,33.7
59,Male,79.6,1.85,160,144,70,1.9,1326.0,Cardio,10.9,3.4,5,2,23.26
37,Male,68.4,1.78,189,132,59,1.2,802.0,Yoga,25.9,3.2,4,1,21.59
43,Female,65.7,1.53,160,125,52,1.09,518.0,HIIT,29.0,1.7,5,3,28.07
53,Male,89.4,2.0,164,121,58,1.75,1130.0,Cardio,15.5,3.4,3,3,22.35
43,Male,73.5,1.81,178,142,50,1.46,852.0,Strength,29.1,2.9,2,1,22.44
22,Female,71.8,1.71,166,156,61,1.54,1119.0,Yoga,26.5,1.5,3,3,24.55
37,Male,89.6,1.84,179,132,70,1.67,1324.0,Yoga,10.0,3.4,4,3,26.47
34,Male,68.5,1.75,178,168,74,1.47,1372.0,Cardio,19.8,2.4,3,1,22.37
44,Female,76.0,1.83,182,150,50,1.26,817.0,Cardio,32.2,2.4,3,1,22.69
26,Male,96.1,1.84,196,166,68,1.41,1265.0,Cardio,25.4,2.5,3,1,28.38
31,Male,110.4,1.87,194,141,62,1.36,983.0,Cardio,19.9,3.4,3,1,31.57
39,Male,94.2,1.8,189,151,64,1.41,1030.0,Yoga,27.2,3.5,3,1,29.07
40,Male,59.9,1.73,160,162,65,1.18,1003.0,Cardio,25.9,2.4,4,2,20.01
44,Female,60.7,1.5,198,120,67,2.0,1088.0,Strength,18.5,2.7,3,3,26.98
55,Male,83.3,1.92,165,166,50,1.81,1434.0,Strength,14.8,3.2,5,2,22.6
33,Male,115.8,1.9,168,131,69,0.91,886.0,HIIT,26.0,3.3,4,1,32.08
33,Female,55.3,1.66,160,147,56,1.72,1324.0,Yoga,18.5,2.2,5,3,20.07
37,Male,69.0,1.65,166,134,50,0.88,686.0,Strength,26.6,2.9,5,3,25.34
54,Female,65.5,1.51,180,165,67,1.38,961.0,Strength,35.0,2.0,4,1,28.73
42,Female,58.8,1.54,198,136,62,1.88,1066.0,Cardio,19.6,2.6,4,2,24.79
31,Female,54.2,1.6,163,125,50,1.68,1064.0,Yoga,13.7,3.0,5,2,21.17
52,Male,85.9,1.93,169,161,50,1.76,1390.0,Strength,14.2,2.5,5,3,23.06
52,Male,61.2,1.68,163,169,59,1.41,902.0,Strength,22.9,2.6,3,1,21.68
22,Female,68.8,1.52,194,133,56,1.92,1284.0,Cardio,18.2,3.1,5,2,29.78
36,Male,44.3,1.93,197,150,50,1.31,1135.0,Cardio,21.2,2.8,3,1,11.89
31,Female,80.9,1.59,186,140,58,1.0,736.0,Cardio,25.5,2.8,5,3,32.0
47,Female,44.6,1.62,184,144,73,1.29,725.0,Yoga,33.9,2.7,4,2,16.99
53,Male,83.0,1.79,170,160,59,1.63,1397.0,Yoga,15.9,3.1,4,3,25.9
53,Female,76.6,1.73,182,169,52,1.4,966.0,HIIT,24.8,1.7,3,1,25.59
52,Male,72.5,1.81,173,162,57,1.24,970.0,Strength,19.8,2.0,4,1,22.13
41,Female,40.0,1.69,188,143,55,1.45,1049.0,HIIT,30.8,2.3,3,1,14.01
18,Female,73.3,1.76,183,124,59,0.78,496.0,HIIT,27.7,1.5,3,2,23.66
38,Female,56.6,1.58,164,162,54,1.46,1122.0,Yoga,30.9,2.2,4,3,22.67
53,Female,61.4,1.51,195,145,64,1.89,1135.0,HIIT,22.5,2.7,3,3,26.93
28,Male,87.1,1.71,180,130,69,1.5,1142.0,Yoga,15.7,3.6,4,3,29.79
36,Female,61.6,1.59,193,147,68,1.58,1088.0,Yoga,17.9,3.2,5,2,24.37
59,Male,114.1,1.95,179,159,55,0.73,545.0,Yoga,19.6,3.7,4,1,30.01
45,Male,52.5,1.75,193,166,72,0.75,730.0,Cardio,23.8,2.7,2,1,17.14
23,Female,75.3,1.68,168,158,65,1.27,1078.0,Strength,28.3,2.3,4,3,26.68
23,Male,121.3,1.81,173,132,73,0.88,769.0,Strength,25.6,3.7,4,2,37.03
19,Male,86.1,1.83,193,148,70,1.62,1450.0,HIIT,11.2,3.3,4,2,25.71
26,Male,120.1,1.77,194,169,62,0.8,735.0,Yoga,27.7,3.4,2,2,38.34
34,Female,67.8,1.72,186,140,71,0.96,614.0,Yoga,31.9,1.5,4,3,22.92
45,Male,71.6,1.78,172,138,58,1.34,655.0,Yoga,22.6,3.3,3,1,22.6
35,Female,41.6,1.76,194,165,57,0.59,464.0,Cardio,24.2,2.6,2,2,13.43
59,Male,75.3,1.79,174,140,52,1.22,712.0,Yoga,26.1,2.5,3,3,23.5
41,Female,67.1,1.77,185,157,62,1.52,996.0,Cardio,32.6,2.1,3,1,21.42
33,Male,60.4,1.89,165,124,73,1.14,790.0,HIIT,23.7,3.7,3,2,16.91
18,Male,128.3,1.8,164,133,62,0.95,628.0,HIIT,28.9,1.8,3,1,39.6
21,Male,55.3,1.7,193,158,58,0.5,646.0,Strength,31.0,2.2,4,1,19.13
54,Female,62.3,1.63,197,136,65,1.63,1070.0,HIIT,18.3,3.0,3,3,23.45
33,Male,122.9,1.84,182,125,50,1.26,854.0,HIIT,26.9,3.7,3,3,36.3
49,Male,81.6,1.71,180,130,58,1.51,1145.0,Yoga,14.1,3.1,5,2,27.91
56,Male,75.5,1.92,182,126,53,0.59,476.0,Cardio,27.8,2.7,4,1,20.48
50,Female,60.6,1.75,198,169,74,1.41,925.0,Strength,27.7,2.1,3,2,19.79
28,Female,70.2,1.57,185,130,52,1.51,986.0,Cardio,27.7,2.3,4,3,28.48
26,Male,109.0,1.88,179,125,53,1.25,885.0,Cardio,22.2,3.7,2,2,30.84
52,Female,73.7,1.64,185,163,74,1.11,748.0,Yoga,32.2,2.6,3,1,27.4
22,Male,124.0,1.76,165,128,60,0.87,545.0,HIIT,28.1,1.5,3,2,40.03
44,Female,48.0,1.75,185,126,53,1.03,449.0,Yoga,29.5,2.4,3,1,15.67
26,Male,94.0,1.89,188,156,74,1.3,1222.0,Cardio,24.5,2.6,5,1,26.32
23,Female,63.8,1.63,189,126,65,0.82,444.0,HIIT,30.9,2.0,4,1,24.01
54,Male,108.1,1.71,177,163,52,1.06,791.0,HIIT,19.6,2.6,2,2,36.97
18,Female,64.8,1.59,184,120,51,2.0,1189.0,Strength,17.8,2.6,3,3,25.63
51,Female,55.7,1.75,199,156,68,1.75,1213.0,HIIT,16.3,2.5,5,3,18.19
57,Female,62.2,1.71,191,136,73,1.91,1031.0,Yoga,14.5,2.4,3,3,21.27
51,Male,77.5,1.82,178,145,54,1.72,1272.0,Yoga,14.0,3.4,4,2,23.4
40,Male,87.5,1.95,199,165,50,1.64,1412.0,Yoga,12.7,3.3,5,2,23.01
42,Male,79.6,1.94,176,150,54,1.21,819.0,Cardio,27.0,3.1,2,1,21.15
36,Male,73.1,1.8,176,166,74,1.47,1358.0,Cardio,21.3,2.1,4,2,22.56
52,Female,59.1,1.57,162,153,70,1.64,1178.0,HIIT,17.0,2.5,3,3,23.98
33,Female,72.5,1.79,172,151,54,1.35,1074.0,Yoga,28.1,1.9,5,1,22.63
27,Female,81.2,1.6,185,139,55,0.85,698.0,Cardio,26.2,2.3,3,2,31.72
28,Female,59.6,1.77,190,134,69,0.69,485.0,HIIT,30.5,1.9,4,2,19.02
22,Male,85.7,1.82,174,151,66,1.8,1392.0,HIIT,12.2,3.7,5,2,25.87
18,Female,69.8,1.69,161,128,72,1.26,715.0,Cardio,35.0,1.5,2,2,24.44
51,Male,56.7,1.78,160,136,59,1.13,840.0,Cardio,28.2,3.7,5,3,17.9
52,Male,81.4,1.79,167,130,69,1.88,1335.0,Yoga,15.0,3.7,5,3,25.4
55,Female,74.1,1.62,185,151,56,1.25,1072.0,Yoga,32.9,2.5,5,3,28.24
48,Female,61.5,1.51,195,126,71,1.98,1154.0,Strength,18.6,3.4,4,3,26.97
49,Male,105.8,1.86,170,128,59,0.86,500.0,Cardio,24.3,2.9,3,1,30.58
37,Female,56.8,1.56,185,133,59,1.17,729.0,Cardio,27.8,1.9,3,1,23.34
41,Female,45.3,1.63,173,130,50,0.87,455.0,Yoga,33.0,1.9,2,2,17.05
44,Male,53.1,1.87,172,128,58,1.14,725.0,Strength,26.6,2.6,4,1,15.18
21,Male,105.4,1.62,179,168,62,1.39,1428.0,Cardio,23.4,2.6,5,1,40.16
40,Male,69.3,1.85,168,126,62,1.29,738.0,Cardio,28.5,3.5,3,2,20.25
18,Male,68.2,1.55,172,169,69,1.25,1290.0,Strength,25.9,3.0,3,1,28.39
39,Male,87.9,1.95,186,139,64,1.6,1178.0,Yoga,10.0,3.4,5,3,23.12
56,Male,129.9,1.67,182,164,50,1.15,896.0,Cardio,19.3,2.0,3,2,46.58
55,Female,66.7,1.75,174,133,54,0.53,303.0,Cardio,25.0,1.9,2,2,21.78
58,Male,85.1,1.92,191,137,73,1.17,840.0,Yoga,25.3,1.9,4,3,23.08
53,Female,53.0,1.65,189,129,69,1.21,741.0,Yoga,30.4,2.1,3,3,19.47
42,Male,82.6,1.77,164,169,56,1.36,1118.0,Cardio,28.5,3.0,4,2,26.37
51,Female,42.5,1.64,165,164,65,0.89,681.0,Yoga,25.0,1.6,3,2,15.8
20,Female,67.2,1.58,169,145,52,1.83,1409.0,Yoga,16.9,2.6,5,3,26.92
50,Male,86.8,1.87,195,146,74,1.36,973.0,Strength,28.8,3.0,4,1,24.82
22,Male,119.3,1.84,181,123,66,1.11,684.0,Strength,26.7,3.2,5,3,35.24
26,Male,99.6,1.67,177,132,63,1.64,1118.0,Strength,27.9,2.4,4,1,35.71
30,Female,72.1,1.78,165,125,65,0.93,640.0,Strength,34.6,2.6,2,2,22.76
29,Male,89.7,1.6,180,140,61,2.0,1658.0,HIIT,16.0,3.7,5,2,35.04
36,Male,88.3,1.95,171,122,53,1.81,1112.0,HIIT,14.8,3.1,5,2,23.22
49,Male,84.9,1.77,186,139,52,1.74,1294.0,Yoga,12.5,3.6,3,3,27.1
38,Female,62.1,1.54,191,141,72,2.0,1475.0,Cardio,16.6,2.8,5,3,26.18
38,Male,112.8,1.86,166,135,67,1.39,918.0,HIIT,24.4,3.6,3,2,32.6
48,Female,45.0,1.64,193,139,74,1.27,766.0,HIIT,25.1,2.0,3,2,16.73
38,Male,73.4,1.8,182,123,60,1.02,760.0,Cardio,28.2,2.5,4,3,22.65
32,Male,107.6,1.56,166,132,57,1.05,646.0,Cardio,21.4,3.7,4,2,44.21
44,Male,71.4,1.96,176,144,50,1.22,1000.0,Cardio,27.1,2.2,3,1,18.59
35,Female,73.3,1.57,179,164,54,1.4,1132.0,Cardio,32.3,2.3,4,1,29.74
53,Male,45.5,1.74,199,151,74,1.48,1131.0,Strength,27.1,3.3,2,2,15.03
23,Male,91.3,1.85,163,159,64,1.5,1364.0,Strength,15.2,3.3,5,2,26.68
28,Male,129.4,1.83,170,155,67,1.14,933.0,Strength,23.0,3.4,5,1,38.64
59,Female,52.4,1.7,191,120,74,1.52,851.0,Strength,32.0,2.4,3,1,18.13
42,Female,69.2,1.6,170,122,56,1.12,533.0,HIIT,26.4,2.1,4,3,27.03
53,Male,103.9,1.93,184,125,63,0.78,532.0,Cardio,23.4,2.4,2,1,27.89
38,Female,68.6,1.71,185,149,59,1.06,1009.0,HIIT,27.3,1.9,5,3,23.46
45,Female,75.5,1.78,171,138,58,1.56,768.0,Yoga,33.8,1.9,3,3,23.83
40,Male,101.0,2.0,189,146,74,1.21,1164.0,Yoga,19.8,2.5,3,1,25.25
48,Female,59.0,1.63,174,159,57,1.38,1021.0,Strength,15.9,2.9,4,3,22.21
19,Female,71.6,1.67,183,158,61,1.18,830.0,Strength,29.8,1.9,2,3,25.67
34,Male,51.8,1.76,167,132,50,1.55,960.0,Strength,22.4,3.1,5,3,16.72
39,Male,73.9,1.91,171,156,69,1.0,622.0,Strength,28.1,2.4,3,1,20.26
38,Female,70.7,1.67,178,152,63,1.2,736.0,Yoga,30.8,2.2,2,2,25.35
34,Male,99.0,1.77,194,120,66,0.92,520.0,HIIT,20.7,2.8,2,1,31.6
23,Male,69.2,1.57,198,144,72,0.8,630.0,HIIT,16.4,3.3,3,2,28.07
22,Male,111.0,1.99,198,136,50,1.02,621.0,Yoga,25.0,3.7,2,1,28.03
31,Female,62.3,1.58,172,120,51,1.23,843.0,Strength,34.7,2.4,4,1,24.96
21,Male,113.0,1.61,182,165,60,1.61,1461.0,Cardio,22.8,3.3,5,2,43.59
42,Male,92.5,1.7,187,153,50,1.1,912.0,Strength,20.1,2.7,5,3,32.01
40,Male,85.4,1.79,194,159,70,2.0,1769.0,Strength,11.9,3.3,5,2,26.65
26,Female,72.8,1.71,195,143,74,1.34,798.0,Cardio,35.0,2.3,2,2,24.9
31,Female,55.8,1.59,179,141,73,1.8,1306.0,Strength,18.8,3.3,3,3,22.07
34,Female,76.4,1.73,194,135,50,1.1,857.0,Cardio,26.6,2.1,3,1,25.53
30,Male,61.3,1.62,180,129,66,0.65,513.0,Cardio,24.3,3.4,2,2,23.36
23,Female,59.2,1.77,173,132,59,0.98,646.0,Yoga,32.6,1.6,4,2,18.9
30,Male,108.8,1.91,169,129,57,1.29,921.0,Strength,27.3,3.5,2,2,29.82
27,Female,60.9,1.7,188,127,67,1.06,867.0,Yoga,27.2,1.5,3,2,21.07
47,Male,93.4,1.72,168,129,71,0.9,456.0,Cardio,23.4,2.9,2,2,31.57
24,Male,129.9,1.77,168,165,58,1.44,1126.0,Strength,28.9,3.2,3,1,41.46
39,Male,50.2,1.73,165,130,59,1.15,697.0,Strength,28.2,1.5,4,2,16.77
43,Female,77.5,1.75,160,157,73,1.23,869.0,Strength,28.9,2.5,3,2,25.31
18,Female,55.1,1.6,192,139,64,1.19,865.0,Strength,28.4,2.1,4,3,21.52
55,Male,86.3,1.6,196,126,62,1.51,858.0,Strength,21.4,3.3,3,3,33.71
24,Male,82.9,1.65,168,154,59,1.97,1672.0,HIIT,11.8,3.5,3,2,30.45
32,Female,73.8,1.56,191,120,69,1.16,710.0,Cardio,26.1,1.8,3,1,30.33
35,Female,41.6,1.76,179,127,56,1.22,760.0,Strength,26.0,1.5,3,1,13.43
42,Male,62.4,1.6,191,141,70,1.32,952.0,HIIT,24.4,3.2,3,1,24.37
22,Female,64.3,1.82,163,138,61,0.87,639.0,Cardio,26.6,3.1,2,2,19.41
43,Male,84.6,1.85,190,132,63,1.68,1060.0,HIIT,10.0,3.7,5,3,24.72
18,Male,87.7,1.72,190,155,71,1.17,1176.0,Cardio,21.0,3.0,2,2,29.64
21,Female,66.4,1.76,160,135,55,1.03,585.0,Cardio,27.1,2.2,4,1,21.44
52,Female,40.1,1.53,177,133,67,0.82,699.0,HIIT,27.6,3.0,3,1,17.13
27,Female,59.9,1.82,193,120,57,0.5,406.0,Yoga,33.0,2.3,4,1,18.08
50,Female,53.2,1.5,199,142,64,1.49,934.0,Cardio,30.5,1.9,2,1,23.64
41,Female,77.7,1.81,163,164,68,1.27,915.0,Strength,28.7,2.8,5,1,23.72
19,Male,101.2,1.71,198,158,73,0.85,784.0,Cardio,22.9,2.2,2,2,34.61
19,Female,68.1,1.69,199,162,58,1.54,1264.0,Yoga,29.2,1.7,2,1,23.84
53,Female,76.9,1.79,199,163,62,0.94,799.0,Yoga,31.3,2.6,2,2,24.0
51,Female,70.5,1.62,163,159,70,0.5,426.0,Strength,29.8,1.7,3,1,26.86
55,Male,102.9,1.63,194,140,61,1.26,972.0,HIIT,28.1,3.3,4,1,38.73
47,Female,41.8,1.6,160,159,68,1.02,663.0,Yoga,25.5,1.7,5,2,16.33
43,Female,71.0,1.63,178,149,60,1.24,828.0,Strength,35.0,1.5,2,2,26.72
36,Female,46.2,1.62,163,130,50,1.17,691.0,HIIT,31.8,2.0,3,1,17.6
18,Female,68.6,1.56,182,128,74,1.23,826.0,Cardio,30.9,2.3,2,1,28.19
26,Male,80.0,1.62,174,162,56,1.81,1672.0,Strength,16.1,3.7,3,3,30.48
31,Male,73.6,1.76,163,138,62,0.67,456.0,Cardio,25.0,2.4,4,1,23.76
47,Female,50.3,1.61,174,150,63,1.07,897.0,HIIT,29.8,1.5,2,3,19.41
30,Male,73.9,1.95,169,132,53,1.46,1054.0,Cardio,23.9,3.5,3,2,19.43
57,Male,78.5,1.81,167,139,69,1.78,1314.0,Cardio,10.1,3.5,5,3,23.96
22,Male,74.6,1.63,160,154,74,1.31,1063.0,Yoga,18.6,2.1,2,3,28.08
37,Female,63.9,1.7,184,130,52,1.9,1208.0,Strength,20.3,2.4,3,2,22.11
30,Male,120.0,1.98,165,130,68,0.57,515.0,Yoga,23.4,2.8,2,2,30.61
27,Male,109.1,1.77,174,120,72,1.63,1038.0,Cardio,27.1,2.9,3,2,34.82
32,Female,57.3,1.55,191,134,53,1.99,1205.0,Strength,23.4,3.1,4,3,23.85
51,Female,66.8,1.57,196,136,60,1.95,1180.0,HIIT,17.4,2.2,4,3,27.1
53,Male,126.2,1.78,184,131,72,1.45,833.0,Strength,20.3,2.6,3,3,39.83
25,Female,57.1,1.63,188,122,52,1.83,1083.0,HIIT,18.6,3.3,4,2,21.49
28,Male,50.0,1.73,193,120,65,1.28,694.0,Strength,25.7,3.0,4,3,16.71
52,Female,68.7,1.5,171,120,62,1.84,911.0,Yoga,15.4,2.7,3,3,30.53
50,Male,92.4,1.64,182,136,74,1.64,1232.0,Cardio,11.2,3.4,5,2,34.35
55,Male,57.1,1.7,168,164,60,1.14,951.0,HIIT,26.3,2.7,3,1,19.76
38,Male,103.3,1.65,166,159,57,1.08,918.0,Cardio,30.5,3.4,2,2,37.94
50,Male,70.2,1.67,162,166,57,1.45,1208.0,HIIT,29.1,2.1,4,2,25.17
30,Female,73.0,1.59,192,136,54,0.5,462.0,HIIT,25.8,3.1,2,2,28.88
54,Male,103.4,1.73,191,128,52,1.13,748.0,Yoga,26.1,2.6,2,2,34.55
55,Male,90.5,1.77,194,148,51,0.91,636.0,HIIT,25.8,2.5,2,1,28.89
46,Female,63.2,1.58,187,127,68,1.76,1131.0,Strength,23.3,3.2,3,2,25.32
36,Male,88.0,1.97,186,130,66,1.53,1227.0,Yoga,10.0,3.1,4,3,22.68
39,Male,111.3,1.71,169,146,64,1.57,1067.0,Cardio,28.4,2.2,2,1,38.06
43,Male,76.6,2.0,188,141,66,1.52,910.0,Yoga,23.2,3.2,4,1,19.15
53,Male,91.3,1.89,176,143,50,1.01,649.0,HIIT,27.6,3.3,2,1,25.56
20,Female,69.5,1.6,192,155,70,1.45,1064.0,HIIT,34.7,1.9,2,1,27.15
28,Female,55.1,1.77,174,157,67,1.56,1202.0,Yoga,15.8,2.5,3,3,17.59
38,Female,69.4,1.72,181,122,50,1.4,923.0,Strength,27.8,2.0,5,2,23.46
43,Male,58.8,1.82,160,123,68,1.13,597.0,Strength,19.9,1.7,3,2,17.75
18,Male,84.1,1.85,161,159,71,0.92,743.0,Yoga,31.6,2.7,3,2,24.57
44,Male,82.1,1.81,164,123,62,2.0,1164.0,HIIT,10.3,3.3,4,3,25.06
28,Male,112.3,1.9,179,137,50,1.21,929.0,HIIT,23.5,3.7,3,1,31.11
32,Female,77.6,1.55,184,127,52,1.81,979.0,HIIT,29.2,2.0,3,1,32.3
51,Male,106.9,1.8,197,132,63,1.16,759.0,HIIT,20.8,3.6,2,2,32.99
24,Male,52.1,1.66,196,165,58,0.59,567.0,Strength,30.0,2.0,3,2,18.91
46,Female,54.5,1.55,164,120,50,1.9,951.0,Cardio,20.3,2.8,5,3,22.68
40,Male,75.8,1.89,188,165,66,1.6,1044.0,HIIT,24.5,3.4,3,1,21.22
24,Female,42.1,1.71,166,128,58,1.56,1009.0,Cardio,30.9,2.0,5,1,14.4
29,Female,63.2,1.64,178,120,50,1.39,993.0,Cardio,22.5,3.7,3,3,23.5
43,Male,84.8,1.86,188,154,64,1.54,1091.0,Yoga,14.5,3.6,5,3,24.51
29,Female,75.0,1.75,195,150,66,1.23,817.0,Strength,25.4,1.8,3,2,24.49
48,Male,63.2,1.67,199,147,51,1.29,1037.0,HIIT,17.3,1.8,3,2,22.66
22,Male,91.3,1.75,180,147,73,1.02,791.0,Cardio,27.6,3.7,2,1,29.81
23,Male,73.5,1.95,166,142,50,1.34,1069.0,Yoga,24.3,2.7,3,2,19.33
45,Male,123.7,1.97,184,166,59,1.07,906.0,Yoga,23.8,2.4,4,2,31.87
28,Female,49.4,1.54,193,127,57,1.5,888.0,Cardio,25.4,1.6,3,2,20.83
32,Female,55.8,1.56,190,133,52,1.95,1285.0,Strength,16.7,3.1,5,3,22.93
39,Female,67.2,1.54,195,151,65,1.52,1111.0,Yoga,15.7,2.8,5,3,28.34
46,Female,73.7,1.76,182,154,52,1.24,832.0,Yoga,26.9,2.1,5,2,23.79
51,Female,66.7,1.58,180,144,64,1.43,1022.0,Strength,28.2,1.5,5,2,26.72
46,Female,51.6,1.75,163,167,54,1.1,1029.0,Strength,26.5,2.7,4,2,16.85
22,Female,59.2,1.53,167,169,60,1.62,1107.0,HIIT,32.1,2.7,2,2,25.29
22,Female,74.2,1.72,160,169,74,1.3,1010.0,Strength,26.4,1.6,3,2,25.08
24,Male,128.1,1.91,167,146,58,0.78,578.0,Cardio,25.8,1.9,3,1,35.11
47,Male,71.1,1.79,180,168,73,1.16,1120.0,HIIT,24.2,3.0,3,1,22.19
23,Female,53.7,1.53,165,164,52,1.34,1098.0,Strength,31.4,2.0,5,3,22.94
28,Male,122.7,1.99,177,138,61,0.74,484.0,Yoga,23.2,3.0,2,1,30.98
33,Male,122.0,1.78,170,163,50,1.46,1178.0,HIIT,27.9,2.2,2,2,38.51
49,Female,68.1,1.78,165,138,70,1.67,884.0,Strength,26.9,2.0,3,2,21.49
38,Male,49.4,1.73,190,138,53,1.08,801.0,Yoga,24.6,2.6,4,2,16.51
31,Male,50.5,1.76,168,130,54,1.22,1036.0,Strength,23.3,2.6,5,3,16.3
59,Female,64.0,1.76,189,150,51,0.94,731.0,Yoga,32.8,2.4,4,2,20.66
47,Female,53.2,1.62,186,130,74,0.89,566.0,Strength,28.2,2.1,3,2,20.27
30,Male,68.3,1.98,170,163,56,1.16,948.0,HIIT,25.0,2.3,2,1,17.42
57,Male,88.7,1.74,190,125,63,1.2,713.0,Strength,31.6,2.6,4,2,29.3
37,Male,85.2,1.87,166,145,58,0.71,542.0,Strength,30.7,3.5,3,2,24.36
37,Male,71.9,1.93,181,167,67,0.83,717.0,Strength,29.2,2.7,2,2,19.3
45,Female,58.6,1.51,199,135,59,1.92,1151.0,Cardio,20.6,2.5,3,3,25.7
37,Male,129.5,1.86,183,167,67,1.03,1151.0,Strength,30.3,3.1,4,1,37.43
33,Male,88.0,1.96,160,152,72,1.71,1329.0,Yoga,10.3,3.6,5,2,22.91
46,Female,68.2,1.66,192,120,65,1.11,648.0,HIIT,31.2,1.5,5,2,24.75
21,Female,66.2,1.61,171,120,56,1.43,950.0,Cardio,22.3,2.0,2,1,25.54
25,Male,57.4,1.71,173,154,57,1.41,863.0,Strength,28.1,3.2,4,1,19.63
26,Male,75.7,1.84,167,145,55,1.57,986.0,Yoga,20.0,2.7,3,1,22.36
57,Female,52.6,1.55,186,131,72,1.27,711.0,Yoga,34.3,1.8,5,1,21.89
34,Male,98.6,1.95,190,132,54,1.38,1065.0,HIIT,26.1,3.5,3,2,25.93
31,Female,80.4,1.69,179,165,64,1.36,1035.0,Cardio,26.5,2.6,4,1,28.15
22,Female,58.1,1.79,189,130,73,0.5,416.0,HIIT,29.0,1.9,2,1,18.13
51,Male,67.8,1.76,184,164,56,1.26,953.0,Strength,17.9,2.4,4,3,21.89
39,Male,66.9,1.77,185,140,63,1.11,849.0,HIIT,25.1,3.1,2,2,21.35
25,Male,125.2,2.0,174,123,68,1.18,701.0,HIIT,27.3,2.6,3,1,31.3
44,Male,68.4,1.67,179,167,67,1.42,1189.0,HIIT,22.0,3.2,3,2,24.53
40,Female,53.2,1.5,162,127,50,2.0,1001.0,Cardio,14.6,2.5,4,3,23.64
35,Male,70.6,1.98,199,130,58,0.83,445.0,Yoga,27.2,3.1,3,1,18.01
19,Male,72.0,1.97,199,153,62,1.09,947.0,Yoga,24.8,2.9,3,2,18.55
40,Male,124.3,1.82,174,161,71,1.12,1189.0,Strength,31.8,2.5,2,3,37.53
29,Male,97.4,1.63,176,130,57,1.66,1033.0,Strength,28.8,3.3,4,2,36.66
38,Male,107.1,1.97,180,155,68,0.59,638.0,Cardio,21.7,2.0,2,2,27.6
45,Male,47.4,1.78,181,168,59,1.26,1217.0,Yoga,26.3,1.7,2,1,14.96
44,Female,54.0,1.73,169,160,74,1.05,720.0,Strength,31.6,2.7,4,2,18.04
31,Male,102.2,1.74,192,121,61,0.91,613.0,HIIT,24.2,2.8,2,1,33.76
45,Female,65.1,1.63,166,153,74,0.58,443.0,Cardio,35.0,1.5,3,1,24.5
31,Female,77.7,1.6,183,156,61,1.06,898.0,Strength,31.0,2.1,3,3,30.35
41,Male,82.1,1.79,187,145,69,1.77,1133.0,Yoga,10.9,3.7,5,3,25.62
35,Male,61.1,1.97,176,146,50,1.24,1010.0,Cardio,21.6,2.7,3,1,15.74
50,Female,49.5,1.73,171,158,55,1.34,861.0,Strength,31.0,1.5,4,2,16.54
47,Male,78.2,1.81,165,153,72,1.17,1252.0,HIIT,13.9,3.5,4,3,23.87
36,Female,64.8,1.66,185,162,57,1.85,1415.0,HIIT,12.7,3.0,4,3,23.52
18,Female,48.1,1.75,189,169,57,1.24,955.0,Cardio,31.1,2.2,3,2,15.71
22,Male,123.8,1.76,192,151,68,1.07,832.0,Cardio,29.2,3.7,2,1,39.97
49,Male,86.1,1.73,160,133,66,1.85,1203.0,Cardio,14.1,3.7,5,3,28.77
25,Female,65.7,1.83,165,120,64,1.11,684.0,Strength,35.0,2.4,3,1,19.62
57,Female,63.0,1.84,176,151,70,1.76,1078.0,HIIT,16.2,2.7,5,3,18.61
20,Male,84.1,1.76,178,128,57,1.56,1119.0,Cardio,11.2,3.5,5,3,27.15
35,Female,59.5,1.56,182,152,70,0.95,610.0,Yoga,31.9,2.2,2,2,24.45
33,Female,65.8,1.82,160,149,66,1.73,1485.0,Strength,14.9,2.5,5,3,19.86
18,Male,116.3,1.61,186,135,65,0.86,707.0,Cardio,24.5,3.2,2,2,44.87
47,Female,61.1,1.61,193,123,64,1.18,899.0,Strength,35.0,2.8,4,3,23.57
45,Male,87.7,2.0,167,121,55,1.84,1244.0,Cardio,18.1,3.5,5,3,21.92
55,Male,87.1,1.76,188,135,68,1.46,1065.0,Strength,10.0,3.7,4,2,28.12
18,Male,106.7,1.88,181,137,57,1.48,1075.0,Cardio,26.8,2.6,3,3,30.19
43,Male,72.9,1.62,186,139,71,0.62,303.0,Strength,27.2,3.0,4,1,27.78
23,Male,61.1,1.81,161,148,62,1.36,1190.0,Strength,30.0,3.3,4,3,18.65
27,Male,68.5,1.88,179,161,60,1.18,955.0,HIIT,21.9,3.1,4,1,19.38
26,Male,114.4,1.81,175,123,65,0.98,799.0,Strength,25.4,3.4,3,1,34.92
22,Male,98.4,1.92,177,140,62,1.63,1043.0,Cardio,31.5,3.4,4,1,26.69
51,Male,87.8,1.96,169,157,50,1.76,1416.0,Strength,12.6,2.5,5,2,22.86
47,Male,114.7,1.73,184,142,57,1.37,972.0,Yoga,25.9,2.9,3,3,38.32
34,Male,111.1,1.96,172,135,56,1.0,987.0,HIIT,20.5,3.3,3,1,28.92
39,Male,72.3,1.99,172,158,65,0.83,627.0,Strength,27.5,1.7,2,1,18.26
19,Male,88.0,1.56,199,120,69,1.75,1214.0,HIIT,11.1,3.7,5,2,36.16
59,Male,80.9,1.63,187,154,66,1.02,833.0,Strength,25.1,3.7,5,1,30.45
46,Male,84.5,1.87,185,153,56,1.23,1040.0,HIIT,21.8,1.7,5,2,24.16
33,Female,72.6,1.79,189,139,57,1.11,747.0,Cardio,25.1,2.3,4,1,22.66
18,Male,83.1,1.84,168,166,72,0.78,712.0,Yoga,29.6,2.9,2,1,24.55
34,Male,43.2,1.77,192,160,69,0.54,569.0,Strength,28.2,3.4,3,2,13.79
36,Male,95.8,1.74,188,149,52,1.12,980.0,Strength,17.4,2.0,4,1,31.64
36,Male,109.1,1.59,161,130,54,0.89,702.0,Cardio,25.3,3.5,4,3,43.15
46,Male,68.0,1.74,162,162,67,1.17,862.0,Cardio,27.2,2.7,2,2,22.46
19,Male,81.2,1.84,188,145,71,1.51,1283.0,Cardio,12.2,3.7,3,2,23.98
40,Male,53.9,1.93,199,140,70,1.32,1055.0,Cardio,26.5,2.5,4,3,14.47
42,Male,89.8,1.64,174,142,50,1.21,841.0,Cardio,26.5,3.0,3,1,33.39
50,Male,51.2,1.73,168,154,58,1.45,877.0,Cardio,27.2,2.5,3,1,17.11
57,Male,57.1,1.75,164,153,71,0.76,617.0,Cardio,24.7,3.0,2,1,18.64
24,Female,76.2,1.78,192,158,55,1.79,1165.0,Yoga,29.0,1.5,4,1,24.05
25,Male,90.0,1.53,199,121,70,1.71,1021.0,HIIT,10.5,3.7,5,3,38.45
50,Male,56.4,1.72,163,151,62,0.99,831.0,Strength,19.2,2.1,3,1,19.06
30,Male,69.2,1.98,183,155,74,0.87,661.0,HIIT,25.0,3.7,2,1,17.65
18,Female,64.0,1.62,182,130,54,1.83,1161.0,Strength,15.5,2.8,4,3,24.39
31,Male,55.3,1.62,179,130,55,1.62,997.0,Strength,28.6,2.0,3,1,21.07
38,Male,86.9,2.0,185,141,62,1.69,1146.0,Yoga,10.0,3.1,5,3,21.72
28,Male,87.3,1.75,166,145,68,1.23,962.0,Strength,30.4,3.5,3,1,28.51
41,Male,68.1,1.82,193,162,62,1.32,1021.0,HIIT,21.9,3.6,3,2,20.56
37,Female,45.5,1.69,190,138,55,1.16,796.0,HIIT,28.4,3.0,4,1,15.93
53,Female,40.7,1.64,190,143,71,0.95,681.0,Yoga,34.8,2.6,4,3,15.13
27,Female,60.4,1.5,174,126,55,1.5,766.0,Strength,31.5,1.6,2,2,26.84
48,Female,54.9,1.8,196,135,74,1.48,801.0,Yoga,29.9,2.6,5,2,16.94
44,Female,40.2,1.73,182,142,50,1.57,1082.0,HIIT,33.1,2.1,4,2,13.43
32,Male,110.5,1.71,177,157,74,1.58,1093.0,Strength,27.1,3.6,3,2,37.79
23,Female,40.0,1.67,167,133,50,1.49,990.0,Cardio,26.3,1.7,3,3,14.34
30,Female,60.4,1.54,182,123,69,1.68,1158.0,Strength,16.0,3.0,5,3,25.47
32,Female,63.5,1.67,174,126,54,0.89,563.0,Cardio,34.6,1.8,3,1,22.77
47,Female,44.4,1.61,162,164,69,0.87,652.0,Yoga,26.0,1.9,5,2,17.13
30,Female,74.5,1.56,169,122,58,1.03,639.0,Yoga,35.0,2.9,4,1,30.61
57,Male,109.9,1.76,183,124,50,0.93,708.0,Yoga,24.8,3.5,2,3,35.48
18,Female,58.1,1.62,180,156,50,1.66,1476.0,Cardio,16.5,2.7,5,3,22.14
46,Male,61.0,1.89,180,134,68,1.07,798.0,Yoga,28.2,3.0,5,3,17.08
46,Female,57.2,1.77,178,166,60,1.81,1444.0,Yoga,17.4,2.6,4,3,18.26
46,Male,86.8,1.57,185,120,63,1.02,423.0,Strength,23.2,3.3,2,1,35.21
42,Female,64.9,1.79,179,153,61,1.5,1010.0,HIIT,34.2,1.5,3,1,20.26
53,Female,66.2,1.56,186,140,56,1.71,915.0,Strength,33.9,1.5,2,1,27.2
30,Male,111.4,1.96,195,161,58,1.2,868.0,Yoga,25.8,2.6,3,1,29.0
52,Male,96.0,1.64,175,154,51,1.38,1040.0,Strength,24.6,2.2,2,1,35.69
24,Male,102.3,1.81,193,163,66,1.58,1289.0,Cardio,25.2,2.9,3,1,31.23
36,Female,55.6,1.71,170,146,60,2.0,1343.0,Strength,18.1,2.6,4,3,19.01
31,Male,64.5,1.74,199,148,74,0.86,870.0,HIIT,30.9,2.2,4,3,21.3
55,Male,68.9,1.88,163,149,72,1.19,828.0,Yoga,26.5,2.0,3,2,19.49
57,Male,93.5,1.66,162,169,55,1.36,1093.0,Yoga,20.8,2.0,2,1,33.93
47,Male,120.1,1.91,175,165,55,1.1,790.0,Yoga,24.9,1.8,4,2,32.92
21,Female,71.9,1.79,197,163,72,1.38,943.0,HIIT,34.4,2.0,2,1,22.44
47,Male,59.5,1.86,188,137,70,1.12,798.0,Yoga,28.7,3.6,4,1,17.2
55,Female,64.2,1.5,163,167,68,1.99,1337.0,HIIT,19.3,3.1,4,3,28.53
35,Female,51.7,1.63,189,135,74,1.15,724.0,HIIT,28.5,2.7,2,1,19.46
50,Male,99.6,1.81,199,143,58,1.15,981.0,Yoga,19.6,2.5,2,1,30.4
30,Female,49.5,1.67,170,159,66,1.16,984.0,Yoga,28.6,2.1,4,2,17.75
31,Male,77.4,1.93,175,147,69,1.35,898.0,Strength,32.5,2.4,3,3,20.78
39,Female,54.4,1.52,185,138,53,1.54,1118.0,HIIT,13.2,2.6,5,2,23.55
39,Female,59.9,1.76,160,128,50,1.78,1088.0,Strength,15.7,2.9,4,2,19.34
39,Male,100.8,1.91,198,133,50,0.92,641.0,Yoga,20.7,2.8,3,1,27.63
53,Female,59.1,1.51,176,144,66,1.27,935.0,Cardio,24.7,2.7,4,1,25.92
47,Male,90.7,1.79,182,152,63,1.23,1032.0,Yoga,27.2,3.1,2,2,28.31
39,Male,68.7,1.8,185,123,67,1.11,689.0,Cardio,27.0,2.4,4,1,21.2
25,Male,51.1,1.95,160,121,67,1.21,727.0,Yoga,32.6,2.4,4,1,13.44
28,Female,40.4,1.64,163,163,59,1.11,776.0,HIIT,33.3,1.9,3,1,15.02
49,Female,55.1,1.53,194,120,60,1.71,920.0,Cardio,17.8,2.3,5,3,23.54
52,Female,69.8,1.54,199,165,61,1.18,795.0,Cardio,30.6,1.8,2,1,29.43
19,Male,84.4,1.87,164,132,57,1.34,991.0,HIIT,21.5,2.3,2,2,24.14
39,Female,61.5,1.83,180,167,61,1.98,1454.0,Yoga,18.0,2.2,5,2,18.36
54,Male,84.8,1.88,185,126,73,1.41,902.0,Yoga,12.7,3.5,5,3,23.99
42,Male,46.3,1.8,193,162,64,0.55,592.0,Strength,30.5,2.8,4,1,14.29
45,Male,95.0,1.82,165,125,70,1.46,885.0,Cardio,21.6,3.1,4,1,28.68
49,Female,52.2,1.62,162,162,70,1.21,924.0,Strength,32.9,2.4,3,3,19.89
52,Male,112.8,1.92,190,162,50,1.64,1162.0,Yoga,31.9,2.4,5,2,30.6
56,Female,61.5,1.79,173,149,59,1.12,731.0,Strength,34.9,1.5,2,1,19.19
26,Male,80.2,2.0,184,168,65,1.02,986.0,Strength,21.2,2.6,2,2,20.05
55,Female,68.9,1.67,175,142,60,1.13,604.0,HIIT,25.8,2.0,5,1,24.71
18,Female,44.7,1.53,184,147,50,1.34,917.0,Yoga,34.0,1.8,3,2,19.1
56,Female,47.7,1.63,173,150,58,1.34,794.0,Cardio,27.1,2.5,5,1,17.95
39,Male,110.9,1.6,164,138,58,1.15,712.0,Cardio,23.6,3.5,5,2,43.32
32,Female,45.6,1.65,196,156,65,0.72,444.0,HIIT,30.6,2.5,3,1,16.75
35,Male,96.7,1.93,183,133,51,1.44,1013.0,HIIT,25.9,3.6,3,3,25.96
42,Female,56.2,1.51,187,155,74,1.24,735.0,Strength,27.5,1.9,4,1,24.65
59,Male,51.3,1.93,183,161,56,1.05,849.0,Strength,24.3,2.7,4,2,13.77
45,Female,73.3,1.64,177,151,63,1.22,1003.0,Yoga,30.0,2.3,4,1,27.25
30,Male,105.2,1.67,178,148,70,0.67,450.0,Cardio,26.3,3.0,3,1,37.72
45,Male,54.0,1.76,169,132,67,1.56,867.0,Yoga,23.1,3.7,2,3,17.43
31,Female,62.9,1.56,176,133,65,1.11,721.0,Strength,34.8,2.6,4,1,25.85
29,Male,73.6,1.84,173,161,72,1.32,965.0,Strength,23.8,2.4,2,3,21.74
24,Male,114.5,1.61,184,164,60,1.4,1332.0,Cardio,22.7,2.5,5,1,44.17
43,Male,43.5,1.75,169,154,65,1.45,833.0,Yoga,24.4,2.4,2,2,14.2
28,Female,57.2,1.65,165,140,64,1.3,925.0,Cardio,35.0,1.5,4,2,21.01
24,Female,49.8,1.62,185,144,58,1.02,689.0,Cardio,26.9,2.6,2,1,18.98
51,Male,71.5,1.73,160,169,59,1.62,1197.0,HIIT,29.0,2.6,2,3,23.89
59,Male,50.5,1.76,171,135,66,1.59,1047.0,Strength,22.4,2.4,3,3,16.3
46,Female,78.5,1.71,177,154,64,1.57,791.0,Cardio,34.3,2.7,2,1,26.85
25,Female,57.0,1.63,176,165,68,0.77,675.0,Strength,31.9,1.8,2,1,21.45
47,Male,89.7,1.92,169,137,55,1.22,681.0,Cardio,27.6,3.7,3,2,24.33
51,Female,73.9,1.85,160,142,65,1.28,923.0,Strength,26.9,2.1,2,1,21.59
46,Female,56.1,1.77,179,169,59,2.0,1484.0,Yoga,16.6,2.4,3,2,17.91
55,Female,70.1,1.68,174,158,54,1.42,890.0,Strength,34.9,2.3,5,3,24.84
21,Male,90.2,1.62,199,120,64,1.59,1004.0,HIIT,10.0,3.7,4,3,34.37
34,Female,80.0,1.6,168,126,74,1.21,838.0,Yoga,25.4,2.5,5,1,31.25
23,Male,113.1,1.92,187,161,55,1.12,910.0,Yoga,23.6,2.4,2,1,30.68
34,Female,63.5,1.62,184,127,54,1.42,955.0,Cardio,21.0,3.2,5,3,24.2
49,Female,66.7,1.55,187,126,65,0.98,606.0,HIIT,30.1,1.5,3,1,27.76
55,Male,54.6,1.58,172,124,73,0.5,303.0,Cardio,17.4,3.3,3,1,21.87
54,Female,49.8,1.53,199,150,62,1.34,852.0,Cardio,29.3,1.9,4,3,21.27
42,Male,69.3,1.78,162,151,50,1.29,848.0,HIIT,28.2,3.0,4,3,21.87
53,Male,88.9,1.72,160,143,68,1.53,1088.0,Cardio,10.3,3.6,5,2,30.05
45,Female,45.1,1.71,189,134,74,1.21,792.0,HIIT,26.9,2.0,5,2,15.42
28,Female,54.1,1.6,169,125,61,1.14,524.0,Cardio,34.6,2.4,3,1,21.13
40,Female,69.8,1.76,190,120,55,1.05,835.0,Strength,29.3,1.6,2,1,22.53
59,Male,124.4,1.69,163,155,72,1.34,941.0,Strength,30.4,3.0,3,2,43.56
58,Male,46.3,1.92,192,164,51,1.16,768.0,Strength,24.8,3.5,2,1,12.56
56,Male,58.1,1.63,176,122,74,0.75,303.0,Cardio,17.3,3.7,2,1,21.87
28,Female,73.6,1.65,198,144,72,1.16,905.0,Cardio,33.9,1.8,3,3,27.03
23,Male,61.0,1.8,161,144,69,0.69,405.0,Strength,21.0,2.0,4,1,18.83
44,Male,76.5,1.96,183,167,69,0.93,645.0,Strength,30.7,2.3,2,1,19.91
19,Female,70.7,1.8,199,161,55,1.48,1177.0,Yoga,29.5,2.1,3,1,21.82
59,Male,90.9,1.75,182,169,71,1.5,944.0,Strength,26.9,3.3,2,2,29.68
37,Male,109.9,1.76,189,159,70,1.11,1068.0,HIIT,28.7,3.6,2,2,35.48
20,Male,81.8,1.98,173,133,72,1.75,1287.0,Cardio,11.2,3.0,4,3,20.87
18,Female,67.8,1.56,188,123,54,0.74,699.0,Strength,27.7,2.2,2,1,27.86
18,Female,56.2,1.77,171,132,70,0.5,303.0,HIIT,33.5,1.8,3,2,17.94
52,Male,46.7,1.69,173,120,71,1.64,841.0,Yoga,22.7,2.1,3,2,16.35
54,Male,51.1,1.82,188,161,68,1.0,811.0,Cardio,25.0,3.3,3,3,15.43
44,Male,46.2,1.65,180,139,62,1.24,828.0,Strength,20.8,2.2,2,2,16.97
53,Female,52.7,1.57,169,151,69,1.35,893.0,HIIT,29.1,2.3,3,3,21.38
50,Male,87.2,1.78,189,160,64,1.69,1210.0,Yoga,29.6,3.0,2,2,27.52
54,Male,44.9,1.72,199,123,74,0.98,690.0,Cardio,27.6,2.8,2,2,15.18
30,Female,65.5,1.5,192,126,57,1.33,738.0,Strength,26.1,2.6,5,2,29.11
49,Male,57.7,1.66,160,140,67,1.51,917.0,Yoga,21.6,3.7,4,2,20.94
45,Male,67.7,1.85,184,162,65,1.45,1115.0,HIIT,23.3,3.5,4,3,19.78
32,Female,47.7,1.57,192,166,69,1.07,961.0,Strength,25.0,1.6,3,1,19.35
54,Female,82.2,1.52,186,137,54,0.67,382.0,Strength,32.3,2.5,2,2,35.58
59,Female,60.3,1.54,166,129,52,1.8,1025.0,Strength,16.1,3.0,4,2,25.43
20,Male,84.1,1.73,173,160,72,0.96,694.0,Yoga,29.2,3.1,2,2,28.1
19,Male,68.2,1.75,176,148,50,1.04,1004.0,Yoga,24.2,3.3,3,3,22.27
22,Male,92.3,1.89,188,165,74,1.56,1162.0,Cardio,23.0,2.4,4,1,25.84
56,Female,70.8,1.51,184,140,69,0.58,555.0,HIIT,25.4,2.0,3,1,31.05
50,Male,86.1,1.97,186,151,74,1.81,1490.0,Strength,15.3,3.2,4,2,22.19
40,Female,53.8,1.52,172,139,59,0.5,348.0,Yoga,31.2,2.1,3,1,23.29
20,Female,57.2,1.77,193,129,73,0.68,405.0,HIIT,28.0,1.8,2,1,18.26
49,Male,87.8,1.8,173,152,61,1.58,1405.0,Yoga,13.8,3.4,4,2,27.1
45,Female,65.1,1.75,161,143,54,1.32,847.0,Yoga,26.8,2.0,2,1,21.26
38,Female,61.3,1.75,175,146,64,1.61,1187.0,Strength,22.1,2.4,3,3,20.02
55,Male,103.2,1.78,190,135,62,1.29,885.0,HIIT,18.6,3.6,3,1,32.57
27,Male,85.9,2.0,160,127,56,1.17,983.0,Strength,30.7,3.1,3,1,21.48
34,Male,116.1,1.68,170,130,61,1.12,772.0,Cardio,26.2,3.2,3,1,41.14
40,Male,45.8,1.77,199,169,62,0.96,900.0,Strength,18.4,2.7,3,3,14.62
18,Male,96.2,1.68,199,163,72,0.87,763.0,Cardio,19.5,2.0,2,1,34.08
59,Male,91.4,1.71,190,165,70,1.32,1060.0,Strength,25.7,3.3,2,3,31.26
56,Female,49.5,1.61,194,153,69,1.55,1144.0,HIIT,29.0,2.5,3,2,19.1
52,Female,59.7,1.67,182,121,68,1.5,852.0,Strength,17.8,3.3,5,2,21.41
37,Female,64.3,1.79,175,155,67,0.6,573.0,Strength,28.8,1.7,3,1,20.07
37,Female,54.8,1.5,189,131,57,1.1,714.0,Cardio,26.4,2.3,4,2,24.36
40,Female,55.8,1.67,181,153,58,1.86,1534.0,Yoga,22.1,3.1,5,3,20.01
19,Male,108.3,1.93,160,152,52,1.33,1109.0,Strength,20.5,2.9,3,2,29.07
27,Female,40.0,1.62,160,157,67,1.28,934.0,Cardio,26.7,1.8,2,1,15.24
58,Male,76.3,1.72,176,125,56,1.11,637.0,Strength,29.5,1.9,3,2,25.79
50,Female,52.9,1.59,194,162,62,1.54,1192.0,HIIT,34.2,1.7,3,3,20.92
31,Male,86.0,1.64,177,122,51,1.25,1106.0,Strength,15.2,3.4,4,3,31.98
26,Male,120.2,1.98,171,137,61,0.71,533.0,Yoga,20.6,2.6,3,1,30.66
23,Female,46.1,1.67,187,141,52,0.83,685.0,Cardio,26.6,2.1,2,1,16.53
21,Male,112.9,1.93,166,139,56,1.2,851.0,HIIT,17.0,3.7,2,1,30.31
38,Male,66.1,1.68,178,157,59,1.56,1270.0,Cardio,21.3,3.7,3,2,23.42
56,Female,60.0,1.68,195,135,64,2.0,1213.0,Cardio,19.0,3.3,5,2,21.26
23,Male,49.1,2.0,172,127,51,0.75,566.0,HIIT,24.9,2.6,3,1,12.28
41,Male,85.0,1.63,162,142,53,1.01,851.0,Cardio,29.0,2.3,3,1,31.99
24,Male,118.2,1.69,174,134,56,1.27,883.0,Yoga,31.3,2.8,2,1,41.39
23,Female,50.6,1.57,162,146,63,1.21,1001.0,Cardio,35.0,2.2,5,2,20.53
54,Female,54.6,1.71,175,124,50,1.4,856.0,Yoga,30.9,1.5,2,1,18.67
57,Male,72.6,1.87,165,152,69,1.31,762.0,Yoga,22.6,1.9,3,2,20.76
33,Male,125.5,1.68,189,134,74,1.24,974.0,Cardio,23.1,1.9,5,3,44.47
43,Female,71.6,1.6,161,158,50,1.4,1055.0,Cardio,30.6,1.5,3,2,27.97
22,Male,55.5,1.68,171,169,70,1.15,1086.0,Yoga,25.3,3.3,4,1,19.66
33,Male,104.3,1.74,177,138,58,1.4,1061.0,Strength,29.8,2.5,3,1,34.45
44,Female,55.4,1.63,197,152,74,0.99,754.0,Strength,27.6,1.7,2,1,20.85
38,Female,53.7,1.52,164,125,56,1.84,1012.0,Cardio,18.2,3.0,3,3,23.24
35,Male,63.0,1.62,191,166,59,1.69,1175.0,Strength,21.0,3.1,3,1,24.01
24,Female,46.3,1.5,163,131,64,0.5,469.0,HIIT,27.3,2.1,3,1,20.58
32,Female,54.3,1.79,175,149,61,1.61,1180.0,Strength,21.7,2.4,5,3,16.95
47,Female,53.1,1.61,167,165,71,1.25,1013.0,Strength,35.0,1.9,3,2,20.49
50,Male,87.9,1.9,170,155,66,1.47,1316.0,Yoga,23.7,3.1,2,1,24.35
40,Male,51.4,1.76,198,142,50,1.13,968.0,Yoga,23.5,2.4,4,3,16.59
34,Male,110.9,1.77,191,161,74,1.07,946.0,HIIT,24.6,3.5,3,1,35.4
18,Male,85.9,1.94,160,133,61,1.39,910.0,HIIT,20.5,2.5,4,1,22.82
54,Male,84.1,1.76,178,121,51,1.04,802.0,Cardio,22.8,1.5,3,3,27.15
29,Male,122.1,1.98,184,120,72,1.18,784.0,HIIT,26.8,2.7,2,2,31.14
46,Female,74.3,1.59,171,138,67,1.23,801.0,Yoga,27.2,1.8,4,2,29.39
53,Female,73.3,1.59,181,143,50,0.76,424.0,Cardio,22.6,1.5,2,2,28.99
37,Female,55.1,1.52,194,126,74,1.03,641.0,Cardio,31.9,2.4,3,2,23.85
57,Male,58.9,1.8,161,141,54,1.19,849.0,Cardio,26.1,3.1,4,3,18.18
51,Female,56.1,1.52,175,120,64,1.88,1008.0,Strength,15.1,2.4,5,3,24.28
41,Male,122.7,1.77,163,154,50,1.53,1253.0,HIIT,27.9,2.9,2,1,39.16
37,Male,65.0,1.71,190,130,56,0.81,739.0,Cardio,27.4,2.6,4,1,22.23
36,Male,98.0,1.76,192,142,74,1.16,1003.0,Strength,25.6,2.5,4,3,31.64
24,Male,51.7,1.96,169,134,56,0.8,616.0,HIIT,25.3,2.0,3,1,13.46
55,Male,109.0,1.7,184,130,54,1.0,775.0,Yoga,25.3,2.1,4,2,37.72
48,Female,68.7,1.72,168,164,74,1.03,507.0,HIIT,24.9,2.4,3,1,23.22
41,Male,74.1,1.73,196,138,73,1.1,804.0,Cardio,21.9,2.8,3,1,24.76
50,Male,119.9,1.6,198,154,50,0.79,362.0,Cardio,24.6,2.1,2,1,46.84
22,Male,87.1,1.92,162,127,60,1.86,1267.0,HIIT,10.9,3.5,5,3,23.63
34,Male,72.1,1.64,170,139,70,1.34,1015.0,Cardio,20.5,2.4,5,1,26.81
22,Male,109.1,1.97,186,139,72,1.56,1034.0,Cardio,24.6,2.0,3,1,28.11
41,Male,57.7,1.75,191,151,62,1.33,970.0,HIIT,25.2,3.2,4,3,18.84
41,Female,68.1,1.75,160,151,53,1.36,835.0,Yoga,30.1,2.0,3,1,22.24
18,Female,73.9,1.73,193,156,71,1.08,1003.0,HIIT,35.0,2.5,3,1,24.69
33,Female,55.6,1.57,170,122,69,1.42,974.0,Strength,24.3,1.7,2,1,22.56
18,Male,120.6,1.66,182,132,67,0.74,686.0,Cardio,20.9,2.7,3,1,43.77
24,Female,60.1,1.53,185,157,68,1.29,855.0,Cardio,30.2,1.8,2,2,25.67
55,Male,86.6,1.86,160,147,57,1.45,1105.0,Cardio,11.0,3.4,4,3,25.03
30,Male,61.7,1.68,198,126,71,1.17,682.0,Yoga,25.3,1.8,2,1,21.86
21,Male,50.9,2.0,170,120,72,1.04,781.0,Yoga,28.1,2.1,4,2,12.72
59,Female,47.4,1.62,192,127,73,1.11,772.0,Strength,30.9,2.0,3,2,18.06
41,Male,86.3,1.84,167,146,63,0.76,575.0,Strength,27.8,3.7,2,1,25.49
33,Male,124.4,2.0,182,159,59,0.9,1022.0,Cardio,26.3,3.2,5,1,31.1
34,Female,50.0,1.52,180,141,68,1.12,826.0,HIIT,33.3,2.0,2,1,21.64
44,Male,53.4,1.59,175,151,60,0.71,411.0,Strength,28.5,2.7,3,1,21.12
36,Female,68.0,1.65,160,148,50,1.15,1021.0,Cardio,34.0,1.5,2,3,24.98
21,Male,69.3,1.95,193,154,60,1.23,899.0,Yoga,24.0,2.6,2,3,18.22
40,Male,113.0,1.72,196,155,73,1.45,993.0,HIIT,27.8,3.7,2,1,38.2
43,Male,77.2,2.0,170,169,62,1.27,955.0,Cardio,30.9,2.3,3,2,19.3
49,Male,89.5,1.6,171,145,69,0.85,484.0,Strength,26.7,3.0,2,1,34.96
49,Female,77.7,1.5,196,136,54,0.73,533.0,Strength,29.8,2.0,4,2,34.53
38,Male,45.5,1.82,194,157,64,0.64,538.0,Strength,29.6,2.7,3,1,13.74
46,Female,57.7,1.6,190,157,70,1.29,953.0,HIIT,35.0,2.6,4,1,22.54
39,Male,68.9,1.76,184,122,64,1.17,622.0,Cardio,28.0,2.2,3,1,22.24
48,Male,42.1,1.85,181,162,57,1.37,1069.0,Yoga,22.7,2.4,4,2,12.3
18,Female,65.3,1.63,188,124,64,1.06,684.0,Cardio,30.6,2.1,2,1,24.58
59,Female,62.9,1.56,169,120,51,0.9,618.0,HIIT,27.4,2.3,4,1,25.85
55,Female,71.1,1.56,186,167,67,1.07,789.0,HIIT,35.0,2.5,2,2,29.22
52,Female,73.4,1.6,184,143,66,1.27,786.0,Strength,32.1,1.6,3,1,28.67
34,Male,92.3,1.68,177,155,72,1.94,1560.0,HIIT,10.4,3.2,5,3,32.7
40,Male,85.3,1.81,165,156,74,1.4,1153.0,HIIT,14.5,3.7,5,3,26.04
18,Female,63.8,1.7,182,166,70,0.66,467.0,Strength,33.3,2.7,3,2,22.08
33,Female,67.9,1.65,183,141,71,1.13,696.0,Yoga,32.9,1.5,4,2,24.94
42,Male,79.4,1.73,192,147,68,1.63,1184.0,Yoga,15.5,3.1,5,2,26.53
33,Male,78.2,1.81,195,126,60,1.41,857.0,Yoga,28.8,3.2,4,1,23.87
50,Male,109.7,1.56,181,169,66,1.53,1202.0,Strength,21.2,3.7,2,1,45.08
38,Female,70.6,1.5,172,130,56,1.44,961.0,HIIT,30.4,2.2,2,2,31.38
51,Male,65.1,1.76,168,134,62,1.27,765.0,Yoga,26.0,2.1,5,3,21.02
57,Female,69.4,1.5,160,131,65,1.2,789.0,HIIT,25.4,2.1,4,3,30.84
20,Male,90.6,1.73,191,164,71,1.47,1283.0,Strength,10.8,3.1,4,3,30.27
59,Male,52.3,1.7,167,169,51,0.86,1088.0,HIIT,30.4,2.7,3,2,18.1
57,Female,81.9,1.64,179,150,53,1.08,685.0,Strength,34.3,2.0,3,1,30.45
50,Female,54.6,1.57,187,143,67,0.74,586.0,Cardio,27.5,1.5,2,1,22.15
23,Male,108.9,1.96,173,151,50,0.96,832.0,Cardio,27.9,3.6,5,3,28.35
23,Female,47.4,1.66,173,144,60,0.93,695.0,Yoga,29.6,2.2,4,1,17.2
48,Male,52.7,1.86,191,162,74,1.11,1002.0,Strength,25.0,2.9,4,1,15.23
50,Male,85.5,1.72,178,159,66,1.8,1367.0,Strength,13.6,2.7,5,2,28.9
38,Male,59.1,1.82,189,144,64,1.3,956.0,Cardio,25.7,2.9,3,3,17.84
18,Male,122.0,1.83,188,149,66,1.37,1074.0,Cardio,21.0,2.8,2,3,36.43
39,Male,94.7,1.97,191,154,59,1.53,1221.0,Cardio,24.3,2.2,3,2,24.4
59,Female,59.1,1.68,164,158,74,1.61,1183.0,HIIT,13.9,2.7,5,2,20.94
29,Female,79.3,1.72,163,162,61,1.39,1106.0,Yoga,24.4,1.5,2,2,26.81
50,Male,119.4,1.88,188,132,73,1.07,809.0,HIIT,22.0,3.0,5,2,33.78
51,Female,54.6,1.79,160,136,56,1.58,850.0,HIIT,22.0,2.7,4,2,17.04
29,Female,62.4,1.65,162,158,67,0.94,792.0,HIIT,25.8,2.6,5,3,22.92
51,Female,79.9,1.62,162,128,54,1.23,731.0,HIIT,31.0,2.0,4,1,30.45
33,Female,61.1,1.55,179,128,50,1.88,1136.0,Strength,17.4,2.7,5,2,25.43
56,Male,53.4,1.75,160,132,56,1.37,825.0,Cardio,29.2,3.7,3,1,17.44
25,Male,90.9,1.57,192,121,66,1.84,1199.0,HIIT,10.0,3.7,5,3,36.88
25,Male,59.1,2.0,193,130,66,1.54,973.0,Strength,28.0,3.4,4,3,14.78
52,Female,65.8,1.66,186,162,50,0.78,780.0,Strength,32.8,1.5,4,1,23.88
31,Male,110.5,1.78,189,122,66,1.17,1003.0,HIIT,26.0,1.8,3,3,34.88
45,Female,61.3,1.82,176,154,66,1.33,1124.0,Cardio,32.6,1.9,4,1,18.51
18,Female,75.9,1.61,177,123,55,0.81,582.0,Cardio,27.9,1.7,2,2,29.28
45,Male,52.9,1.85,190,152,74,1.02,842.0,Strength,28.2,2.3,3,3,15.46
25,Male,101.1,1.88,167,156,64,1.21,959.0,Strength,21.4,2.7,3,2,28.6
52,Male,47.5,1.64,194,153,61,1.51,1139.0,Yoga,22.8,3.2,3,2,17.66
53,Female,67.1,1.52,172,144,56,1.47,955.0,Strength,31.7,1.9,4,3,29.04
59,Male,105.5,1.68,184,169,65,1.32,1047.0,Cardio,19.8,3.4,2,3,37.38
37,Male,72.7,1.64,170,140,63,1.2,870.0,Cardio,20.1,1.5,3,2,27.03
18,Male,75.9,1.93,187,140,55,1.44,942.0,HIIT,28.2,2.4,4,3,20.38
28,Male,103.0,1.92,191,139,54,1.5,986.0,HIIT,23.6,3.6,4,1,27.94
38,Female,61.8,1.6,161,120,56,1.67,984.0,Cardio,16.7,2.5,4,3,24.14
44,Female,68.7,1.77,187,151,50,0.95,771.0,Yoga,26.9,1.7,3,2,21.93
30,Female,60.4,1.62,183,124,74,1.77,1043.0,Strength,17.7,2.3,4,3,23.01
57,Male,93.9,1.92,178,141,52,1.05,657.0,HIIT,32.6,3.0,3,1,25.47
47,Male,105.1,1.76,190,143,55,1.34,760.0,Yoga,20.8,3.0,2,1,33.93
52,Male,101.0,1.7,197,127,60,0.58,357.0,HIIT,23.1,3.0,3,1,34.95
29,Male,90.0,1.68,189,162,65,1.76,1633.0,HIIT,10.0,3.3,4,3,31.89
26,Male,81.0,1.99,160,151,50,1.52,1321.0,Strength,13.1,3.3,4,3,20.45
48,Male,80.4,1.77,178,123,61,1.61,1233.0,Yoga,11.7,3.6,5,3,25.66
52,Female,60.3,1.5,170,140,56,1.24,724.0,Strength,28.5,1.8,4,1,26.8
20,Female,65.6,1.5,160,161,56,1.56,1125.0,HIIT,31.7,2.4,2,3,29.16
59,Female,68.9,1.61,187,138,51,1.54,985.0,Strength,33.6,2.3,2,2,26.58
55,Male,83.2,1.7,160,142,57,1.02,744.0,Strength,23.4,3.2,5,3,28.79
19,Female,72.3,1.67,162,160,50,1.36,1088.0,Strength,32.5,2.8,2,3,25.92
24,Female,40.0,1.71,170,148,65,0.84,599.0,Yoga,26.4,2.7,4,2,13.68
58,Male,90.1,1.56,161,169,52,1.29,1198.0,Yoga,22.3,1.9,3,2,37.02
18,Female,67.9,1.76,169,120,57,0.84,648.0,Yoga,23.9,1.8,2,1,21.92
23,Female,71.6,1.57,163,164,56,1.21,862.0,HIIT,27.3,1.5,4,3,29.05
28,Male,87.0,1.98,185,134,67,1.35,1005.0,Cardio,23.5,3.3,2,1,22.19
59,Male,54.2,1.79,168,169,50,1.3,887.0,HIIT,26.3,2.5,4,1,16.92
41,Female,41.3,1.56,197,169,67,1.24,1114.0,HIIT,31.9,3.1,2,2,16.97
54,Female,63.2,1.8,174,154,70,1.64,1180.0,HIIT,18.0,2.6,5,3,19.51
57,Male,58.7,1.84,186,155,67,1.37,759.0,Cardio,22.8,3.4,4,2,17.34
47,Female,52.7,1.5,166,129,70,1.58,633.0,HIIT,27.6,2.1,5,2,23.42
55,Female,74.9,1.56,189,156,72,1.31,654.0,HIIT,26.8,2.2,5,3,30.78
48,Male,99.1,1.92,199,143,62,0.8,627.0,HIIT,23.4,3.4,3,2,26.88
24,Female,53.5,1.56,165,161,63,1.05,1133.0,HIIT,33.2,2.2,2,2,21.98
41,Male,83.7,1.76,184,132,51,1.51,1058.0,Yoga,11.6,3.2,4,2,27.02
33,Female,55.2,1.79,198,132,56,1.88,1197.0,Cardio,19.3,2.7,5,3,17.23
24,Male,95.2,1.92,171,129,65,0.98,675.0,Yoga,29.5,3.0,3,1,25.82
18,Female,66.0,1.73,167,125,57,0.7,599.0,Yoga,25.4,1.9,3,2,22.05
42,Male,86.6,1.9,162,146,62,0.7,636.0,Strength,29.8,3.5,2,1,23.99
53,Female,70.3,1.78,196,131,68,1.21,734.0,Strength,30.1,2.0,3,2,22.19
30,Male,47.2,1.61,169,155,74,1.14,1025.0,Strength,32.3,2.5,3,3,18.21
43,Female,63.5,1.78,199,144,55,1.1,733.0,Strength,35.0,2.4,4,2,20.04
54,Male,84.3,1.83,187,122,70,1.4,944.0,Yoga,13.8,3.4,5,3,25.17
32,Female,48.7,1.73,195,162,54,1.61,1165.0,Cardio,32.1,1.5,4,2,16.27
26,Male,126.5,1.87,168,164,69,1.31,956.0,Strength,27.2,3.4,4,2,36.17
33,Male,103.9,1.66,188,143,71,0.99,634.0,HIIT,26.3,3.7,3,2,37.71
46,Female,68.4,1.66,199,125,64,0.74,521.0,HIIT,35.0,2.0,4,1,24.82
51,Female,81.2,1.5,184,137,52,0.92,434.0,Strength,33.8,2.9,3,1,36.09
33,Male,83.8,1.71,182,135,68,1.74,1176.0,Yoga,15.1,3.4,3,2,28.66
36,Female,64.2,1.56,181,131,69,1.51,896.0,HIIT,31.1,2.7,4,3,26.38
31,Male,122.5,1.86,199,163,69,0.66,644.0,Yoga,25.6,2.8,3,1,35.41
27,Female,43.7,1.56,198,120,61,0.6,508.0,Yoga,28.8,3.4,2,1,17.96
25,Male,67.0,1.84,180,152,58,0.96,963.0,HIIT,25.2,3.0,3,2,19.79
38,Female,62.0,1.62,198,150,66,1.7,1201.0,Yoga,14.2,2.5,4,3,23.62
25,Female,79.5,1.69,172,136,66,1.34,912.0,Strength,34.0,2.3,4,3,27.84
20,Female,67.8,1.5,194,122,59,1.21,739.0,Cardio,32.3,2.8,2,3,30.13
18,Male,112.3,1.96,175,154,53,1.04,850.0,Cardio,27.1,3.7,5,1,29.23
57,Female,66.9,1.71,170,123,56,0.74,420.0,Cardio,26.5,2.0,3,1,22.88
41,Male,81.3,1.8,170,167,59,1.41,1169.0,Cardio,27.2,2.6,5,2,25.09
59,Male,56.5,1.94,176,137,58,0.77,582.0,Strength,29.2,2.9,2,1,15.01
52,Female,77.0,1.67,176,147,67,1.2,952.0,Cardio,32.3,2.3,3,1,27.61
30,Male,105.8,1.69,187,130,60,1.35,946.0,Strength,28.8,2.8,3,1,37.04
44,Male,68.5,1.81,160,146,50,1.06,789.0,HIIT,24.3,2.8,4,1,20.91
24,Female,45.0,1.7,191,134,69,0.79,638.0,Yoga,31.1,1.9,4,2,15.57
34,Male,78.4,1.91,189,121,50,1.55,906.0,Strength,23.7,3.5,3,3,21.49
48,Female,72.9,1.54,183,135,56,1.33,862.0,Yoga,31.6,2.0,4,1,30.74
59,Female,40.0,1.75,182,156,73,1.39,936.0,Cardio,22.0,1.6,2,2,13.06
41,Female,56.5,1.64,167,161,50,0.94,694.0,Yoga,25.5,1.9,2,2,21.01
31,Female,50.1,1.57,186,127,58,1.01,759.0,Cardio,32.2,1.6,4,1,20.33
22,Female,61.3,1.71,179,127,53,2.0,1065.0,Strength,20.5,3.3,5,2,20.96
50,Female,59.9,1.77,160,152,62,1.94,1221.0,Cardio,18.5,2.9,3,2,19.12
33,Female,53.2,1.73,192,160,56,1.55,1209.0,Cardio,32.9,1.5,5,1,17.78
22,Female,52.6,1.72,180,149,64,1.46,1213.0,Yoga,12.2,2.7,4,3,17.78
59,Male,88.6,1.75,194,158,70,1.37,927.0,Yoga,26.3,3.2,3,2,28.93
21,Male,72.7,1.92,183,144,52,1.34,1120.0,HIIT,25.4,2.6,3,2,19.72
52,Female,44.1,1.8,160,166,68,1.43,1036.0,Yoga,28.3,2.1,3,1,13.61
46,Male,61.5,2.0,178,120,58,1.26,873.0,Yoga,24.1,3.1,5,3,15.38
36,Female,70.5,1.59,177,165,73,1.0,768.0,Yoga,31.6,1.9,4,1,27.89
49,Male,114.7,1.86,172,139,58,1.37,957.0,Cardio,23.4,3.7,4,1,33.15
46,Female,55.0,1.52,194,120,51,1.9,1112.0,Yoga,16.4,2.1,5,3,23.81
38,Male,44.8,1.73,196,169,68,0.95,849.0,Strength,20.4,3.4,3,1,14.97
50,Female,69.8,1.55,160,150,71,0.66,453.0,Cardio,34.7,1.8,2,1,29.05
39,Male,62.0,1.86,175,120,57,1.17,642.0,Cardio,27.8,3.7,3,1,17.92
48,Female,42.6,1.65,186,133,74,0.91,637.0,HIIT,28.8,2.2,4,2,15.65
40,Male,121.8,1.72,190,145,52,0.84,591.0,HIIT,21.1,2.7,2,2,41.17
31,Male,101.9,1.78,194,123,61,0.78,645.0,HIIT,22.0,2.9,3,1,32.16
46,Female,74.9,1.63,173,151,63,1.29,1032.0,Yoga,31.5,1.7,3,2,28.19
21,Male,66.6,1.8,167,144,63,1.39,1125.0,Strength,30.2,3.5,4,3,20.56
21,Female,74.3,1.73,168,138,68,1.3,876.0,Cardio,32.2,2.0,5,1,24.83
49,Male,54.8,1.71,162,150,56,1.34,1030.0,Cardio,19.6,2.5,3,2,18.74
37,Male,85.4,1.93,166,141,61,0.8,514.0,Strength,29.9,3.4,2,2,22.93
31,Female,70.0,1.7,175,169,64,1.1,927.0,Cardio,28.6,2.3,5,3,24.22
36,Male,112.5,1.85,186,144,60,1.53,1064.0,Cardio,25.2,3.5,2,2,32.87
22,Male,103.7,1.86,190,156,70,1.59,1284.0,Cardio,32.1,2.0,4,2,29.97
47,Female,60.0,1.78,182,129,71,1.11,557.0,Yoga,31.1,1.6,5,1,18.94
23,Male,91.5,1.85,194,156,71,1.13,1139.0,Cardio,24.0,3.6,2,2,26.73
42,Male,65.1,1.84,171,169,72,1.02,842.0,Yoga,25.6,3.4,4,1,19.23
18,Male,96.4,1.79,199,169,50,1.37,1328.0,Yoga,22.4,3.0,2,1,30.09
53,Male,126.7,1.82,199,131,67,1.1,642.0,Yoga,24.7,1.5,4,2,38.25
23,Male,68.6,1.98,165,137,51,1.42,1147.0,Yoga,20.2,2.7,4,3,17.5
59,Male,108.5,1.81,188,128,52,1.17,668.0,Yoga,26.7,2.8,3,3,33.12
20,Female,55.0,1.51,163,161,58,1.21,1116.0,HIIT,31.4,2.7,2,1,24.12
26,Male,76.6,2.0,184,168,65,1.11,995.0,Strength,22.3,2.6,2,2,19.15
52,Female,74.6,1.82,162,151,73,1.28,926.0,Cardio,30.9,2.6,2,1,22.52
18,Male,126.0,1.7,199,165,56,1.45,1232.0,HIIT,30.7,3.2,2,2,43.6
57,Female,60.8,1.5,174,149,54,0.72,631.0,HIIT,29.0,2.6,4,1,27.02
51,Male,46.4,1.84,185,135,68,0.92,659.0,Yoga,24.0,2.5,3,1,13.71
24,Male,95.1,1.74,163,149,58,1.13,953.0,Strength,26.1,2.5,2,1,31.41
36,Female,59.3,1.86,186,120,56,0.88,422.0,Cardio,33.4,1.9,2,2,17.14
43,Female,72.3,1.76,180,154,50,1.15,800.0,Cardio,30.0,1.8,4,2,23.34
46,Male,93.6,1.86,173,126,63,1.14,700.0,HIIT,25.1,3.2,3,1,27.06
57,Male,109.2,1.81,179,169,50,1.08,776.0,HIIT,19.9,2.9,2,1,33.33
43,Female,64.7,1.62,160,157,59,1.21,982.0,Cardio,32.6,1.7,3,1,24.65
34,Male,75.0,1.68,190,127,69,1.31,759.0,Yoga,27.8,2.8,4,2,26.57
25,Male,92.1,1.95,187,146,66,1.93,1538.0,Cardio,14.0,3.5,5,3,24.22
38,Female,66.1,1.69,170,146,59,1.49,875.0,Yoga,28.3,2.2,3,2,23.14
45,Female,58.4,1.62,161,135,61,1.86,1100.0,Cardio,20.3,3.0,4,2,22.25
21,Female,65.1,1.78,160,147,54,0.74,566.0,Cardio,25.8,3.1,2,1,20.55
33,Female,44.1,1.78,179,122,67,1.38,733.0,Strength,35.0,1.8,2,1,13.92
50,Male,52.6,1.8,195,143,66,1.14,870.0,Cardio,24.6,2.6,3,1,16.23
51,Male,58.2,1.72,163,134,55,1.45,917.0,Cardio,28.4,3.4,5,3,19.67
31,Female,82.5,1.59,175,167,66,1.55,1046.0,Cardio,27.9,2.5,5,3,32.63
44,Female,48.1,1.67,172,164,69,1.14,892.0,Strength,33.4,2.4,3,1,17.25
18,Female,75.8,1.66,176,137,69,1.32,903.0,Strength,29.6,2.5,4,3,27.51
56,Male,82.4,1.69,178,162,63,1.7,1262.0,HIIT,12.1,3.7,3,3,28.85
45,Female,47.7,1.77,188,120,50,0.84,493.0,Yoga,33.6,3.1,2,2,15.23
24,Female,47.5,1.6,199,141,69,1.29,912.0,Strength,31.1,2.1,4,3,18.55
58,Female,77.1,1.66,178,158,54,1.27,895.0,Strength,32.3,2.4,5,2,27.98
31,Female,67.4,1.65,174,160,74,0.79,431.0,Strength,28.7,2.8,4,1,24.76
39,Female,61.8,1.69,178,169,64,1.32,1133.0,Yoga,26.4,1.7,3,2,21.64
45,Female,63.6,1.65,195,134,73,1.85,1088.0,Yoga,17.8,2.4,3,3,23.36
39,Male,120.3,1.63,160,167,63,1.45,1264.0,Yoga,22.6,2.6,4,2,45.28
30,Male,107.6,1.85,178,152,58,1.19,1037.0,Cardio,24.4,2.1,4,2,31.44
18,Female,62.1,1.62,187,124,52,1.01,803.0,Cardio,28.8,2.1,2,1,23.66
26,Male,81.1,1.74,190,147,58,0.86,933.0,HIIT,30.0,2.0,3,1,26.79
42,Male,97.0,2.0,174,134,67,1.13,822.0,HIIT,28.4,3.7,3,1,24.25
51,Female,58.9,1.65,182,164,74,1.26,912.0,HIIT,33.3,2.8,3,2,21.63
42,Female,43.1,1.74,188,120,50,0.8,495.0,Yoga,31.2,2.6,2,1,14.24
51,Male,86.6,1.66,190,126,62,1.83,1144.0,Strength,10.0,3.3,5,2,31.43
50,Female,64.0,1.54,192,124,73,1.89,1090.0,Strength,21.2,3.2,4,3,26.99
53,Female,67.9,1.72,188,137,52,1.03,663.0,HIIT,30.2,2.7,2,1,22.95
30,Female,61.0,1.72,172,123,52,0.84,618.0,Cardio,35.0,1.6,3,1,20.62
53,Female,71.2,1.69,176,159,73,0.93,697.0,Yoga,30.8,2.5,4,3,24.93
25,Male,49.3,1.76,199,120,70,1.01,817.0,Strength,26.6,2.8,2,1,15.92
21,Male,102.1,1.83,185,156,68,1.21,1239.0,Cardio,27.9,2.1,4,3,30.49
19,Male,104.6,1.75,193,137,66,1.38,1010.0,Strength,23.4,2.0,2,2,34.16
24,Female,81.0,1.66,179,155,56,0.96,762.0,Strength,33.9,1.7,2,2,29.39
51,Male,85.2,1.82,186,156,50,1.08,854.0,Cardio,24.1,3.0,2,2,25.72
30,Female,53.7,1.53,175,169,68,1.59,1398.0,HIIT,15.2,3.1,3,2,22.94
57,Male,90.1,1.71,198,153,59,0.97,611.0,HIIT,26.3,2.3,2,2,30.81
49,Female,60.7,1.74,196,144,62,1.44,997.0,Strength,15.9,2.1,5,3,20.05
56,Male,84.8,1.64,191,154,61,0.88,866.0,Strength,24.9,3.6,3,1,31.53
28,Male,129.9,1.73,172,155,62,1.26,1127.0,Strength,26.6,2.7,3,1,43.4
56,Female,63.8,1.73,177,121,62,1.65,993.0,Strength,18.3,2.7,5,2,21.32
52,Female,58.4,1.55,199,165,64,1.63,1104.0,HIIT,29.3,1.8,4,3,24.31
27,Female,74.3,1.67,162,120,50,1.32,843.0,Strength,35.0,1.8,3,1,26.64
28,Female,59.4,1.74,170,144,60,1.11,791.0,Cardio,26.1,1.8,4,1,19.62
31,Male,87.3,1.86,173,140,68,1.32,1265.0,Cardio,11.0,3.6,5,3,25.23
18,Female,65.2,1.54,167,165,54,1.14,1043.0,HIIT,28.6,2.7,2,3,27.49
29,Male,99.1,1.72,182,133,61,1.29,1046.0,Strength,27.2,3.3,4,3,33.5
40,Female,40.0,1.76,188,144,50,1.56,999.0,HIIT,28.0,1.7,3,1,12.91
24,Male,82.9,1.99,175,132,74,1.73,1340.0,Cardio,14.2,3.6,4,2,20.93
32,Male,112.7,1.74,190,153,73,1.17,911.0,HIIT,26.2,3.2,3,1,37.22
40,Male,89.1,1.72,179,163,65,1.89,1500.0,HIIT,10.0,3.7,5,2,30.12
47,Male,115.3,1.95,162,124,60,1.1,898.0,HIIT,32.4,3.1,2,1,30.32
20,Male,111.6,2.0,166,142,53,1.21,855.0,HIIT,23.3,3.2,5,2,27.9
48,Male,119.3,1.75,195,149,53,0.51,431.0,Cardio,26.6,2.2,2,1,38.96
36,Female,66.1,1.5,193,138,58,1.45,805.0,Cardio,29.7,1.5,3,3,29.38
56,Male,108.1,1.88,199,159,55,1.38,1188.0,Yoga,26.8,2.0,2,1,30.59
45,Female,47.4,1.69,165,151,54,1.33,828.0,Cardio,24.0,1.6,4,1,16.6
47,Male,60.4,1.93,172,120,61,1.16,634.0,Cardio,24.5,3.5,2,1,16.22
22,Female,45.7,1.74,174,150,67,1.12,752.0,Yoga,32.7,2.8,3,1,15.09
20,Female,45.6,1.55,172,139,63,1.71,888.0,Strength,33.0,2.0,4,1,18.98
23,Male,81.0,1.89,177,122,57,1.39,1093.0,Cardio,10.3,3.5,3,2,22.68
51,Male,117.3,1.88,160,127,61,1.47,804.0,HIIT,29.8,2.5,2,1,33.19
38,Male,70.4,1.93,166,144,71,1.26,1139.0,Cardio,28.6,2.9,5,1,18.9
52,Female,73.9,1.53,190,138,54,0.72,404.0,Strength,29.1,3.1,3,1,31.57
36,Female,56.8,1.78,199,148,53,1.88,1361.0,Yoga,14.9,2.2,5,3,17.93
52,Male,98.6,1.71,196,133,56,0.5,303.0,HIIT,20.4,2.9,2,1,33.72
29,Male,95.3,1.85,176,135,52,0.58,494.0,Yoga,26.4,2.7,3,1,27.85
34,Female,50.9,1.61,160,154,54,1.38,1141.0,Yoga,27.1,2.9,4,3,19.64
37,Female,73.7,1.57,195,131,56,0.72,545.0,Yoga,32.4,1.9,3,2,29.9
20,Male,111.3,1.68,189,132,57,1.09,761.0,Yoga,26.1,2.2,2,1,39.43
39,Male,108.4,1.77,192,155,74,0.97,1111.0,HIIT,26.1,3.7,3,2,34.6
34,Female,53.1,1.73,181,142,67,1.72,1257.0,Strength,20.2,2.5,5,2,17.74
43,Female,57.7,1.55,199,134,61,2.0,1255.0,Cardio,15.6,2.5,3,2,24.02
36,Male,87.8,1.77,162,149,66,1.55,1357.0,Cardio,10.0,3.4,5,3,28.03
57,Female,64.0,1.58,175,148,74,1.5,912.0,Cardio,13.9,3.3,4,2,25.64
51,Male,84.2,1.6,196,126,61,1.93,1112.0,Strength,12.5,2.8,5,2,32.89
54,Female,73.6,1.73,192,157,73,0.95,810.0,Yoga,34.4,2.5,2,1,24.59
18,Male,78.7,1.66,164,130,52,1.47,999.0,Cardio,20.5,3.0,4,2,28.56
27,Male,115.9,1.84,182,140,74,1.48,1181.0,Cardio,23.7,3.0,2,1,34.23
33,Female,80.5,1.5,180,143,58,0.97,740.0,Cardio,28.1,2.6,5,2,35.78
41,Female,60.9,1.6,172,167,58,1.26,1011.0,HIIT,31.2,1.5,5,2,23.79
20,Male,52.7,1.77,160,165,51,0.89,752.0,Yoga,22.9,3.7,3,1,16.82
55,Male,95.6,1.93,182,132,51,0.75,646.0,HIIT,31.2,3.2,4,2,25.67
32,Female,54.4,1.5,175,123,74,1.68,948.0,Strength,26.6,1.6,4,2,24.18
22,Male,113.9,2.0,189,132,70,1.33,1020.0,Cardio,24.2,2.5,2,1,28.48
40,Male,54.3,1.82,160,120,66,1.06,652.0,Strength,21.1,2.5,3,2,16.39
35,Male,73.7,1.81,189,130,63,1.25,782.0,Cardio,29.2,2.0,4,1,22.5
29,Male,110.5,1.99,171,121,58,1.41,920.0,Strength,29.7,3.7,3,2,27.9
18,Female,50.9,1.68,199,164,59,1.19,1100.0,Cardio,26.2,2.1,4,1,18.03
52,Female,71.2,1.69,173,153,70,0.73,594.0,HIIT,28.9,2.6,4,1,24.93
50,Male,71.7,1.81,189,126,73,1.0,727.0,Yoga,28.6,2.4,3,2,21.89
36,Male,123.3,1.65,160,135,69,1.4,1064.0,HIIT,24.8,2.4,3,1,45.29
44,Female,59.9,1.52,190,128,62,0.89,327.0,Cardio,33.2,1.5,2,2,25.93
32,Male,114.4,1.94,175,143,53,1.22,907.0,HIIT,21.9,3.7,2,2,30.4
58,Female,67.2,1.58,178,146,50,0.81,377.0,Cardio,23.9,1.5,3,1,26.92
51,Female,50.2,1.5,182,138,61,1.38,827.0,HIIT,29.8,2.3,3,1,22.31
53,Female,72.6,1.69,185,129,53,1.19,578.0,HIIT,28.0,2.1,3,1,25.42
20,Male,94.1,1.64,181,158,64,1.3,1232.0,Cardio,27.8,2.9,4,2,34.99
56,Female,57.7,1.83,188,144,61,1.54,1079.0,Strength,16.3,2.6,4,3,17.23
23,Male,80.5,1.8,162,157,74,0.97,633.0,Yoga,27.6,3.3,2,1,24.85
43,Male,113.1,1.84,167,137,64,1.53,989.0,Yoga,31.6,2.2,4,1,33.41
22,Male,103.3,1.82,166,152,69,1.24,1108.0,Strength,22.5,2.6,3,3,31.19
42,Male,54.6,1.87,177,145,58,1.16,934.0,Cardio,24.4,3.0,4,3,15.61
46,Male,124.0,1.68,196,160,58,0.65,551.0,Cardio,25.7,3.5,2,1,43.93
40,Female,50.7,1.78,184,139,63,0.61,303.0,Yoga,32.1,3.1,3,2,16.0
28,Male,86.3,1.94,199,169,68,1.95,1783.0,Strength,10.0,3.7,4,3,22.93
25,Male,82.3,1.66,199,127,63,1.08,780.0,Yoga,26.6,3.7,3,1,29.87
29,Female,51.8,1.72,171,121,62,1.24,639.0,Cardio,34.2,1.9,3,3,17.51
42,Female,50.6,1.72,169,159,64,1.54,1256.0,Cardio,16.3,2.7,5,3,17.1
21,Female,58.2,1.52,188,151,64,1.09,714.0,Cardio,35.0,2.8,3,1,25.19
30,Female,75.3,1.78,177,152,61,1.36,1080.0,Yoga,25.5,1.9,4,2,23.77
31,Female,76.0,1.64,199,141,70,1.06,882.0,Cardio,35.0,2.2,2,3,28.26
47,Male,88.6,1.68,197,159,74,1.81,1410.0,HIIT,16.9,3.2,4,3,31.39
49,Female,70.4,1.55,168,129,64,1.58,898.0,HIIT,27.2,2.4,3,3,29.3
21,Female,46.9,1.56,175,160,63,1.56,1017.0,HIIT,30.4,2.2,3,2,19.27
43,Female,57.7,1.56,169,138,62,0.5,495.0,Yoga,34.1,1.8,2,1,23.71
31,Female,47.5,1.74,178,153,60,1.12,872.0,Strength,28.3,2.2,4,1,15.69
46,Female,57.5,1.55,198,120,60,1.9,948.0,Cardio,19.0,3.1,5,3,23.93
27,Male,72.5,2.0,178,150,74,0.72,576.0,HIIT,27.0,3.6,4,1,18.12
23,Female,75.0,1.71,198,158,68,1.16,1117.0,HIIT,32.8,2.5,4,2,25.65
38,Female,75.9,1.57,178,162,52,1.38,1181.0,Cardio,33.3,2.9,4,2,30.79
56,Female,55.6,1.52,167,141,50,1.11,862.0,Strength,27.4,2.5,5,1,24.07
31,Female,58.4,1.74,196,127,68,1.1,676.0,Yoga,28.6,1.6,2,1,19.29
25,Male,88.3,1.87,187,126,59,1.76,1381.0,Strength,10.0,3.3,4,3,25.25
56,Female,82.7,1.5,194,144,50,0.77,470.0,Strength,34.5,2.8,3,1,36.76
37,Female,50.7,1.77,199,156,50,1.66,1263.0,Cardio,31.1,2.0,4,3,16.18
44,Male,94.7,1.63,171,135,52,1.29,769.0,Cardio,22.3,3.4,3,3,35.64
18,Female,68.4,1.57,190,156,74,1.32,870.0,Cardio,32.4,2.2,4,1,27.75
43,Female,61.5,1.57,185,143,66,1.18,898.0,Strength,34.0,2.3,2,1,24.95
25,Female,74.4,1.77,179,152,61,1.34,1060.0,Yoga,25.5,2.0,5,2,23.75
49,Female,81.0,1.5,192,134,74,0.77,526.0,Strength,30.9,2.9,4,2,36.0
55,Female,65.7,1.54,181,143,52,0.58,461.0,Cardio,23.8,1.5,2,1,27.7
40,Female,62.6,1.64,163,157,55,1.26,1006.0,Cardio,31.6,1.5,3,3,23.27
25,Female,74.5,1.64,187,128,61,1.32,836.0,HIIT,22.1,1.9,2,2,27.7
41,Female,53.6,1.61,182,133,51,1.67,1087.0,HIIT,16.0,2.7,5,3,20.68
58,Female,71.5,1.54,168,120,57,1.4,557.0,HIIT,23.6,1.5,2,1,30.15
21,Female,61.7,1.62,192,120,50,1.69,974.0,HIIT,16.3,3.5,3,3,23.51
59,Male,87.3,1.85,176,149,53,1.55,1058.0,HIIT,12.0,3.5,5,3,25.51
55,Female,53.2,1.64,167,161,71,1.73,1073.0,HIIT,15.8,2.6,5,2,19.78
35,Male,88.9,1.6,181,163,66,1.8,1545.0,HIIT,10.0,2.4,5,3,34.73
43,Male,80.7,1.96,167,169,66,1.32,1078.0,Cardio,28.1,2.2,3,2,21.01
35,Male,97.8,1.75,192,150,69,1.43,1085.0,Strength,24.9,2.6,2,1,31.93
59,Male,78.5,1.92,174,124,54,0.59,422.0,Cardio,28.9,2.9,2,2,21.29
57,Female,50.9,1.58,183,129,73,1.15,629.0,Yoga,33.9,2.2,5,3,20.39
29,Male,76.8,1.79,168,133,64,0.77,374.0,Cardio,23.9,2.5,3,1,23.97
52,Male,116.7,1.74,185,139,58,1.51,971.0,Yoga,23.8,2.1,4,2,38.55
32,Male,76.8,1.62,165,161,70,0.96,936.0,Strength,19.6,1.9,3,1,29.26
31,Female,65.5,1.66,173,169,70,1.51,1361.0,HIIT,16.4,2.3,4,2,23.77
30,Male,74.4,1.9,182,141,74,1.07,999.0,Strength,26.9,2.9,4,2,20.61
33,Male,84.2,2.0,180,136,53,1.61,1159.0,Strength,11.4,3.7,5,3,21.05
22,Male,69.3,1.63,175,162,70,1.16,1074.0,Strength,23.6,2.4,2,1,26.08
26,Male,86.0,2.0,160,140,50,1.67,1243.0,Strength,19.4,3.3,5,3,21.5
28,Male,87.6,1.81,163,128,64,1.42,981.0,HIIT,26.1,3.6,4,3,26.74
18,Male,117.4,1.66,194,136,68,0.92,720.0,Cardio,26.2,2.4,4,1,42.6
59,Male,83.0,1.88,177,148,54,1.63,1036.0,HIIT,10.0,3.7,5,3,23.48
41,Female,60.2,1.55,187,133,67,1.4,983.0,HIIT,33.2,3.3,4,1,25.06
49,Male,82.4,1.57,199,122,61,1.98,1112.0,Strength,10.8,3.5,5,2,33.43
35,Female,63.5,1.64,193,154,53,0.82,638.0,Cardio,28.9,2.4,4,1,23.61
53,Male,91.6,1.71,173,130,74,0.81,410.0,Cardio,19.9,2.5,2,1,31.33
54,Male,108.4,1.96,198,159,56,1.49,1122.0,Yoga,23.2,2.5,4,2,28.22
43,Female,54.2,1.54,199,132,68,1.28,815.0,Strength,35.0,2.6,4,1,22.85
40,Male,86.7,1.81,199,139,54,1.83,1519.0,Strength,10.0,3.0,5,3,26.46
51,Female,68.3,1.61,197,128,60,1.09,672.0,HIIT,29.7,2.3,3,2,26.35
45,Female,59.5,1.73,199,144,52,1.69,1272.0,Yoga,18.1,3.1,4,2,19.88
32,Male,86.2,1.62,178,128,69,1.73,1259.0,Cardio,14.5,2.6,3,2,32.85
57,Male,59.4,1.88,186,164,65,1.27,784.0,Cardio,25.8,3.2,3,1,16.81
43,Male,117.1,1.89,173,168,62,1.17,804.0,Yoga,27.9,2.4,4,1,32.78
20,Male,90.1,1.67,184,148,70,1.02,742.0,Cardio,26.6,3.4,2,1,32.31
20,Male,46.0,1.76,163,138,74,1.14,830.0,HIIT,20.8,2.5,2,1,14.85
40,Female,55.9,1.7,174,159,67,0.95,628.0,Strength,30.9,2.8,3,3,19.34
38,Male,107.1,1.65,194,137,72,0.79,658.0,HIIT,25.8,3.6,2,1,39.34
46,Male,84.8,1.89,190,140,65,1.67,1113.0,HIIT,13.7,3.7,5,2,23.74
22,Male,60.9,1.88,162,135,66,0.5,373.0,Strength,24.5,1.7,4,1,17.23
29,Male,102.2,1.65,181,142,70,0.6,445.0,Cardio,25.4,2.3,4,2,37.54
24,Male,108.3,1.81,173,125,50,1.1,796.0,Yoga,28.1,2.0,3,2,33.06
56,Female,47.7,1.78,167,151,74,1.17,664.0,HIIT,28.1,1.5,4,3,15.05
44,Male,85.7,1.68,180,166,50,2.0,1622.0,Strength,12.1,3.6,3,3,30.36
23,Male,112.3,1.95,160,151,57,1.46,1123.0,Strength,22.2,2.8,2,2,29.53
45,Male,84.4,1.8,185,152,62,1.68,1126.0,Yoga,12.8,3.7,4,2,26.05
20,Female,70.3,1.65,180,156,63,1.2,1162.0,HIIT,35.0,2.0,2,1,25.82
24,Female,47.5,1.64,199,126,59,0.69,314.0,Yoga,26.1,3.1,3,1,17.66
20,Female,64.7,1.62,179,129,58,1.49,893.0,HIIT,24.4,2.2,2,1,24.65
30,Female,49.8,1.5,190,127,57,1.58,1011.0,Cardio,29.0,2.4,2,2,22.13
34,Female,51.5,1.62,164,166,62,0.98,888.0,Cardio,22.5,2.8,2,2,19.62
32,Female,59.6,1.66,161,163,71,1.14,786.0,Strength,26.1,1.6,3,1,21.63
52,Male,82.9,1.91,170,167,55,1.65,1361.0,Strength,13.4,3.4,4,3,22.72
56,Female,52.4,1.64,164,120,52,1.47,755.0,Yoga,33.2,1.5,2,2,19.48
44,Female,49.0,1.64,182,135,68,0.59,402.0,Strength,29.4,2.2,2,1,18.22
27,Male,111.2,1.85,195,162,54,0.87,938.0,Yoga,26.7,2.1,2,1,32.49
36,Male,112.6,1.51,187,147,72,1.34,1143.0,Strength,27.7,3.7,3,2,49.38
43,Male,46.7,1.73,189,166,62,1.62,1261.0,Cardio,31.1,3.7,2,1,15.6
44,Female,56.6,1.5,193,140,65,1.91,1112.0,Cardio,15.6,2.7,3,3,25.16
45,Female,41.7,1.76,164,125,69,1.07,701.0,Strength,31.6,1.7,3,1,13.46
59,Female,82.8,1.57,185,147,50,0.83,854.0,Strength,30.1,2.1,4,1,33.59
19,Female,78.7,1.75,176,143,69,1.1,966.0,Strength,32.2,2.0,5,3,25.7
45,Male,81.4,1.74,186,126,57,1.91,992.0,Yoga,11.3,3.4,4,3,26.89
23,Male,113.6,1.7,198,138,55,1.18,775.0,Yoga,26.7,2.4,2,2,39.31
18,Female,75.1,1.76,195,139,51,1.21,923.0,HIIT,28.3,2.2,5,3,24.24
38,Female,41.2,1.71,160,131,70,1.04,725.0,Strength,31.4,1.5,4,1,14.09
59,Female,76.0,1.75,160,137,65,1.2,693.0,Cardio,26.7,3.2,5,3,24.82
25,Female,40.0,1.62,190,144,71,1.04,706.0,Yoga,31.8,2.6,4,3,15.24
44,Female,50.6,1.65,160,152,59,0.64,314.0,Cardio,35.0,2.1,2,2,18.59
29,Male,87.9,1.79,183,141,53,1.42,988.0,Cardio,25.8,2.5,5,3,27.43
22,Male,83.6,1.93,183,137,68,1.39,1011.0,Cardio,23.1,2.8,3,1,22.44
35,Male,85.8,1.7,187,129,67,1.65,1231.0,Yoga,14.7,2.9,3,2,29.69
25,Male,97.0,1.64,162,151,59,1.4,997.0,Strength,24.5,3.2,3,1,36.06
36,Female,60.4,1.53,193,140,72,2.0,1371.0,Cardio,16.4,2.4,5,3,25.8
39,Male,62.3,1.61,189,158,65,1.61,1266.0,Cardio,19.8,3.5,5,1,24.03
33,Male,68.1,1.71,163,133,57,0.51,406.0,Cardio,27.2,3.7,2,2,23.29
30,Female,46.7,1.51,172,138,50,1.22,881.0,Yoga,24.9,2.6,2,2,20.48
31,Male,79.2,1.69,199,144,56,0.89,662.0,HIIT,29.0,2.1,2,1,27.73
18,Female,48.9,1.57,186,130,54,0.8,764.0,Strength,27.0,2.2,3,1,19.84
37,Female,73.8,1.61,180,157,53,1.5,1102.0,Cardio,34.3,2.6,2,1,28.47
18,Female,53.4,1.58,194,165,68,0.56,515.0,Yoga,29.9,1.5,2,1,21.39
37,Male,102.8,1.92,186,131,50,0.97,606.0,Yoga,21.2,2.6,2,1,27.89
30,Male,51.1,2.0,169,138,58,0.54,597.0,HIIT,26.7,1.8,3,1,12.78
18,Male,112.8,1.93,160,154,55,1.35,1056.0,Strength,22.3,3.2,2,1,30.28
34,Male,97.4,1.93,186,136,51,1.11,1007.0,HIIT,26.0,3.3,3,1,26.15
52,Male,101.4,1.68,198,131,53,0.5,303.0,HIIT,19.7,3.1,2,1,35.93
24,Male,110.5,1.96,161,136,55,1.14,820.0,HIIT,23.2,3.6,4,3,28.76
53,Male,106.5,1.71,179,129,50,1.26,661.0,Yoga,27.0,3.1,2,3,36.42
45,Female,76.4,1.57,196,152,63,1.4,1002.0,Yoga,28.9,2.2,2,2,31.0
58,Male,84.3,1.72,195,159,64,1.19,1207.0,Yoga,31.5,3.4,4,1,28.5
21,Female,64.1,1.8,188,126,66,1.11,703.0,Cardio,28.6,2.5,3,1,19.78
27,Female,60.2,1.6,169,144,73,1.75,1275.0,Strength,16.3,2.3,5,3,23.52
55,Female,66.5,1.72,193,137,73,1.84,977.0,Yoga,16.2,2.4,4,2,22.48
43,Male,67.9,1.83,160,149,51,1.31,809.0,HIIT,25.5,2.8,3,1,20.28
54,Male,103.5,1.61,184,139,62,1.47,949.0,HIIT,28.4,2.9,4,1,39.93
47,Male,112.2,1.8,161,128,59,1.37,986.0,Yoga,29.2,2.9,5,3,34.63
36,Male,91.1,1.65,177,159,70,1.88,1528.0,HIIT,11.0,3.7,5,3,33.46
45,Female,71.6,1.76,160,160,50,0.71,556.0,Cardio,28.5,2.6,4,1,23.11
42,Female,42.0,1.62,198,169,74,1.57,1116.0,HIIT,27.4,2.4,3,2,16.0
35,Male,103.3,1.89,190,134,50,0.79,623.0,Yoga,24.5,2.0,3,1,28.92
49,Male,98.7,1.75,184,120,58,1.54,712.0,Strength,27.7,2.4,3,3,32.23
39,Male,112.8,1.7,196,156,74,1.28,1058.0,HIIT,26.4,3.7,3,1,39.03
25,Female,71.8,1.77,171,124,66,1.14,630.0,Strength,34.4,1.6,2,1,22.92
42,Female,73.1,1.66,173,139,68,1.36,762.0,Yoga,29.6,2.3,3,3,26.53
45,Male,58.7,2.0,185,160,67,0.92,808.0,HIIT,27.0,3.5,2,1,14.68
23,Female,73.1,1.68,160,127,72,1.2,653.0,Cardio,34.6,1.9,4,3,25.9
49,Female,66.3,1.56,163,136,67,1.48,812.0,HIIT,25.5,2.7,5,2,27.24
27,Male,88.2,1.89,176,136,59,1.76,1246.0,Yoga,11.8,3.7,4,3,24.69
50,Female,67.2,1.74,165,120,58,0.56,340.0,Cardio,31.8,3.1,3,2,22.2
31,Female,54.3,1.59,187,161,73,1.0,602.0,Strength,28.7,2.4,2,2,21.48
21,Female,47.3,1.68,198,167,59,1.28,1175.0,Cardio,22.6,2.8,3,1,16.76
34,Male,67.5,1.95,172,150,74,1.32,1061.0,Cardio,30.1,2.9,5,2,17.75
50,Female,61.1,1.73,190,160,74,1.18,1001.0,Strength,26.5,1.9,5,1,20.41
51,Male,117.6,1.56,173,146,57,0.95,672.0,HIIT,24.8,2.8,5,2,48.32
36,Male,102.8,1.84,175,135,56,1.21,941.0,HIIT,28.6,3.6,3,1,30.36
27,Male,90.6,1.95,169,158,58,1.48,1141.0,HIIT,24.7,3.7,2,1,23.83
25,Male,97.2,1.76,190,148,74,0.99,791.0,Cardio,28.8,3.7,2,1,31.38
52,Female,56.1,1.74,192,148,69,1.67,1301.0,HIIT,14.5,2.8,5,2,18.53
48,Male,86.4,1.62,192,130,59,2.0,1173.0,HIIT,16.2,3.2,5,3,32.92
42,Female,40.4,1.63,166,151,56,1.36,850.0,Cardio,31.8,2.0,3,2,15.21
50,Female,48.5,1.76,169,153,74,1.15,715.0,HIIT,31.6,1.5,4,1,15.66
49,Female,74.0,1.52,186,151,74,0.93,534.0,HIIT,33.3,1.9,4,1,32.03
31,Male,62.2,1.78,199,149,74,1.13,941.0,HIIT,29.5,2.2,5,2,19.63
59,Female,84.2,1.6,182,143,50,1.02,593.0,Strength,31.5,2.4,3,2,32.89
55,Female,58.4,1.82,177,154,74,1.63,1051.0,HIIT,18.2,2.6,4,3,17.63
18,Female,52.5,1.8,174,140,72,0.71,414.0,HIIT,34.3,1.9,3,1,16.2
22,Female,52.9,1.51,179,126,74,1.33,832.0,Cardio,32.0,2.1,3,3,23.2
26,Female,57.8,1.61,173,166,72,1.22,1064.0,Yoga,25.8,2.2,2,1,22.3
42,Female,42.9,1.81,175,128,51,1.29,776.0,Strength,25.5,1.5,2,1,13.09
21,Male,126.5,1.8,165,135,57,0.69,590.0,HIIT,25.8,2.9,3,1,39.04
52,Female,40.4,1.65,186,142,70,1.05,753.0,Yoga,35.0,2.6,3,2,14.84
44,Male,67.9,1.87,198,136,72,1.03,682.0,Yoga,29.1,2.9,3,3,19.42
59,Female,45.9,1.78,178,156,73,1.42,1020.0,Cardio,24.1,1.5,3,1,14.49
33,Female,55.1,1.54,177,127,50,1.84,1205.0,Strength,21.9,2.9,5,3,23.23
19,Female,77.3,1.7,174,141,64,1.37,936.0,Strength,31.6,2.1,5,1,26.75
34,Male,102.4,1.95,179,155,65,0.69,728.0,Cardio,19.5,2.1,3,1,26.93
47,Female,58.5,1.67,173,164,68,1.09,693.0,Strength,31.8,2.2,3,1,20.98
55,Female,67.7,1.57,167,156,65,0.5,383.0,Strength,27.5,1.9,2,2,27.47
18,Male,84.2,1.92,177,150,67,1.96,1457.0,HIIT,11.7,3.6,4,3,22.84
45,Female,50.0,1.8,187,135,63,0.96,338.0,Cardio,27.7,2.9,2,2,15.43
26,Female,63.8,1.52,198,164,69,1.42,1405.0,Cardio,19.1,3.0,4,3,27.61
39,Male,74.6,1.95,176,140,64,1.14,818.0,Yoga,25.7,3.7,3,3,19.62
22,Male,86.6,1.79,189,156,68,1.28,1126.0,Cardio,22.6,3.4,3,2,27.03
36,Male,83.1,1.71,172,153,68,1.68,1554.0,Cardio,10.0,3.0,4,2,28.42
23,Female,59.5,1.53,188,148,56,1.3,986.0,Yoga,28.7,2.4,2,2,25.42
24,Female,72.3,1.69,167,163,52,1.26,1008.0,Strength,32.9,2.4,4,2,25.31
45,Male,87.5,1.61,190,131,56,1.71,1253.0,HIIT,14.6,3.7,5,3,33.76
39,Female,72.6,1.68,195,161,69,1.19,1062.0,Yoga,27.1,1.5,3,2,25.72
54,Male,88.1,1.64,160,135,74,1.45,1002.0,Cardio,11.2,3.3,3,3,32.76
26,Male,77.6,1.93,160,149,50,1.62,1287.0,Strength,12.8,3.7,5,3,20.83
25,Male,79.9,1.66,169,153,63,2.0,1726.0,HIIT,10.9,3.4,5,3,29.0
55,Female,60.7,1.5,165,145,55,0.76,612.0,HIIT,28.3,2.4,4,1,26.98
34,Male,74.6,1.89,171,137,69,0.65,399.0,Cardio,20.0,3.7,2,1,20.88
26,Female,59.9,1.52,173,136,67,1.86,1282.0,Cardio,18.9,2.7,3,3,25.93
50,Female,60.7,1.5,180,139,66,1.54,917.0,Cardio,27.6,2.4,2,1,26.98
59,Male,127.9,1.88,188,128,62,1.32,808.0,Yoga,30.4,3.2,2,1,36.19
38,Male,91.5,1.89,174,137,71,1.2,863.0,HIIT,24.9,3.7,2,2,25.62
59,Female,46.3,1.82,161,135,56,1.52,764.0,Strength,27.9,1.5,4,2,13.98
27,Male,75.7,1.73,181,157,71,1.17,959.0,Strength,23.5,2.7,2,2,25.29
32,Male,88.3,1.88,168,145,61,1.55,1227.0,Cardio,10.0,3.4,4,2,24.98
58,Female,58.7,1.62,166,169,60,2.0,1505.0,Strength,19.0,2.7,3,3,22.37
48,Male,68.9,1.72,162,168,62,1.35,1309.0,HIIT,33.3,2.0,3,3,23.29
27,Female,52.8,1.8,193,158,70,2.0,1533.0,Yoga,15.4,3.0,5,2,16.3
38,Male,124.3,1.64,161,163,62,1.32,1190.0,Yoga,21.2,2.4,4,2,46.22
45,Male,129.8,1.72,199,159,60,0.73,617.0,Cardio,29.8,3.6,2,1,43.88
24,Female,42.1,1.67,168,169,51,0.7,868.0,HIIT,33.4,2.2,2,1,15.1
45,Male,82.2,1.65,166,142,52,1.18,780.0,Cardio,27.3,2.1,5,1,30.19
22,Female,43.7,1.61,190,124,62,1.14,860.0,HIIT,32.6,1.5,3,3,16.86
36,Male,76.2,1.95,180,139,65,1.05,826.0,Yoga,22.9,2.8,3,1,20.04
39,Female,64.5,1.62,166,159,62,1.21,1050.0,Cardio,33.6,1.9,2,2,24.58
39,Female,64.2,1.73,190,150,72,1.35,786.0,Cardio,31.5,1.7,4,3,21.45
18,Female,66.2,1.58,172,168,55,1.14,1173.0,HIIT,30.9,2.2,2,3,26.52
22,Female,59.3,1.52,195,128,64,1.23,817.0,Yoga,23.9,2.8,4,2,25.67
29,Male,82.0,1.83,185,136,56,1.32,931.0,Cardio,33.0,2.2,3,3,24.49
37,Male,107.8,1.99,199,130,69,1.03,571.0,HIIT,26.5,2.0,2,2,27.22
51,Female,77.0,1.6,170,169,67,0.92,767.0,Cardio,27.6,2.3,3,1,30.08
23,Female,64.6,1.64,160,142,57,0.83,714.0,Cardio,29.0,2.2,4,2,24.02
50,Female,61.2,1.69,181,120,65,1.66,979.0,Strength,14.6,2.5,3,2,21.43
32,Female,60.1,1.65,181,161,64,0.5,428.0,Cardio,33.0,1.5,3,1,22.08
56,Male,85.4,1.73,184,169,74,1.45,1120.0,Strength,28.7,3.7,3,2,28.53
38,Female,58.0,1.59,175,139,59,0.63,477.0,Yoga,34.2,2.2,3,1,22.94
24,Female,52.8,1.58,190,167,60,0.5,466.0,Yoga,26.9,2.4,2,1,21.15
51,Female,69.8,1.71,164,135,69,1.28,796.0,HIIT,21.4,2.5,3,1,23.87
28,Female,66.1,1.69,160,141,70,1.9,1425.0,Strength,17.7,2.1,5,3,23.14
41,Male,71.6,1.88,194,141,55,0.5,461.0,Cardio,21.6,2.6,3,1,20.26
27,Male,107.8,1.78,181,120,67,1.41,850.0,HIIT,22.0,2.6,4,2,34.02
36,Male,96.2,1.75,189,143,74,1.26,1115.0,Strength,21.3,3.3,4,1,31.41
26,Male,78.8,1.76,172,132,61,1.7,1119.0,Cardio,10.6,3.7,5,2,25.44
46,Female,40.0,1.57,164,157,72,1.17,816.0,Yoga,30.0,2.7,4,3,16.23
48,Male,48.2,1.78,178,166,57,1.27,1108.0,Yoga,21.8,2.9,4,1,15.21
46,Female,61.1,1.7,170,169,66,1.45,990.0,Yoga,22.8,2.0,4,2,21.14
25,Male,65.7,1.68,186,144,64,0.6,547.0,HIIT,28.2,3.0,2,1,23.28
59,Male,73.8,1.69,194,142,58,1.05,743.0,HIIT,21.7,3.3,3,1,25.84
32,Male,55.9,1.95,199,132,62,1.38,1088.0,Strength,31.3,2.5,5,2,14.7
43,Female,58.7,1.73,190,145,58,1.92,1542.0,Yoga,17.7,2.2,4,3,19.61
19,Male,126.9,1.67,176,155,64,1.31,1277.0,Yoga,22.1,2.3,4,2,45.5
23,Female,58.6,1.5,181,154,72,1.04,757.0,Cardio,32.8,2.6,2,1,26.04
50,Female,43.6,1.68,194,137,73,1.3,678.0,HIIT,25.5,2.2,4,1,15.45
27,Female,62.1,1.65,197,152,63,1.26,1051.0,Cardio,31.0,2.6,4,1,22.81
39,Male,71.5,1.62,191,132,68,0.5,304.0,Strength,25.4,3.3,3,1,27.24
56,Male,53.5,1.97,168,123,69,1.1,707.0,Strength,24.0,3.0,4,3,13.79
33,Male,72.0,1.74,189,148,59,0.79,533.0,HIIT,29.1,2.8,3,1,23.78
48,Female,59.9,1.72,162,161,52,1.01,619.0,Yoga,29.2,2.5,3,2,20.25
28,Female,71.8,1.67,199,148,74,1.13,793.0,Cardio,32.6,2.2,4,3,25.74
27,Male,54.5,1.69,161,163,55,0.88,800.0,Yoga,21.8,3.7,4,2,19.08
56,Female,51.0,1.7,166,123,52,1.4,814.0,Yoga,31.2,1.5,2,1,17.65
20,Female,63.9,1.56,186,131,51,1.21,755.0,Cardio,30.1,1.8,2,1,26.26
57,Male,88.8,1.76,188,158,72,1.57,1093.0,Yoga,33.0,3.5,3,1,28.67
42,Female,53.8,1.67,171,145,60,0.79,460.0,Cardio,31.4,2.7,3,1,19.29
32,Male,69.0,1.91,164,163,51,1.52,1232.0,Strength,27.7,3.1,3,1,18.91
20,Female,71.6,1.7,192,143,66,1.35,874.0,Strength,32.7,2.5,3,2,24.78
48,Female,71.1,1.67,182,159,74,1.28,965.0,Yoga,33.9,2.5,3,1,25.49
59,Male,89.0,1.79,175,153,59,0.98,840.0,Yoga,26.5,2.5,2,3,27.78
18,Female,67.3,1.59,176,162,73,0.66,613.0,Strength,35.0,2.2,4,1,26.62
41,Male,104.5,1.91,195,135,50,0.86,643.0,Yoga,22.3,2.4,4,2,28.65
54,Female,74.7,1.67,180,154,64,1.05,639.0,Cardio,32.6,2.4,2,3,26.78
54,Female,69.9,1.63,174,142,65,1.04,783.0,Strength,26.2,1.9,4,1,26.31
40,Female,50.3,1.79,181,137,65,0.5,411.0,Yoga,25.5,2.6,2,1,15.7
53,Male,56.3,1.69,160,156,62,1.49,1030.0,Cardio,24.4,3.1,3,2,19.71
18,Female,75.6,1.74,163,163,56,1.09,1092.0,Strength,32.4,2.8,2,2,24.97
29,Male,112.2,1.86,186,164,56,1.04,964.0,Yoga,25.3,1.9,3,1,32.43
43,Male,109.2,1.65,160,163,74,1.27,1133.0,HIIT,17.8,3.7,3,1,40.11
36,Female,64.1,1.68,199,153,68,1.15,792.0,Cardio,33.0,1.9,2,2,22.71
45,Male,57.6,1.86,187,137,58,1.1,799.0,Cardio,23.1,3.7,2,1,16.65
41,Male,93.1,2.0,179,138,72,1.29,656.0,HIIT,28.4,3.7,2,1,23.28
36,Male,48.2,1.61,171,153,70,1.07,1067.0,Strength,31.9,2.5,4,3,18.59
37,Male,104.0,1.85,174,169,58,0.53,603.0,Cardio,26.3,3.2,3,2,30.39
33,Male,71.4,1.76,184,128,58,1.38,967.0,HIIT,27.0,2.6,5,2,23.05
19,Male,72.0,1.94,160,136,53,1.51,1130.0,Yoga,24.3,3.2,5,3,19.13
18,Male,102.0,1.83,160,158,63,1.31,1067.0,Strength,21.9,2.9,2,2,30.46
55,Male,116.4,1.99,187,123,61,0.98,728.0,Yoga,28.4,3.3,2,1,29.39
57,Male,85.0,1.78,171,137,70,1.81,1205.0,Cardio,12.5,3.6,5,3,26.83
22,Female,63.8,1.53,161,167,61,1.32,1102.0,HIIT,28.1,1.8,4,2,27.25
38,Female,54.1,1.77,182,137,74,1.22,943.0,Cardio,27.3,1.5,3,2,17.27
59,Male,129.6,1.9,169,133,56,0.94,712.0,Cardio,28.6,3.6,2,1,35.9
40,Male,78.8,1.58,164,136,52,1.19,677.0,Strength,22.4,3.3,5,3,31.57
38,Female,77.8,1.71,191,167,73,1.11,1042.0,Cardio,23.9,2.6,3,3,26.61
24,Female,50.3,1.66,187,165,66,0.51,319.0,Yoga,28.6,1.7,2,2,18.25
25,Male,84.9,1.61,178,123,74,1.62,1280.0,HIIT,13.1,3.0,4,3,32.75
52,Male,117.3,1.92,196,121,65,0.75,476.0,HIIT,23.6,3.0,2,1,31.82
41,Female,41.4,1.7,191,146,59,1.13,745.0,HIIT,31.9,2.8,3,2,14.33
29,Male,99.9,1.85,199,127,57,1.32,961.0,HIIT,24.7,3.7,2,2,29.19
59,Male,125.2,1.9,179,155,50,0.74,469.0,Yoga,21.3,3.4,3,2,34.68
24,Female,79.4,1.78,160,160,66,1.35,1074.0,Yoga,24.9,1.5,3,1,25.06
21,Male,86.0,1.82,160,143,71,1.96,1333.0,HIIT,15.2,3.6,5,3,25.96
44,Female,69.6,1.61,185,169,52,1.29,1127.0,Strength,27.5,2.1,3,2,26.85
48,Female,54.2,1.64,178,159,50,1.47,1049.0,Strength,14.0,2.5,5,3,20.15
56,Female,64.6,1.55,181,142,68,0.5,422.0,HIIT,23.2,1.9,3,2,26.89
24,Male,45.1,1.77,167,134,74,0.84,769.0,HIIT,22.4,2.4,2,1,14.4
28,Male,75.1,1.99,184,168,64,1.08,1084.0,Strength,22.3,1.7,2,1,18.96
51,Female,67.8,1.52,190,136,65,1.82,1133.0,HIIT,24.4,2.6,4,2,29.35
37,Male,51.7,1.83,160,160,74,0.88,857.0,Strength,19.6,2.9,2,2,15.44
53,Female,64.1,1.51,167,163,65,1.61,1342.0,HIIT,19.0,3.0,3,3,28.11
27,Female,40.9,1.73,161,148,58,0.89,577.0,Yoga,24.1,2.3,2,1,13.67
39,Male,47.4,1.64,176,150,65,0.68,440.0,Strength,28.9,2.3,4,1,17.62
35,Male,83.9,1.68,186,131,66,1.76,1200.0,Yoga,12.8,3.3,3,2,29.73
23,Female,69.8,1.76,166,151,57,1.42,930.0,Cardio,33.6,2.7,4,1,22.53
43,Male,61.1,1.7,199,153,66,1.3,939.0,HIIT,23.2,2.9,5,1,21.14
25,Male,76.5,1.9,189,140,55,1.51,1075.0,HIIT,28.1,2.8,3,2,21.19
47,Male,128.4,1.63,196,151,63,0.73,618.0,Cardio,33.3,3.7,2,1,48.33
54,Male,107.4,1.9,199,161,55,1.67,1173.0,Yoga,24.1,1.6,3,1,29.75
54,Female,60.8,1.6,165,147,57,1.39,779.0,Strength,32.9,2.3,3,1,23.75
31,Male,53.6,1.57,182,122,52,1.36,976.0,Strength,29.3,2.3,4,1,21.75
34,Male,88.4,1.74,186,134,63,1.63,1149.0,Yoga,11.5,3.4,3,3,29.2
58,Male,93.3,1.77,171,154,65,1.61,1027.0,Cardio,24.1,3.5,4,1,29.78
27,Male,127.1,1.72,165,160,58,1.37,1152.0,Strength,26.0,3.3,3,1,42.96
47,Male,44.9,1.98,167,124,54,0.94,526.0,Yoga,29.3,2.4,2,1,11.45
50,Male,54.2,1.7,160,142,67,1.22,962.0,Yoga,20.4,3.0,2,3,18.75
37,Male,93.4,1.94,187,159,64,1.52,1185.0,Cardio,22.5,2.3,2,1,24.82
54,Male,82.4,1.94,170,146,51,1.39,1135.0,HIIT,12.6,3.7,3,2,21.89
52,Male,55.1,1.64,186,169,53,0.75,540.0,Yoga,23.2,3.4,4,1,20.49
49,Male,85.1,1.93,183,123,65,1.97,1267.0,HIIT,19.6,3.7,4,3,22.85
23,Female,59.8,1.53,191,153,50,1.02,741.0,Cardio,26.8,2.1,4,3,25.55
36,Male,100.6,2.0,194,139,51,1.09,1042.0,HIIT,20.5,3.7,2,3,25.15
27,Male,119.3,1.96,176,133,66,0.58,528.0,Yoga,22.7,2.7,2,1,31.05
38,Female,68.8,1.5,192,137,64,1.29,920.0,Cardio,29.4,1.5,2,3,30.58
27,Male,89.7,1.85,167,155,64,1.42,1396.0,Strength,17.6,3.5,5,3,26.21
54,Female,58.1,1.74,199,153,68,1.86,1170.0,HIIT,14.6,2.7,5,3,19.19
39,Female,67.4,1.69,197,132,71,1.8,1090.0,Yoga,18.2,2.3,4,2,23.6
47,Female,54.2,1.57,169,156,71,1.27,898.0,Strength,32.4,2.2,5,2,21.99
39,Male,57.6,1.65,194,127,57,1.05,687.0,Cardio,25.9,3.7,3,2,21.16
18,Female,60.9,1.79,186,139,64,1.56,1121.0,Cardio,18.7,3.1,3,3,19.01
45,Female,43.5,1.76,166,153,60,1.5,1075.0,Strength,25.5,2.6,4,3,14.04
51,Female,75.9,1.54,182,135,50,0.77,459.0,Cardio,34.0,2.3,2,1,32.0
53,Female,64.9,1.84,192,124,70,0.96,590.0,HIIT,31.8,3.0,5,3,19.17
42,Male,92.1,1.76,184,158,64,1.23,1122.0,HIIT,22.0,3.7,3,2,29.73
18,Female,67.2,1.5,184,125,72,1.15,692.0,Cardio,29.3,2.3,4,1,29.87
27,Male,73.2,1.6,179,124,73,0.89,652.0,Yoga,28.8,2.5,3,2,28.59
30,Female,51.7,1.5,181,143,55,1.14,912.0,Strength,25.0,2.0,2,2,22.98
18,Female,65.0,1.55,174,120,59,1.47,917.0,Cardio,27.3,2.3,3,3,27.06
26,Female,57.7,1.84,175,158,64,1.62,1308.0,Yoga,15.6,2.4,4,2,17.04
55,Female,77.9,1.61,197,144,74,0.85,769.0,Yoga,32.1,1.9,5,1,30.05
55,Female,45.1,1.69,185,120,57,1.35,810.0,HIIT,33.3,2.2,3,1,15.79
51,Male,81.0,1.88,163,143,58,1.78,1086.0,HIIT,11.9,3.1,4,3,22.92
30,Male,87.7,1.95,164,159,52,1.69,1549.0,Cardio,14.2,3.4,4,3,23.06
18,Male,82.7,1.87,162,131,59,1.26,982.0,HIIT,21.4,2.6,3,2,23.65
45,Male,73.4,1.98,170,169,61,1.44,1242.0,Cardio,29.1,2.5,3,2,18.72
24,Female,54.5,1.5,180,127,73,1.62,787.0,Cardio,35.0,2.3,3,1,24.22
19,Male,110.1,1.7,190,128,56,0.97,803.0,Yoga,28.5,3.1,4,2,38.1
59,Female,47.8,1.69,180,145,56,0.93,649.0,Yoga,34.2,2.3,2,2,16.74
32,Female,47.3,1.59,162,155,54,1.45,1048.0,Yoga,31.0,2.3,2,1,18.71
19,Male,81.2,1.77,182,162,59,0.5,627.0,Strength,28.9,2.8,4,1,25.92
58,Male,88.4,1.71,192,157,70,1.5,1219.0,Yoga,31.0,3.7,4,1,30.23
59,Male,124.1,1.91,174,149,50,0.64,542.0,Yoga,17.9,2.8,4,1,34.02
20,Female,78.6,1.75,165,156,60,1.18,1005.0,Strength,29.7,2.1,5,2,25.67
30,Female,53.1,1.72,177,138,69,0.5,337.0,Strength,28.5,2.7,3,1,17.95
52,Female,68.3,1.64,191,165,50,1.09,637.0,Strength,29.7,1.7,2,1,25.39
39,Male,85.8,1.74,181,162,70,1.91,1550.0,HIIT,12.2,3.7,5,3,28.34
20,Female,65.5,1.64,182,121,74,0.61,303.0,Cardio,34.3,1.6,2,1,24.35
41,Male,45.8,1.7,171,151,65,0.54,621.0,Strength,26.1,2.6,2,1,15.85
51,Male,71.4,1.74,168,152,74,1.02,744.0,Yoga,29.8,2.9,4,2,23.58
53,Male,90.2,1.89,160,140,60,1.41,1239.0,Cardio,13.2,3.3,3,3,25.25
56,Female,47.5,1.75,160,146,74,0.96,689.0,HIIT,26.8,1.5,4,1,15.51
35,Female,67.6,1.6,160,120,69,1.12,722.0,HIIT,31.9,1.6,3,2,26.41
56,Female,51.4,1.63,193,159,69,1.6,1147.0,HIIT,25.6,3.2,2,1,19.35
56,Male,77.2,1.92,160,146,74,1.2,835.0,Yoga,25.8,2.6,2,2,20.94
46,Female,64.7,1.68,160,145,57,1.15,743.0,Yoga,33.0,2.3,2,1,22.92
25,Male,82.7,1.78,193,120,62,1.34,727.0,Yoga,27.8,3.7,2,2,26.1
25,Male,89.7,1.68,173,123,59,1.46,922.0,Strength,13.5,3.5,4,3,31.78
53,Male,81.6,1.89,183,123,74,1.63,918.0,Yoga,15.1,3.5,4,3,22.84
37,Female,64.3,1.6,185,156,65,0.85,837.0,Cardio,35.0,1.5,3,3,25.12
29,Male,57.8,1.69,187,130,52,1.16,760.0,Yoga,24.3,3.1,3,1,20.24
31,Female,63.7,1.68,161,145,67,1.84,1422.0,Strength,20.7,2.6,4,3,22.57
51,Female,41.1,1.68,188,150,73,0.98,621.0,Yoga,35.0,2.7,4,3,14.56
52,Male,88.7,1.67,180,151,61,1.66,1324.0,Yoga,11.0,3.7,3,3,31.8
37,Male,120.8,1.75,190,141,51,0.86,649.0,HIIT,19.6,3.0,3,2,39.44
51,Female,56.2,1.5,176,143,58,1.14,745.0,Strength,28.6,1.5,4,3,24.98
33,Male,71.7,1.87,163,130,67,0.56,398.0,Cardio,22.5,3.7,2,1,20.5
58,Male,49.4,1.87,170,160,50,0.55,569.0,HIIT,31.4,2.9,3,1,14.13
59,Female,40.0,1.67,171,126,55,1.23,775.0,Strength,31.7,2.6,2,1,14.34
57,Female,68.2,1.71,162,145,70,1.3,801.0,Cardio,26.0,1.9,2,1,23.32
26,Male,125.1,2.0,189,149,64,1.47,1189.0,Strength,26.2,3.1,3,2,31.28
36,Male,68.1,1.58,163,133,56,0.75,471.0,Cardio,28.2,3.3,2,1,27.28
46,Male,46.5,1.76,175,169,53,1.48,1147.0,Yoga,24.2,2.7,3,2,15.01
20,Male,85.2,1.74,182,165,52,0.69,643.0,Strength,32.1,3.0,3,1,28.14
18,Male,73.7,1.72,178,122,73,1.25,856.0,Yoga,21.1,3.3,3,3,24.91
32,Female,68.0,1.8,171,139,65,1.4,829.0,Yoga,25.6,2.0,5,1,20.99
18,Male,88.9,1.8,191,166,74,1.4,1164.0,Cardio,25.2,3.4,2,1,27.44
56,Female,63.7,1.75,168,134,61,0.52,418.0,Cardio,26.9,1.8,3,1,20.8
31,Male,91.7,2.0,174,153,59,1.33,1200.0,HIIT,21.5,3.7,2,3,22.92
49,Male,77.3,1.82,169,137,53,1.42,949.0,Strength,28.5,3.7,4,1,23.34
55,Male,89.1,1.85,196,136,71,1.26,777.0,Yoga,27.5,2.3,5,2,26.03
51,Female,62.7,1.53,162,166,70,1.9,1230.0,HIIT,22.4,1.7,3,2,26.78
21,Male,78.0,1.87,192,140,54,1.91,1439.0,Yoga,10.0,3.2,4,3,22.31
44,Female,74.7,1.56,172,166,73,0.67,688.0,Yoga,29.6,1.5,4,1,30.7
44,Female,64.3,1.55,175,141,68,1.15,955.0,Yoga,27.9,2.9,4,3,26.76
40,Male,103.5,2.0,194,129,70,0.61,582.0,HIIT,25.2,2.7,2,1,25.88
47,Male,90.6,1.83,177,149,67,1.6,1328.0,Yoga,11.9,3.3,5,3,27.05
19,Male,55.7,1.59,173,169,65,1.2,1047.0,Yoga,25.2,3.7,5,1,22.03
46,Female,56.5,1.65,182,140,65,0.92,659.0,Cardio,27.2,1.7,3,2,20.75
38,Female,58.4,1.62,160,159,74,0.88,823.0,Strength,25.1,2.3,4,2,22.25
55,Female,77.4,1.61,165,131,54,1.43,619.0,HIIT,29.6,1.9,3,2,29.86
22,Male,69.1,1.58,183,163,56,1.6,1265.0,Strength,24.9,2.7,3,1,27.68
51,Female,44.4,1.7,188,142,56,0.81,651.0,Yoga,34.3,2.3,3,1,15.36
46,Female,61.0,1.84,196,126,74,1.55,792.0,Yoga,29.5,3.1,4,1,18.02
59,Male,87.2,1.77,193,148,69,1.93,1426.0,Cardio,14.3,3.7,5,2,27.83
45,Male,73.6,1.98,169,163,63,1.08,935.0,HIIT,20.3,2.2,4,3,18.77
53,Female,45.1,1.66,184,135,74,1.26,715.0,HIIT,30.4,1.8,4,3,16.37
48,Female,63.4,1.51,180,159,66,1.48,1098.0,Strength,29.8,1.5,4,1,27.81
54,Male,60.2,1.99,185,134,66,0.62,482.0,Strength,28.7,3.5,2,2,15.2
27,Female,60.2,1.58,183,145,51,1.42,971.0,Yoga,23.5,1.8,2,2,24.11
49,Female,52.9,1.57,187,141,61,1.3,906.0,HIIT,34.9,2.1,2,1,21.46
46,Female,69.9,1.63,181,144,67,1.25,744.0,Yoga,26.4,2.5,3,2,26.31
40,Male,79.8,2.0,177,160,67,1.92,1279.0,Cardio,14.3,3.7,5,3,19.95
38,Male,69.0,1.8,199,141,50,0.56,511.0,Cardio,23.1,2.5,3,2,21.3
23,Female,63.0,1.7,194,164,67,0.89,685.0,Cardio,34.3,1.8,2,2,21.8
24,Male,112.5,1.85,188,166,61,1.01,889.0,Yoga,24.8,2.3,2,1,32.87
27,Female,62.4,1.55,174,128,58,1.0,674.0,Strength,32.7,1.6,2,3,25.97
47,Male,59.7,1.92,179,135,57,1.0,726.0,Strength,21.9,3.1,5,3,16.19
26,Male,68.2,1.77,186,151,59,0.85,610.0,HIIT,28.1,3.1,2,1,21.77
23,Female,61.9,1.5,196,133,63,1.96,1267.0,Strength,13.8,3.0,5,2,27.51
59,Male,81.2,1.62,173,167,66,1.62,1254.0,HIIT,15.5,3.7,5,2,30.94
34,Female,55.5,1.68,195,154,67,1.09,860.0,Cardio,32.7,1.6,3,2,19.66
24,Male,83.8,1.65,184,141,74,1.65,1314.0,Strength,11.9,3.3,4,3,30.78
31,Male,88.2,1.61,197,143,70,2.0,1514.0,Yoga,17.4,3.2,3,3,34.03
25,Female,74.3,1.79,199,152,58,1.26,1164.0,Yoga,29.5,1.6,3,1,23.19
30,Female,69.9,1.69,169,169,65,0.97,987.0,Cardio,27.9,1.6,5,1,24.47
30,Male,76.9,1.94,177,131,50,1.47,1042.0,Cardio,28.1,3.2,4,2,20.43
57,Male,81.0,1.73,190,159,61,1.35,965.0,Strength,27.6,3.3,4,1,27.06
46,Male,48.8,1.74,199,153,65,1.46,1188.0,Yoga,22.6,2.9,2,1,16.12
34,Female,62.7,1.74,186,149,70,1.74,1341.0,Yoga,19.5,2.7,4,2,20.71
21,Male,117.3,1.78,179,121,67,1.08,684.0,Strength,28.6,3.7,4,3,37.02
34,Female,74.2,1.71,191,147,61,1.27,730.0,Cardio,23.5,2.5,4,2,25.38
25,Female,67.0,1.71,190,131,74,0.52,303.0,Cardio,29.5,2.1,2,1,22.91
31,Female,62.5,1.66,160,150,71,1.91,1406.0,Strength,17.1,3.2,4,3,22.68
52,Female,74.4,1.55,182,140,61,0.82,407.0,HIIT,29.8,1.8,2,2,30.97
59,Male,109.1,1.77,176,162,54,1.05,751.0,HIIT,26.8,2.5,2,1,34.82
31,Male,79.3,2.0,168,130,50,1.54,919.0,Strength,30.2,3.3,2,2,19.82
40,Female,61.9,1.75,199,137,55,1.82,1063.0,Yoga,14.7,2.2,4,3,20.21
47,Male,91.5,1.87,172,143,52,1.25,673.0,Cardio,27.2,3.5,2,2,26.17
51,Male,87.5,1.77,185,140,54,2.0,1341.0,Yoga,13.8,3.1,5,3,27.93
50,Male,66.0,1.73,165,163,60,1.2,944.0,Strength,24.8,2.4,2,2,22.05
42,Female,51.6,1.55,171,137,65,1.08,596.0,HIIT,24.9,1.5,3,3,21.48
30,Female,65.0,1.67,196,155,60,1.55,1365.0,HIIT,16.9,2.5,4,3,23.31
55,Female,73.6,1.63,160,136,56,0.5,402.0,Cardio,34.8,2.0,4,2,27.7
29,Female,59.7,1.54,168,158,62,1.35,1010.0,Yoga,34.0,1.8,4,2,25.17
44,Female,68.4,1.72,173,167,58,1.25,1064.0,Yoga,25.7,2.1,4,2,23.12
40,Male,83.4,1.71,166,146,54,1.76,1387.0,Cardio,12.5,3.4,5,3,28.52
59,Male,109.0,1.93,198,153,53,1.53,1199.0,Yoga,28.3,2.5,3,2,29.26
27,Male,122.4,1.8,174,162,62,1.1,1037.0,Yoga,22.3,3.0,5,3,37.78
47,Female,59.7,1.5,170,141,69,1.14,766.0,Strength,33.5,1.7,3,1,26.53
28,Female,64.3,1.79,194,152,70,1.72,1429.0,Yoga,18.9,2.3,5,2,20.07
59,Male,103.1,1.9,199,151,60,1.42,1170.0,Yoga,23.0,2.7,2,2,28.56
40,Female,77.0,1.77,165,159,73,1.15,936.0,Strength,29.9,2.0,4,1,24.58
22,Male,96.1,1.83,191,140,50,1.12,962.0,Yoga,25.2,2.2,5,3,28.7
29,Male,87.0,1.81,168,129,62,1.85,1161.0,Yoga,13.0,3.7,4,3,26.56
18,Male,86.3,2.0,189,149,68,1.69,1514.0,HIIT,13.8,3.2,3,3,21.58
35,Male,68.0,1.91,167,146,73,1.25,1114.0,Cardio,27.4,3.3,4,3,18.64
37,Male,114.7,1.84,161,136,64,1.23,940.0,HIIT,21.5,3.7,4,2,33.88
22,Female,40.7,1.63,193,127,62,0.56,406.0,Yoga,26.5,3.4,2,2,15.32
55,Male,125.5,1.68,170,143,65,1.14,1025.0,Strength,30.0,3.0,3,2,44.47
40,Female,64.7,1.54,199,139,72,1.98,1399.0,Cardio,17.6,2.8,5,2,27.28
50,Female,63.5,1.76,190,129,58,1.12,750.0,HIIT,25.2,2.0,2,1,20.5
53,Male,58.7,1.88,185,135,58,0.85,484.0,Strength,30.1,3.1,4,1,16.61
38,Female,69.4,1.73,185,124,50,1.23,988.0,Strength,27.6,2.6,5,3,23.19
40,Female,56.3,1.78,178,165,65,1.89,1539.0,Yoga,17.1,2.3,4,2,17.77
25,Male,104.8,1.85,160,159,63,1.34,1000.0,Strength,19.6,3.1,3,3,30.62
51,Male,73.1,1.69,190,139,68,1.33,934.0,Strength,22.8,1.9,2,2,25.59
38,Female,53.6,1.57,168,150,65,1.21,1058.0,Strength,31.2,2.4,3,1,21.75
51,Male,56.4,1.94,183,127,71,1.12,597.0,Yoga,28.2,3.5,5,1,14.99
59,Female,75.1,1.74,177,157,51,1.35,957.0,Strength,30.9,2.6,4,3,24.81
29,Female,51.2,1.65,168,168,67,1.29,1050.0,Yoga,28.5,2.6,3,2,18.81
30,Male,124.4,1.6,160,142,70,1.23,947.0,HIIT,29.9,2.8,4,1,48.59
33,Male,110.4,1.63,195,139,64,0.59,655.0,HIIT,25.8,3.4,3,1,41.55
28,Female,63.3,1.59,194,138,55,1.82,1326.0,Yoga,19.9,3.3,5,2,25.04
25,Male,48.2,1.73,199,120,69,1.37,971.0,Strength,22.4,2.4,2,2,16.1
34,Male,105.4,1.64,182,146,70,1.48,1120.0,Strength,25.7,2.9,4,3,39.19
29,Male,87.9,1.69,190,125,61,1.93,1321.0,Yoga,16.7,3.1,4,3,30.78
37,Female,65.8,1.6,185,163,65,0.87,822.0,Cardio,35.0,1.8,4,1,25.7
57,Female,42.8,1.62,168,133,59,1.25,685.0,Yoga,27.4,1.6,5,2,16.31
46,Female,70.0,1.53,166,139,56,0.73,548.0,Strength,31.9,3.0,2,1,29.9
49,Female,65.8,1.76,160,141,55,1.1,803.0,Yoga,35.0,1.7,2,1,21.24
53,Male,111.9,1.69,194,145,56,1.52,1089.0,Yoga,26.1,2.1,2,3,39.18
59,Female,71.1,1.7,175,156,62,1.03,699.0,Yoga,26.8,1.9,5,1,24.6
35,Female,48.8,1.69,162,123,54,1.18,669.0,HIIT,33.8,3.0,2,1,17.09
46,Female,47.2,1.7,164,162,71,1.35,968.0,Strength,33.1,2.1,4,3,16.33
53,Male,87.6,2.0,161,133,53,1.74,1133.0,Cardio,15.4,3.7,5,3,21.9
40,Female,52.5,1.76,167,164,54,1.35,956.0,Strength,28.3,2.3,2,3,16.95
57,Male,115.8,1.64,162,169,71,0.81,708.0,Strength,26.6,3.0,2,1,43.05
20,Female,47.3,1.52,171,132,62,1.52,981.0,Strength,31.5,2.8,2,3,20.47
43,Female,62.6,1.54,173,120,53,2.0,1015.0,Cardio,15.5,2.0,3,2,26.4
46,Female,59.1,1.6,191,142,65,0.93,594.0,Cardio,27.0,1.9,4,2,23.09
33,Female,40.9,1.5,168,164,72,1.06,1005.0,Cardio,25.4,2.2,2,3,18.18
41,Male,70.6,1.89,195,147,50,0.76,453.0,Cardio,21.5,2.0,2,2,19.76
51,Male,48.5,1.86,176,123,68,0.84,647.0,Yoga,23.9,3.4,4,1,14.02
23,Male,64.5,1.83,160,135,66,0.5,399.0,Strength,22.0,2.3,2,2,19.26
40,Male,87.9,1.9,189,143,64,2.0,1308.0,Yoga,14.5,3.7,5,3,24.35
33,Male,70.8,1.79,187,133,59,1.26,832.0,Yoga,26.1,3.0,3,1,22.1
46,Female,52.6,1.53,194,130,73,1.01,730.0,Cardio,35.0,2.5,2,1,22.47
50,Male,88.8,1.95,179,156,67,2.0,1492.0,Strength,10.4,3.0,3,2,23.35
36,Female,66.5,1.52,186,129,64,1.32,893.0,Cardio,33.2,2.1,3,3,28.78
25,Female,53.6,1.54,190,147,56,1.55,1033.0,Yoga,25.3,1.9,2,2,22.6
28,Male,92.3,1.64,162,155,72,1.25,1128.0,Cardio,29.4,1.9,3,1,34.32
31,Male,129.3,2.0,186,148,63,1.17,1167.0,Strength,24.7,3.0,5,2,32.33
40,Male,80.7,1.72,168,133,65,1.01,633.0,Cardio,25.8,2.7,3,3,27.28
19,Male,82.9,1.75,175,125,60,1.52,1124.0,Cardio,14.2,3.7,3,2,27.07
56,Male,127.3,1.7,172,160,50,1.16,945.0,Cardio,19.6,2.4,5,2,44.05
28,Female,67.6,1.7,169,145,62,1.21,829.0,Cardio,25.6,1.8,3,1,23.39
23,Male,108.9,1.93,165,143,59,1.04,908.0,HIIT,18.6,3.5,5,1,29.24
24,Female,63.2,1.53,173,139,67,1.37,954.0,HIIT,29.8,2.3,3,3,27.0
34,Male,68.1,1.77,174,162,67,1.17,1085.0,Yoga,27.8,3.6,3,1,21.74
43,Male,72.1,1.9,171,165,66,0.67,805.0,Strength,28.3,2.6,3,1,19.97
20,Female,75.3,1.55,178,161,66,1.05,876.0,Strength,33.4,2.2,4,1,31.34
28,Female,74.8,1.77,175,151,56,1.37,908.0,Yoga,22.4,1.9,3,3,23.88
59,Male,87.5,1.7,189,146,64,1.24,809.0,Yoga,24.8,3.4,2,1,30.28
51,Female,78.6,1.58,174,168,72,0.93,786.0,Cardio,30.0,2.6,2,1,31.49
36,Female,42.1,1.72,199,162,51,0.56,484.0,Cardio,23.6,3.0,2,2,14.23
48,Male,57.7,1.77,165,136,66,1.64,1009.0,Yoga,20.2,3.7,2,3,18.42
51,Male,83.9,1.95,184,155,71,2.0,1458.0,Yoga,12.5,3.2,4,3,22.06
18,Male,88.7,1.97,177,132,56,1.53,1209.0,Cardio,10.0,3.5,4,3,22.86
52,Male,85.9,1.72,193,162,74,1.9,1524.0,HIIT,10.5,3.4,4,3,29.04
42,Male,108.0,2.0,193,137,74,0.99,605.0,HIIT,24.4,2.3,3,2,27.0
32,Female,60.7,1.77,190,156,63,1.59,1408.0,Yoga,15.8,2.7,5,2,19.38
43,Female,41.0,1.77,184,133,51,1.12,886.0,Strength,26.8,2.0,2,1,13.09
54,Female,60.7,1.52,166,149,64,1.74,1200.0,HIIT,15.7,2.4,4,3,26.27
23,Male,54.0,1.69,173,129,74,0.83,649.0,Strength,24.4,2.8,4,2,18.91
39,Female,57.4,1.82,176,164,62,1.92,1371.0,Yoga,17.8,3.0,5,3,17.33
46,Female,54.7,1.66,192,145,56,1.39,629.0,Yoga,32.9,3.3,2,1,19.85
54,Male,108.0,1.79,184,152,60,0.51,477.0,Strength,28.7,3.3,3,2,33.71
25,Male,68.9,1.97,186,153,74,0.86,673.0,HIIT,24.3,3.5,4,1,17.75
42,Male,51.5,1.91,190,150,70,1.1,813.0,Strength,29.2,3.0,5,3,14.12
20,Female,60.7,1.62,186,160,50,1.74,1378.0,Cardio,20.0,2.3,5,3,23.13
50,Male,66.8,1.97,193,143,73,1.31,887.0,HIIT,25.0,2.0,2,1,17.21
23,Female,46.5,1.54,175,136,67,1.48,926.0,Strength,33.7,2.5,2,3,19.61
44,Female,66.6,1.75,168,152,52,1.32,933.0,HIIT,30.5,3.0,3,3,21.75
35,Male,88.0,1.62,178,144,59,1.97,1665.0,HIIT,13.5,3.1,5,2,33.53
34,Female,63.4,1.53,182,133,72,1.63,1075.0,HIIT,31.5,3.1,2,2,27.08
45,Female,65.4,1.53,192,137,62,2.0,1189.0,Yoga,17.0,3.4,4,2,27.94
53,Male,112.0,1.82,187,160,67,0.85,429.0,Strength,27.2,3.5,4,2,33.81
40,Female,67.9,1.51,165,163,72,0.71,661.0,Yoga,29.3,1.7,2,1,29.78
43,Female,61.8,1.53,165,138,64,1.15,719.0,Strength,31.1,1.7,3,3,26.4
52,Male,124.9,1.73,183,128,74,1.15,843.0,Strength,20.0,2.9,3,3,41.73
51,Male,86.5,1.76,190,142,70,1.45,993.0,Strength,26.9,3.2,3,1,27.92
24,Male,126.4,1.85,167,132,57,0.78,478.0,HIIT,26.9,1.7,3,1,36.93
34,Female,59.3,1.67,190,127,50,1.57,986.0,Cardio,17.2,3.4,4,2,21.26
30,Male,81.2,1.98,162,126,56,1.24,1093.0,Strength,27.3,2.9,3,1,20.71
25,Male,111.4,1.91,189,169,53,1.0,965.0,Yoga,26.5,2.0,2,1,30.54
52,Male,91.1,1.86,160,150,59,1.72,1048.0,Cardio,10.0,3.7,3,3,26.33
42,Female,61.4,1.5,170,143,63,1.08,667.0,Strength,31.9,1.5,3,3,27.29
54,Female,70.6,1.51,164,169,68,1.76,1338.0,HIIT,17.1,2.7,4,3,30.96
34,Female,62.1,1.67,192,154,65,1.15,775.0,Cardio,32.7,2.1,2,1,22.27
45,Male,92.3,2.0,198,129,60,1.51,951.0,HIIT,26.1,1.8,3,2,23.08
23,Female,50.0,1.59,195,169,55,1.42,1240.0,Cardio,23.8,3.1,5,3,19.78
36,Female,62.1,1.83,169,146,64,1.34,935.0,Yoga,27.4,2.4,5,2,18.54
26,Male,108.9,1.67,188,138,63,0.97,793.0,Cardio,27.7,2.8,3,2,39.05
56,Male,106.2,1.73,186,122,50,1.01,718.0,Yoga,28.3,3.2,4,2,35.48
44,Male,81.2,1.78,184,136,56,1.51,1137.0,Yoga,10.0,3.7,3,3,25.63
51,Male,82.6,1.84,189,156,53,1.06,937.0,HIIT,23.2,2.5,5,3,24.4
39,Female,59.3,1.74,175,148,61,1.56,1271.0,Strength,17.2,2.5,5,2,19.59
57,Female,45.6,1.61,183,124,74,1.36,647.0,Yoga,28.7,1.5,5,1,17.59
29,Male,123.7,1.68,173,157,65,1.14,934.0,Yoga,23.6,3.4,3,3,43.83
41,Female,52.6,1.55,172,134,58,1.7,936.0,Yoga,17.8,2.5,5,3,21.89
23,Male,103.4,1.98,177,129,69,0.86,666.0,Yoga,29.5,3.3,3,1,26.37
19,Male,104.9,1.95,175,130,70,1.06,802.0,Yoga,31.4,3.1,3,2,27.59
23,Female,59.5,1.54,189,157,56,0.87,812.0,Cardio,32.1,2.6,5,2,25.09
20,Male,106.6,1.81,169,125,53,1.02,698.0,Yoga,30.6,2.0,5,3,32.54
44,Male,72.0,1.65,183,134,70,0.55,303.0,Strength,30.2,3.6,3,1,26.45
55,Male,129.9,1.77,189,158,58,0.76,502.0,Yoga,23.9,3.0,3,1,41.46
27,Male,127.4,1.76,171,158,61,1.31,1186.0,Strength,26.3,2.4,2,1,41.13
56,Female,61.4,1.71,180,151,74,1.48,1102.0,HIIT,16.9,3.1,3,3,21.0
56,Female,57.6,1.65,163,162,73,1.58,1137.0,HIIT,17.9,3.3,4,3,21.16
48,Male,97.6,1.77,193,125,63,1.35,945.0,Strength,27.4,2.7,3,3,31.15
51,Female,55.4,1.63,193,138,62,1.97,1151.0,Yoga,20.9,3.2,5,3,20.85
19,Male,100.0,1.81,184,136,51,1.18,1009.0,Yoga,22.2,2.9,3,1,30.52
38,Male,64.7,1.61,160,169,71,0.96,913.0,Cardio,26.6,2.7,3,2,24.96
50,Female,70.8,1.55,161,141,55,0.65,515.0,Strength,32.4,2.9,2,2,29.47
23,Male,79.5,1.56,171,160,67,1.88,1678.0,HIIT,11.5,3.3,5,3,32.67
23,Female,54.5,1.55,182,134,71,1.5,895.0,Cardio,33.2,2.4,5,3,22.68
43,Male,66.8,1.7,185,139,68,0.82,542.0,Yoga,24.9,3.6,2,1,23.11
39,Male,129.9,1.84,177,162,71,1.41,1105.0,Strength,31.8,2.8,4,1,38.37
24,Male,101.6,1.97,199,120,74,1.27,966.0,HIIT,23.2,2.6,2,1,26.18
44,Female,72.0,1.64,164,147,62,1.02,681.0,Strength,35.0,2.6,2,1,26.77
36,Male,112.8,1.67,164,133,59,0.97,699.0,Cardio,25.8,3.2,4,3,40.45
38,Female,64.9,1.85,171,140,61,1.36,998.0,Yoga,31.1,2.0,5,3,18.96
48,Male,45.7,1.74,171,169,56,1.4,1340.0,Yoga,23.4,2.4,2,3,15.09
28,Female,46.1,1.79,171,145,58,0.76,556.0,Strength,33.2,2.4,2,1,14.39
54,Male,50.4,1.7,199,160,60,1.56,1255.0,Yoga,18.8,3.7,3,2,17.44
20,Female,76.7,1.6,170,169,61,0.97,737.0,Strength,34.4,2.6,2,3,29.96
53,Male,128.2,1.57,160,129,70,1.11,540.0,Yoga,21.2,2.1,2,1,52.01
39,Female,41.2,1.8,185,139,50,1.63,984.0,HIIT,35.0,2.6,3,2,12.72
41,Male,97.9,1.75,199,148,54,1.18,757.0,HIIT,23.9,3.7,3,1,31.97
48,Female,61.4,1.57,166,122,57,1.2,839.0,Yoga,30.4,2.7,3,1,24.91
29,Female,64.4,1.71,192,168,68,0.98,756.0,Cardio,33.8,2.7,3,1,22.02
19,Male,101.3,1.9,183,133,52,1.35,1045.0,Yoga,26.6,3.4,2,1,28.06
46,Female,76.0,1.63,179,153,70,1.05,860.0,HIIT,35.0,2.1,4,1,28.6
50,Male,68.0,1.78,160,125,64,1.32,834.0,Yoga,25.7,2.6,3,3,21.46
19,Male,83.6,1.96,180,156,70,1.87,1434.0,HIIT,12.8,3.3,3,3,21.76
53,Male,77.0,1.68,192,135,59,1.56,883.0,Yoga,20.5,2.6,4,2,27.28
47,Male,84.4,1.8,183,156,61,1.46,1305.0,Yoga,12.1,3.7,5,3,26.05
44,Female,46.4,1.79,177,134,57,0.81,575.0,Cardio,28.2,2.9,2,1,14.48
59,Male,52.3,1.79,174,134,67,1.47,1033.0,Strength,19.1,2.6,4,2,16.32
49,Male,98.7,1.65,182,120,58,1.26,887.0,Strength,24.2,3.0,2,3,36.25
56,Female,69.9,1.55,178,137,52,0.77,525.0,Cardio,27.4,1.5,4,1,29.09
32,Female,46.7,1.69,160,169,59,1.09,975.0,Cardio,22.3,3.1,2,1,16.35
36,Male,90.6,1.61,175,154,69,1.28,1235.0,Cardio,19.7,3.5,4,1,34.95
23,Female,79.3,1.5,177,169,72,1.55,1149.0,Strength,33.6,2.0,4,2,35.24
48,Male,51.5,1.92,196,152,74,1.07,768.0,Strength,29.3,3.3,4,2,13.97
28,Female,64.2,1.6,169,146,72,1.79,1335.0,Strength,20.3,2.8,5,3,25.08
35,Male,119.9,1.63,162,159,61,1.39,1186.0,Yoga,21.8,2.1,4,3,45.13
41,Male,101.2,1.84,160,161,60,0.67,565.0,Strength,26.2,3.7,2,1,29.89
21,Female,58.2,1.58,163,144,67,1.48,1237.0,HIIT,19.0,2.3,3,3,23.31
42,Male,51.4,1.75,166,146,61,1.24,818.0,Yoga,26.1,2.6,3,2,16.78
25,Male,88.7,1.91,166,134,59,1.24,997.0,HIIT,22.8,2.0,2,2,24.31
55,Female,70.5,1.66,183,169,50,1.45,1186.0,HIIT,26.8,2.1,2,1,25.58
42,Male,91.4,1.85,182,160,64,1.76,1297.0,Yoga,10.0,3.3,5,3,26.71
35,Female,66.0,1.6,180,149,64,1.66,1193.0,Yoga,19.3,3.2,5,3,25.78
39,Female,53.2,1.56,165,145,59,1.43,1033.0,Strength,30.5,2.0,3,2,21.86
44,Male,67.3,1.64,190,145,68,1.23,950.0,HIIT,18.3,2.5,2,1,25.02
46,Female,62.6,1.54,183,151,64,1.02,689.0,Strength,33.3,2.3,3,1,26.4
42,Female,78.4,1.62,169,140,64,1.18,703.0,Yoga,27.8,1.6,4,3,29.87
31,Female,54.9,1.5,182,122,54,1.97,1169.0,Strength,17.3,2.6,5,3,24.4
18,Male,125.7,1.66,170,147,61,1.41,1266.0,Yoga,17.4,2.7,4,2,45.62
38,Male,85.3,1.89,195,130,52,1.72,1460.0,Strength,10.0,3.3,4,3,23.88
43,Female,67.8,1.53,169,141,66,1.42,949.0,Yoga,26.6,2.4,4,3,28.96
49,Female,40.0,1.54,166,162,66,0.95,692.0,Yoga,27.9,2.5,4,1,16.87
41,Male,82.4,1.78,167,147,50,1.57,1409.0,Cardio,12.4,3.3,5,3,26.01
37,Male,112.0,1.63,167,140,58,0.8,777.0,Cardio,25.5,3.7,3,2,42.15
55,Female,51.1,1.68,195,120,73,1.29,803.0,Strength,30.5,3.0,4,3,18.11
45,Male,69.1,1.9,174,136,63,1.16,862.0,Cardio,29.1,3.2,4,1,19.14
34,Male,120.1,1.99,179,154,64,1.4,1180.0,Cardio,28.5,2.8,3,1,30.33
45,Male,77.5,1.75,196,168,66,1.55,1217.0,Cardio,11.8,3.7,5,3,25.31
30,Male,104.8,1.67,180,142,74,0.82,452.0,Cardio,27.3,2.4,2,1,37.58
22,Female,59.1,1.77,180,138,51,1.43,982.0,HIIT,34.6,2.5,2,1,18.86
44,Female,51.4,1.5,181,141,60,1.62,1007.0,Yoga,18.5,3.1,4,2,22.84
22,Female,78.5,1.73,169,150,60,1.56,1187.0,Strength,31.2,2.6,3,3,26.23
38,Female,77.6,1.86,169,137,56,1.48,904.0,Yoga,35.0,2.1,5,1,22.43
53,Male,59.2,2.0,189,157,64,1.2,768.0,HIIT,25.4,3.2,3,1,14.8
36,Male,90.0,1.86,189,163,71,2.0,1735.0,Strength,11.2,3.3,5,3,26.01
29,Male,70.7,1.69,186,150,61,0.62,686.0,HIIT,28.4,2.9,2,1,24.75
54,Male,86.9,1.72,172,137,57,0.98,688.0,Strength,23.5,2.4,3,3,29.37
32,Female,48.7,1.67,198,161,54,1.76,1273.0,Cardio,31.4,2.1,3,3,17.46
52,Female,66.9,1.5,160,137,61,1.3,863.0,HIIT,25.8,2.2,5,3,29.73
53,Female,67.7,1.7,191,162,71,1.22,914.0,Yoga,35.0,2.9,2,2,23.43
59,Male,87.6,1.95,160,146,61,1.53,1172.0,Cardio,10.0,3.7,3,2,23.04
26,Female,54.1,1.5,175,126,73,2.0,975.0,Strength,12.6,2.2,5,3,24.04
23,Male,107.6,1.96,166,154,54,0.81,1017.0,Cardio,27.8,3.2,3,3,28.01
18,Male,85.4,2.0,171,165,64,1.94,1753.0,HIIT,11.0,3.4,4,3,21.35
19,Female,56.5,1.82,190,163,74,1.21,1080.0,Cardio,32.2,2.6,4,3,17.06
37,Male,82.9,1.85,188,145,61,1.69,1200.0,Cardio,14.0,3.7,5,2,24.22
23,Male,103.4,1.81,189,144,65,1.09,1119.0,Strength,25.8,2.0,3,1,31.56
38,Male,62.9,1.82,166,152,51,1.1,1061.0,HIIT,25.0,1.9,2,2,18.99
50,Female,75.1,1.58,192,143,69,1.22,796.0,Yoga,29.7,2.6,4,3,30.08
44,Male,98.5,1.94,199,143,65,0.61,555.0,HIIT,22.0,2.8,2,1,26.17
50,Female,54.1,1.53,179,127,50,1.29,740.0,HIIT,32.3,2.0,5,3,23.11
46,Female,73.7,1.71,177,150,58,1.09,700.0,Yoga,29.0,2.5,3,1,25.2
42,Female,54.1,1.7,168,165,62,1.7,1164.0,Cardio,17.2,3.0,5,3,18.72
23,Female,46.2,1.62,166,163,59,0.88,798.0,HIIT,30.5,1.6,2,1,17.6
22,Female,44.1,1.69,197,163,61,1.05,734.0,HIIT,35.0,1.6,5,1,15.44
23,Female,40.0,1.53,196,120,58,1.36,842.0,HIIT,32.7,2.1,4,3,17.09
48,Female,60.4,1.54,183,139,56,1.68,948.0,Yoga,20.1,2.8,4,3,25.47
22,Male,97.9,1.76,161,151,58,1.23,971.0,Strength,21.5,2.8,2,2,31.61
37,Male,106.6,1.54,183,155,74,1.3,1106.0,Strength,28.1,3.2,3,1,44.95
59,Male,73.5,1.74,188,140,55,1.16,665.0,HIIT,27.7,3.5,2,1,24.28
54,Male,113.4,1.59,190,166,63,1.2,914.0,Cardio,19.9,3.0,3,1,44.86
59,Male,128.9,1.79,186,125,74,1.2,851.0,Strength,18.8,2.2,4,2,40.23
50,Male,81.5,1.86,184,133,60,1.89,1136.0,HIIT,13.4,3.3,4,3,23.56
44,Male,56.9,1.89,181,140,59,1.22,991.0,Cardio,27.4,3.0,3,2,15.93
50,Male,83.5,1.94,180,162,50,1.16,1042.0,HIIT,21.8,1.9,4,2,22.19
54,Male,66.2,1.75,197,143,74,1.4,1120.0,Strength,24.9,3.5,4,2,21.62
46,Male,116.4,1.7,186,134,61,0.79,522.0,Strength,25.5,2.0,2,1,40.28
56,Male,84.5,1.64,187,135,50,1.66,1048.0,Yoga,12.4,3.4,5,2,31.42
31,Female,53.8,1.84,167,128,65,0.92,850.0,Strength,26.9,2.5,4,3,15.89
46,Female,43.3,1.5,167,149,62,1.49,1013.0,Strength,28.4,2.8,5,1,19.24
31,Female,65.0,1.54,199,120,57,1.21,664.0,Strength,23.6,2.5,3,3,27.41
57,Male,87.6,1.86,166,138,61,1.83,1010.0,Cardio,10.0,3.6,5,3,25.32
41,Female,75.1,1.69,183,152,61,1.31,686.0,Yoga,27.6,1.9,2,1,26.29
20,Male,120.8,1.84,197,140,64,1.37,1008.0,Cardio,24.1,3.1,2,3,35.68
30,Female,78.7,1.7,179,169,70,1.22,1055.0,Cardio,28.8,2.7,3,2,27.23
18,Male,100.4,1.75,195,158,73,0.83,780.0,Cardio,20.7,2.3,3,2,32.78
42,Female,56.9,1.68,190,145,65,1.03,850.0,Cardio,32.2,1.7,3,2,20.16
21,Male,115.9,1.74,194,156,50,1.06,1216.0,Yoga,23.9,3.5,2,3,38.28
43,Female,61.9,1.6,171,120,50,1.67,1053.0,Cardio,19.4,2.5,3,3,24.18
31,Female,80.0,1.63,180,135,55,1.4,812.0,HIIT,31.6,1.5,4,2,30.11
18,Female,49.7,1.61,179,120,70,1.02,543.0,HIIT,35.0,2.6,3,1,19.17
52,Male,104.1,1.84,199,127,61,1.22,772.0,HIIT,23.8,3.0,2,1,30.75
49,Female,51.2,1.51,180,136,57,1.43,827.0,HIIT,34.0,1.9,4,2,22.46
55,Female,43.5,1.69,166,127,72,0.76,411.0,Strength,24.0,2.1,3,2,15.23
52,Female,62.3,1.66,171,156,73,0.6,469.0,HIIT,31.0,2.9,3,1,22.61
59,Male,86.9,1.78,193,147,63,1.24,669.0,Yoga,23.2,3.2,2,1,27.43
49,Male,84.8,1.85,189,159,51,1.28,992.0,HIIT,23.6,1.9,4,3,24.78
42,Male,98.6,1.98,192,140,74,1.15,678.0,Strength,29.5,2.9,4,3,25.15
32,Male,128.5,2.0,177,161,58,1.49,1126.0,Cardio,27.6,2.9,5,2,32.12
52,Female,46.6,1.56,175,153,65,1.04,945.0,HIIT,28.8,1.7,4,2,19.15
21,Female,65.9,1.72,193,124,74,0.5,303.0,Cardio,27.2,1.8,2,1,22.28
31,Female,52.0,1.66,163,159,71,1.39,971.0,Yoga,28.3,1.5,3,1,18.87
44,Male,102.2,1.92,198,153,68,0.61,675.0,HIIT,23.4,3.1,2,1,27.72
47,Male,52.1,1.9,187,131,59,1.19,767.0,Cardio,20.0,3.7,3,1,14.43
52,Female,66.2,1.6,160,166,71,1.81,1358.0,HIIT,13.3,2.6,3,3,25.86
18,Male,72.8,1.6,168,169,69,1.37,1114.0,Strength,22.1,2.8,2,1,28.44
48,Female,40.0,1.52,187,154,74,0.76,808.0,Yoga,34.9,2.1,3,3,17.31
27,Male,112.7,1.58,193,142,61,1.0,810.0,Cardio,26.9,2.7,3,1,45.15
58,Female,45.3,1.7,171,133,61,1.35,698.0,Yoga,28.9,1.8,4,3,15.67
24,Male,77.3,1.92,199,137,51,1.61,1271.0,Yoga,12.8,3.2,3,3,20.97
47,Female,54.1,1.69,174,131,71,0.65,419.0,Yoga,33.3,2.0,2,2,18.94
43,Male,63.0,1.91,177,135,60,1.2,1040.0,Cardio,27.0,1.8,4,3,17.27
18,Female,72.5,1.53,188,124,55,1.18,543.0,Strength,26.8,1.5,2,1,30.97
30,Female,72.4,1.59,171,126,58,1.3,769.0,Strength,29.3,2.1,3,1,28.64
44,Male,80.6,1.76,181,135,56,1.93,1139.0,Yoga,13.3,3.7,5,3,26.02
21,Male,121.4,1.76,181,147,67,0.92,850.0,Cardio,27.9,3.0,2,3,39.19
47,Male,88.0,1.65,185,141,74,1.84,1260.0,Cardio,14.1,3.5,4,2,32.32
43,Female,62.4,1.51,170,137,63,1.26,801.0,Strength,31.7,2.0,3,1,27.37
38,Female,63.5,1.71,174,144,58,1.68,1283.0,Yoga,18.0,2.7,5,2,21.72
40,Male,60.4,1.91,169,134,57,1.36,1150.0,Cardio,25.9,3.5,4,2,16.56
47,Male,62.4,1.7,173,169,56,1.17,978.0,Strength,17.7,1.9,3,1,21.59
29,Female,76.5,1.76,195,137,55,1.34,845.0,Cardio,23.8,1.5,3,2,24.7
19,Female,58.1,1.59,186,156,51,1.46,1433.0,Cardio,19.5,3.0,4,3,22.98
31,Female,76.6,1.7,186,133,56,1.23,822.0,HIIT,32.5,2.4,3,2,26.51
24,Female,65.5,1.8,164,142,58,1.61,997.0,Cardio,29.7,2.0,2,2,20.22
21,Male,91.0,1.95,183,130,71,1.14,938.0,Cardio,22.7,3.2,2,1,23.93
21,Female,67.3,1.5,187,151,72,1.33,975.0,Cardio,33.8,1.7,3,2,29.91
45,Female,71.0,1.53,177,148,62,1.56,967.0,Strength,31.2,2.2,4,2,30.33
51,Male,128.1,1.97,199,136,73,1.23,970.0,Strength,31.8,2.9,4,2,33.01
28,Male,105.5,1.71,188,143,74,0.63,591.0,Cardio,28.9,3.2,3,1,36.08
50,Female,66.0,1.72,165,145,59,1.24,708.0,Yoga,33.9,2.1,2,1,22.31
38,Male,115.8,1.82,184,141,66,1.34,1025.0,Cardio,24.2,2.9,3,1,34.96
57,Male,120.5,1.87,177,153,51,0.73,582.0,Yoga,20.5,3.0,3,1,34.46
46,Male,66.6,1.83,160,135,64,1.14,778.0,Yoga,30.3,1.9,5,3,19.89
26,Female,53.0,1.57,169,147,60,1.5,903.0,Cardio,30.3,1.7,3,1,21.5
36,Female,58.6,1.62,186,153,56,1.27,987.0,HIIT,30.3,2.3,5,2,22.33
31,Male,95.1,1.98,191,132,50,1.43,1004.0,HIIT,24.0,3.6,4,1,24.26
30,Female,55.7,1.75,195,145,71,1.66,1467.0,Yoga,18.8,2.1,4,3,18.19
54,Female,68.7,1.5,163,141,68,1.31,882.0,HIIT,28.4,1.8,5,1,30.53
44,Female,40.0,1.6,166,151,55,1.31,786.0,Cardio,32.3,2.1,4,2,15.62
59,Female,58.2,1.75,196,126,51,1.59,873.0,Cardio,14.0,2.8,4,3,19.0
48,Female,51.0,1.55,175,159,66,1.25,805.0,HIIT,31.1,1.5,4,1,21.23
45,Female,40.0,1.51,175,135,70,0.83,631.0,HIIT,29.6,2.4,4,2,17.54
55,Male,58.8,1.64,175,160,61,1.02,1006.0,HIIT,26.7,2.5,2,2,21.86
43,Female,61.3,1.58,192,134,57,2.0,1206.0,Yoga,13.6,2.3,3,3,24.56
19,Male,128.9,1.9,180,169,69,1.3,1124.0,Strength,21.2,2.8,4,2,35.71
35,Male,61.3,1.7,193,160,60,1.21,1152.0,Strength,19.0,3.2,2,1,21.21
43,Female,48.3,1.75,196,122,73,1.43,709.0,Strength,33.7,1.7,3,1,15.77
39,Male,88.1,1.66,188,154,71,1.78,1783.0,HIIT,12.3,3.4,5,2,31.97
51,Female,63.4,1.66,160,149,63,1.84,1202.0,Cardio,11.9,1.7,4,2,23.01
39,Male,107.0,1.59,165,141,54,1.08,792.0,Cardio,26.1,3.4,4,2,42.32
27,Female,76.5,1.77,168,131,59,1.48,859.0,Cardio,27.6,2.8,5,2,24.42
40,Male,94.8,1.76,180,145,74,0.64,653.0,Yoga,28.3,3.1,2,1,30.6
50,Female,55.1,1.64,167,151,61,0.5,490.0,Cardio,32.7,1.5,2,1,20.49
46,Male,84.0,1.81,195,141,74,1.54,968.0,Strength,28.1,3.7,4,2,25.64
18,Female,71.4,1.57,190,152,72,1.04,847.0,Cardio,35.0,1.5,2,1,28.97
55,Male,129.9,1.76,181,161,61,0.71,514.0,Yoga,24.0,3.4,3,1,41.94
31,Male,101.1,1.62,188,135,60,1.55,965.0,Strength,30.2,3.3,5,2,38.52
59,Male,80.0,1.85,174,128,56,0.63,465.0,Cardio,25.9,2.8,3,1,23.37
55,Male,123.0,1.81,192,132,65,0.86,575.0,Yoga,18.4,2.1,4,1,37.54
47,Female,66.3,1.78,160,124,59,0.78,360.0,Cardio,30.2,2.5,2,1,20.93
30,Male,73.9,1.75,176,126,69,0.96,633.0,Yoga,26.6,2.2,3,1,24.13
45,Female,40.0,1.7,174,133,56,0.78,393.0,Yoga,32.9,1.8,2,2,13.84
34,Male,72.7,1.9,186,145,68,1.12,959.0,Strength,27.8,2.5,4,1,20.14
21,Male,83.3,1.84,190,160,53,0.92,613.0,Strength,31.9,2.9,3,1,24.6
46,Male,75.6,2.0,162,153,64,1.28,925.0,HIIT,23.0,3.4,2,2,18.9
22,Male,76.3,1.95,185,120,59,0.67,536.0,Strength,22.3,2.7,2,1,20.07
34,Male,76.6,1.78,176,134,57,1.44,1037.0,HIIT,29.5,2.0,5,3,24.18
45,Female,62.9,1.57,199,125,71,1.64,978.0,Strength,20.0,2.9,4,2,25.52
53,Female,77.6,1.64,181,153,62,0.89,649.0,Cardio,27.6,2.2,4,2,28.85
26,Male,74.8,1.66,199,138,64,0.81,688.0,HIIT,22.0,3.0,3,1,27.14
54,Male,74.7,1.71,172,129,61,0.95,702.0,Strength,29.9,1.5,4,3,25.55
54,Male,49.9,1.78,169,152,68,1.22,874.0,HIIT,23.5,3.7,2,2,15.75
26,Male,97.7,1.86,199,132,73,0.59,419.0,Cardio,18.5,2.4,3,1,28.24
20,Female,58.5,1.5,187,160,68,0.98,763.0,Cardio,33.2,2.2,3,1,26.0
19,Male,106.8,1.83,169,128,50,1.18,695.0,Yoga,31.5,2.8,5,3,31.89
44,Male,98.5,1.88,193,152,66,0.82,563.0,HIIT,23.2,2.7,3,1,27.87
42,Female,51.4,1.69,164,134,50,1.49,882.0,Strength,29.9,2.2,2,1,18.0
50,Female,64.2,1.64,190,154,68,0.97,561.0,Strength,35.0,2.3,4,3,23.87
54,Female,63.9,1.65,166,120,58,1.62,914.0,Yoga,27.2,3.3,3,2,23.47
59,Male,99.6,1.7,180,151,52,1.56,1061.0,Strength,28.8,2.5,2,1,34.46
56,Female,76.9,1.62,184,145,54,0.93,664.0,Strength,31.5,1.9,3,3,29.3
42,Male,80.4,1.61,163,144,51,1.02,820.0,Cardio,31.4,2.0,5,3,31.02
33,Female,57.9,1.77,184,123,57,1.71,1035.0,HIIT,15.0,2.7,5,3,18.48
45,Male,80.5,1.68,176,139,70,2.0,1268.0,HIIT,10.0,3.1,5,3,28.52
49,Male,48.4,1.91,194,155,74,1.02,928.0,Strength,30.3,2.8,4,1,13.27
35,Male,103.8,1.78,184,146,55,1.27,1021.0,HIIT,27.7,2.0,3,1,32.76
18,Female,71.5,1.51,199,120,55,0.99,530.0,Strength,26.2,1.9,2,1,31.36
18,Male,110.6,1.71,193,128,58,0.98,729.0,Yoga,27.8,2.5,4,1,37.82
49,Male,44.5,1.83,172,169,53,1.49,1271.0,Yoga,24.1,2.4,3,1,13.29
43,Male,59.3,1.92,172,158,62,1.26,1200.0,Strength,29.8,2.3,4,3,16.09
20,Male,76.8,1.8,197,144,72,1.69,1327.0,Cardio,12.4,3.0,3,3,23.7
43,Female,62.4,1.68,183,150,64,1.73,1113.0,Cardio,17.7,2.3,3,3,22.11
57,Male,51.6,1.78,180,129,62,1.29,799.0,Strength,19.5,3.6,4,2,16.29
50,Male,54.2,1.73,191,158,74,0.88,745.0,Cardio,22.9,3.7,3,2,18.11
27,Female,53.4,1.7,166,166,69,1.46,1010.0,Yoga,28.0,1.7,2,2,18.48
49,Female,45.0,1.59,160,152,72,1.55,913.0,Yoga,30.4,1.5,4,2,17.8
36,Male,84.7,1.91,169,146,59,0.61,684.0,Strength,29.4,3.4,2,2,23.22
57,Male,125.9,1.92,160,134,68,1.09,673.0,Strength,26.1,3.3,3,1,34.15
23,Male,74.2,1.91,199,149,64,1.14,971.0,Yoga,23.2,3.0,3,2,20.34
38,Male,69.7,2.0,160,169,52,0.52,356.0,Yoga,27.0,2.5,2,1,17.42
47,Female,43.1,1.68,193,151,74,0.95,711.0,Yoga,31.1,3.0,2,3,15.27
24,Female,40.0,1.5,190,125,53,1.5,978.0,HIIT,29.2,2.0,5,3,17.78
56,Female,77.3,1.58,186,146,50,1.19,721.0,Strength,34.2,1.9,3,1,30.96
30,Female,67.4,1.78,171,169,64,1.05,828.0,Cardio,31.6,1.7,4,3,21.27
46,Male,51.8,1.86,173,153,59,1.27,1140.0,Cardio,25.6,2.9,5,3,14.97
39,Male,104.2,1.96,187,136,50,0.88,555.0,Yoga,23.6,2.7,3,2,27.12
22,Male,128.9,1.92,161,140,57,0.58,533.0,Cardio,26.3,2.4,2,1,34.97
58,Male,86.5,1.91,187,137,73,1.26,906.0,Yoga,29.4,2.8,4,2,23.71
18,Male,93.8,1.73,192,145,71,1.19,836.0,Cardio,25.7,3.4,2,1,31.34
18,Male,92.5,1.69,199,163,50,1.45,1273.0,Yoga,22.1,3.1,2,2,32.39
19,Male,118.8,1.75,173,126,73,0.86,684.0,Strength,26.2,2.6,5,3,38.79
23,Female,50.9,1.59,163,161,60,1.33,1021.0,HIIT,33.0,2.3,2,2,20.13
29,Female,62.4,1.68,196,152,52,0.8,550.0,Strength,30.2,1.6,3,2,22.11
38,Male,129.1,1.56,163,140,66,1.69,1108.0,HIIT,27.8,2.5,4,3,53.05
20,Male,87.8,1.78,199,157,73,1.18,1146.0,Cardio,21.3,2.9,2,2,27.71
25,Male,63.0,1.53,160,149,74,1.43,1073.0,Yoga,18.6,2.2,4,2,26.91
31,Male,66.2,1.75,187,147,60,0.81,575.0,HIIT,27.5,3.1,3,1,21.62
50,Male,80.4,1.89,190,144,72,1.11,971.0,Strength,30.4,3.4,4,2,22.51
18,Female,44.9,1.57,180,120,68,1.15,708.0,HIIT,33.2,2.2,2,1,18.22
49,Male,50.4,1.82,176,153,56,1.56,1185.0,Cardio,23.8,3.0,3,1,15.22
44,Female,58.3,1.6,181,153,63,1.4,1255.0,Yoga,18.1,3.1,4,3,22.77
43,Female,65.2,1.67,188,138,72,1.92,1169.0,Yoga,21.0,2.4,5,2,23.38
21,Male,86.5,1.73,184,160,66,1.68,1311.0,Strength,10.0,3.7,4,3,28.9
18,Female,59.6,1.66,179,126,52,1.96,1094.0,Strength,19.7,2.7,4,2,21.63
41,Female,58.7,1.66,187,157,73,0.94,706.0,Yoga,33.4,2.0,2,1,21.3
59,Female,65.5,1.5,194,160,64,1.33,892.0,Strength,30.9,1.6,3,1,29.11
52,Female,66.9,1.62,176,154,67,1.21,761.0,Strength,26.4,2.8,4,1,25.49
33,Male,66.0,1.7,163,134,57,0.75,440.0,Cardio,20.8,3.3,2,2,22.84
34,Male,83.0,1.84,166,124,50,1.84,1222.0,HIIT,10.9,3.5,5,3,24.52
46,Male,89.0,1.84,176,152,69,1.68,1141.0,Yoga,12.3,3.1,4,3,26.29
48,Male,126.3,1.84,172,129,69,1.17,829.0,Strength,24.6,3.7,4,3,37.31
50,Female,74.6,1.54,160,144,62,0.66,485.0,Strength,28.4,3.2,2,1,31.46
59,Female,64.7,1.75,166,126,60,0.59,457.0,Cardio,25.3,2.2,2,1,21.13
22,Female,66.9,1.53,183,162,56,1.57,1124.0,Yoga,28.9,2.2,4,2,28.58
52,Male,115.3,1.88,191,136,67,1.45,846.0,HIIT,20.1,1.7,4,2,32.62
51,Male,92.2,1.76,164,126,74,0.59,434.0,Cardio,22.6,2.7,2,1,29.76
39,Male,64.4,1.64,182,159,59,1.57,1242.0,Cardio,22.9,3.7,3,1,23.94
54,Female,49.5,1.59,187,127,72,1.32,751.0,Yoga,24.5,1.5,5,3,19.58
40,Male,115.5,1.81,162,130,60,1.42,1006.0,Yoga,31.7,2.6,3,1,35.26
31,Female,61.9,1.74,195,149,65,1.92,1424.0,Yoga,17.9,2.6,3,3,20.45
50,Female,56.1,1.77,189,143,58,1.45,1005.0,Strength,16.9,3.1,5,3,17.91
29,Male,70.0,1.9,176,154,74,0.6,739.0,HIIT,24.3,3.4,2,1,19.39
33,Female,54.9,1.5,191,127,63,0.98,793.0,Cardio,33.9,2.7,2,1,24.4
19,Male,117.3,1.79,199,163,53,1.35,1195.0,Yoga,24.8,2.9,3,3,36.61
30,Female,44.8,1.6,164,164,72,1.05,854.0,Cardio,26.0,2.4,3,3,17.5
20,Male,109.6,1.86,171,130,51,0.99,743.0,Yoga,31.8,1.8,5,1,31.68
20,Male,103.7,1.69,165,150,58,1.14,1036.0,Strength,27.5,2.5,3,1,36.31
42,Male,85.1,1.88,175,146,50,1.28,882.0,Cardio,25.0,3.4,2,2,24.08
48,Female,66.6,1.58,195,126,72,2.0,1156.0,Strength,20.4,3.0,5,3,26.68
44,Male,50.3,1.92,182,163,61,1.38,1089.0,Cardio,27.5,3.7,4,1,13.64
34,Female,77.3,1.81,193,121,52,1.39,759.0,Strength,27.6,1.5,3,2,23.6
38,Male,59.9,1.94,177,126,62,1.6,1020.0,Yoga,29.4,3.2,3,2,15.92
21,Female,68.9,1.5,192,127,57,1.15,651.0,Strength,32.4,1.6,2,2,30.62
49,Male,102.8,1.6,183,138,60,1.34,887.0,HIIT,27.8,3.2,3,2,40.16
43,Female,51.5,1.63,199,120,69,1.14,675.0,Strength,33.3,1.5,2,3,19.38
48,Male,90.9,2.0,162,128,54,1.66,1166.0,Cardio,14.5,3.3,4,2,22.72
46,Female,69.8,1.65,170,150,55,1.32,940.0,Strength,25.3,2.7,3,1,25.64
45,Female,64.5,1.69,187,135,68,1.82,1182.0,Yoga,17.9,2.5,4,3,22.58
42,Male,74.6,1.9,183,158,62,1.28,1035.0,HIIT,22.6,2.8,5,1,20.66
59,Male,55.6,1.98,184,166,53,0.94,852.0,Strength,23.8,3.5,2,1,14.18
58,Female,73.8,1.63,191,163,50,1.19,1025.0,HIIT,25.6,1.9,3,1,27.78
40,Male,64.9,1.83,194,143,64,0.85,510.0,HIIT,21.6,2.9,2,1,19.38
24,Female,66.2,1.6,175,146,57,1.19,863.0,Cardio,29.3,2.5,4,1,25.86
49,Female,80.9,1.6,167,168,66,0.85,650.0,Cardio,30.2,1.7,3,1,31.6
55,Male,55.5,1.8,169,135,73,1.49,959.0,Strength,18.2,3.6,3,2,17.13
35,Female,52.5,1.54,199,126,74,0.92,619.0,Cardio,29.2,2.2,2,1,22.14
54,Female,58.4,1.82,190,135,71,1.05,453.0,HIIT,32.1,2.5,5,3,17.63
27,Female,42.6,1.62,186,131,61,0.65,670.0,Cardio,35.0,1.8,2,1,16.23
35,Male,65.0,1.72,194,139,71,1.05,912.0,HIIT,28.9,2.7,5,2,21.97
48,Male,88.5,1.77,177,160,68,1.87,1404.0,Strength,10.0,3.2,4,2,28.25
36,Male,73.2,1.8,188,130,56,1.36,866.0,Yoga,25.2,3.2,5,2,22.59
31,Male,87.1,1.9,199,142,51,1.96,1297.0,Cardio,11.7,3.6,5,3,24.13
23,Female,69.3,1.56,189,129,60,1.38,863.0,HIIT,24.5,2.3,3,1,28.48
50,Male,75.3,1.79,191,128,74,1.14,655.0,Yoga,29.1,3.2,5,2,23.5
39,Male,55.1,1.79,164,162,68,0.75,789.0,Strength,19.8,3.1,3,1,17.2
22,Male,52.9,1.68,196,169,57,0.61,550.0,Strength,31.3,1.7,4,1,18.74
37,Male,69.6,1.74,165,145,51,1.09,870.0,HIIT,26.5,2.7,2,1,22.99
45,Female,50.4,1.72,170,132,67,0.75,419.0,Yoga,34.9,1.8,2,2,17.04
23,Male,84.7,1.87,179,126,63,1.48,1080.0,Cardio,10.0,3.3,4,2,24.22
28,Female,80.8,1.74,172,127,66,1.22,1050.0,Cardio,30.4,2.8,4,1,26.69
38,Male,63.4,1.77,199,167,72,1.29,1153.0,Strength,24.4,2.1,2,1,20.24
52,Female,63.8,1.53,164,123,53,1.53,932.0,Yoga,31.0,3.0,4,2,27.25
41,Male,54.2,1.83,165,128,62,0.98,629.0,Strength,20.7,2.2,3,1,16.18
48,Female,61.5,1.65,189,150,71,1.05,689.0,Strength,34.6,2.1,5,3,22.59
59,Female,67.7,1.54,199,158,70,1.42,905.0,Strength,33.8,1.7,4,1,28.55
59,Female,79.5,1.76,170,127,57,1.32,807.0,Strength,29.7,1.5,3,1,25.67
44,Male,71.3,1.7,165,161,54,1.4,1257.0,HIIT,26.8,2.3,4,3,24.67
29,Female,55.8,1.59,165,158,61,0.84,908.0,Strength,33.2,1.5,4,2,22.07
32,Male,87.1,1.86,199,135,54,1.85,1205.0,Cardio,13.4,3.3,4,3,25.18
58,Male,83.9,1.94,166,167,53,1.69,1436.0,Strength,11.9,3.6,4,3,22.29
29,Male,123.7,1.98,175,134,64,0.64,406.0,Yoga,20.9,2.6,2,1,31.55
22,Female,45.9,1.64,188,124,59,1.45,780.0,HIIT,35.0,1.5,3,1,17.07
51,Male,97.7,1.66,174,128,51,1.14,850.0,Strength,18.8,3.3,5,2,35.46
58,Female,68.1,1.56,164,135,65,1.44,996.0,HIIT,28.1,1.5,3,3,27.98
28,Female,70.8,1.7,181,133,64,0.92,537.0,Yoga,30.0,1.9,2,2,24.5
56,Female,41.0,1.65,177,126,57,1.43,700.0,Yoga,28.9,1.5,4,2,15.06
53,Male,65.3,1.72,191,159,65,0.57,439.0,Yoga,19.3,3.3,4,1,22.07
19,Female,42.7,1.65,171,128,66,1.01,754.0,HIIT,30.5,2.5,2,2,15.68
51,Female,40.0,1.82,160,156,74,1.36,980.0,Yoga,24.4,1.7,2,1,12.08
18,Male,63.6,1.9,166,150,66,1.33,1041.0,Strength,27.3,3.6,4,2,17.62
48,Male,93.4,1.88,173,161,63,1.34,1045.0,Yoga,20.7,3.6,4,3,26.43
52,Female,77.5,1.64,199,142,73,0.9,723.0,Yoga,31.3,2.1,5,3,28.81
40,Female,64.6,1.57,164,153,52,1.78,1342.0,HIIT,13.2,3.2,4,3,26.21
56,Male,89.8,1.86,196,129,74,1.21,806.0,Yoga,28.1,2.4,5,1,25.96
40,Male,81.9,1.69,168,131,57,0.95,750.0,Yoga,28.9,2.9,2,2,28.68
41,Male,85.3,1.89,180,134,65,1.5,1077.0,HIIT,14.2,3.7,4,3,23.88
38,Female,64.4,1.7,190,148,60,1.3,1011.0,HIIT,26.3,1.5,3,3,22.28
47,Male,44.0,1.63,173,145,61,1.28,854.0,Strength,22.5,1.8,3,1,16.56
18,Male,99.0,1.89,179,133,50,1.38,926.0,Yoga,25.9,3.7,3,2,27.71
37,Male,63.4,1.63,196,165,56,1.57,1138.0,Strength,19.9,2.8,3,1,23.86
37,Female,60.4,1.64,184,154,58,1.23,895.0,Cardio,31.0,2.5,4,3,22.46
45,Female,65.5,1.7,171,161,74,0.74,526.0,HIIT,29.5,2.6,2,1,22.66
59,Female,76.4,1.68,173,158,53,1.37,891.0,Strength,32.5,1.6,3,2,27.07
50,Female,75.3,1.66,197,146,74,1.1,723.0,Yoga,31.5,2.8,4,3,27.33
37,Male,94.8,1.58,172,144,50,1.21,672.0,Cardio,22.8,3.1,3,2,37.97
42,Male,81.1,1.97,160,163,66,1.34,1113.0,Cardio,28.2,2.8,3,1,20.9
30,Female,52.5,1.61,164,164,71,1.41,1162.0,Yoga,27.7,1.9,2,1,20.25
43,Male,63.4,1.89,197,140,67,0.74,426.0,HIIT,27.7,2.5,3,1,17.75
47,Female,72.6,1.7,179,153,59,1.56,1001.0,Yoga,33.5,1.5,4,2,25.12
46,Female,44.4,1.64,166,165,72,1.11,796.0,Yoga,25.8,2.0,3,3,16.51
21,Male,68.5,1.75,168,154,50,1.22,958.0,Yoga,23.8,3.6,5,1,22.37
59,Male,80.9,1.95,191,120,71,1.61,901.0,Yoga,12.8,2.9,4,2,21.28
51,Male,78.2,1.83,165,140,66,1.45,1264.0,Cardio,11.8,3.5,5,3,23.35
49,Male,64.4,1.78,174,165,61,1.19,972.0,Strength,23.3,2.1,3,1,20.33
31,Male,95.0,1.96,186,134,52,1.38,1012.0,HIIT,25.1,3.5,4,1,24.73
49,Male,86.5,1.8,188,132,70,1.7,1042.0,Strength,11.8,3.7,5,3,26.7
48,Male,46.8,1.89,167,155,64,1.26,1036.0,Cardio,32.8,1.8,4,3,13.1
47,Male,93.3,1.8,161,122,66,1.33,868.0,Cardio,24.3,2.9,4,3,28.8
45,Male,88.8,2.0,188,138,58,1.52,981.0,HIIT,24.8,2.0,5,3,22.2
58,Female,66.0,1.6,170,160,70,0.5,453.0,Strength,24.9,2.0,2,1,25.78
18,Male,94.6,1.86,187,140,50,0.91,904.0,Yoga,24.6,2.1,5,1,27.34
55,Male,97.5,1.73,199,145,50,1.31,863.0,Cardio,18.7,2.4,3,2,32.58
40,Male,60.6,1.76,196,169,72,1.36,1165.0,Strength,25.8,2.6,3,1,19.56
41,Male,49.3,1.79,184,156,74,1.17,988.0,Strength,25.0,2.9,4,2,15.39
49,Male,85.7,1.8,174,153,53,1.58,1385.0,Yoga,20.4,3.1,3,3,26.45
50,Male,83.9,1.95,184,156,66,1.87,1413.0,HIIT,10.0,3.7,4,3,22.06
28,Female,74.5,1.72,198,142,74,1.08,758.0,Cardio,33.6,2.7,4,3,25.18
33,Male,69.2,1.92,166,165,58,1.33,1278.0,Strength,31.3,3.6,3,1,18.77
22,Male,83.3,1.54,175,121,71,1.0,757.0,Yoga,32.4,3.1,4,1,35.12
44,Male,98.5,1.82,160,120,68,1.29,851.0,Cardio,19.8,3.0,4,3,29.74
30,Male,79.2,1.96,166,137,70,0.86,390.0,Cardio,20.2,3.2,2,2,20.62
55,Male,54.8,1.85,192,159,65,1.35,874.0,Cardio,19.6,3.0,3,2,16.01
58,Male,78.7,1.86,175,140,57,1.37,1114.0,HIIT,10.0,3.5,4,3,22.75
39,Female,56.8,1.65,167,129,67,1.95,943.0,Cardio,17.2,2.8,4,3,20.86
58,Female,72.5,1.61,199,162,66,1.12,1012.0,Cardio,30.7,2.0,2,2,27.97
48,Male,96.2,1.83,164,122,69,1.5,924.0,Cardio,22.1,3.4,3,1,28.73
53,Female,65.6,1.63,192,133,61,2.0,1261.0,Cardio,21.1,2.7,5,3,24.69
42,Male,75.8,1.95,193,161,60,1.31,1035.0,HIIT,26.0,3.7,4,2,19.93
47,Female,50.9,1.66,172,159,68,1.33,852.0,Strength,34.5,2.2,4,1,18.47
18,Female,63.1,1.57,184,168,72,0.51,564.0,Strength,33.9,2.2,4,1,25.6
19,Female,44.6,1.58,179,135,65,1.45,994.0,Strength,30.6,2.0,3,3,17.87
18,Male,69.9,1.59,173,169,68,1.31,1233.0,Strength,22.2,2.3,2,1,27.65
51,Male,76.5,1.67,168,126,54,0.77,731.0,Strength,27.9,1.9,4,2,27.43
31,Male,72.2,1.79,183,130,64,0.77,673.0,Cardio,27.9,2.2,3,1,22.53
45,Male,89.0,2.0,168,123,60,1.66,1197.0,Cardio,13.6,3.4,4,2,22.25
28,Male,91.7,1.9,185,144,70,1.77,1609.0,Cardio,10.1,3.6,5,2,25.4
54,Female,48.5,1.66,192,120,68,1.42,740.0,Strength,29.4,2.3,5,2,17.6
33,Female,52.9,1.67,187,136,67,0.65,403.0,Strength,28.8,2.9,3,1,18.97
37,Male,87.9,2.0,184,131,66,1.44,1186.0,Yoga,10.0,2.9,5,2,21.98
57,Male,123.1,1.88,199,128,64,0.97,665.0,Yoga,19.9,1.7,3,3,34.83
29,Female,57.6,1.71,185,132,70,1.02,765.0,Yoga,28.4,2.2,2,2,19.7
40,Male,66.3,1.66,160,163,69,1.08,986.0,Cardio,23.7,2.0,2,1,24.06
26,Male,80.9,1.95,160,140,50,1.63,1374.0,Strength,14.0,3.3,4,3,21.28
45,Female,65.5,1.61,166,147,74,0.5,384.0,Cardio,33.5,1.5,2,1,25.27
59,Female,75.7,1.66,187,150,50,1.08,663.0,Strength,32.2,1.6,5,3,27.47
59,Female,43.2,1.77,199,169,71,1.2,910.0,Cardio,29.7,1.5,3,1,13.79
56,Male,60.5,1.93,185,131,59,0.71,504.0,Strength,26.0,3.1,2,1,16.24
54,Female,56.3,1.68,163,151,74,1.61,1139.0,HIIT,12.7,3.1,5,3,19.95
37,Male,85.4,1.7,199,146,70,2.0,1536.0,Yoga,14.6,3.6,5,2,29.55
54,Female,74.0,1.6,167,162,70,1.03,749.0,Cardio,27.6,1.6,3,2,28.91
23,Male,87.2,1.9,175,127,56,1.79,1107.0,Yoga,11.8,3.7,3,2,24.16
51,Male,84.0,2.0,182,153,71,1.76,1397.0,Yoga,12.8,3.2,5,3,21.0
47,Female,56.2,1.51,182,148,63,1.52,1025.0,Cardio,27.3,2.6,4,1,24.65
54,Male,55.6,1.92,175,137,64,0.55,400.0,Strength,29.7,3.2,3,2,15.08
48,Male,84.5,1.97,186,147,69,1.99,1477.0,Strength,11.3,3.0,5,3,21.77
37,Male,60.9,1.97,171,151,52,1.35,1097.0,Cardio,24.8,3.0,3,2,15.69
18,Female,76.3,1.73,168,157,61,1.41,1017.0,Strength,33.7,2.3,4,1,25.49
42,Male,54.4,1.64,199,148,62,1.36,896.0,HIIT,22.7,3.6,5,3,20.23
29,Female,58.3,1.65,165,168,69,1.11,829.0,HIIT,25.7,2.9,5,3,21.41
41,Female,67.9,1.5,199,129,67,0.66,445.0,Cardio,30.9,2.0,3,2,30.18
50,Male,52.1,1.75,181,156,74,1.03,904.0,HIIT,23.3,3.5,3,2,17.01
28,Female,75.4,1.77,160,153,65,1.56,1162.0,Yoga,23.8,1.5,3,3,24.07
55,Female,46.7,1.63,176,120,62,1.28,755.0,HIIT,35.0,1.5,3,2,17.58
32,Female,58.8,1.54,182,139,53,1.82,1293.0,Strength,17.4,2.9,5,3,24.79
25,Male,112.8,1.95,199,123,74,1.34,845.0,HIIT,25.7,3.0,2,2,29.66
25,Male,94.0,1.68,162,152,61,1.29,1091.0,Strength,27.4,2.0,3,2,33.3
54,Female,47.4,1.62,183,121,59,1.27,754.0,HIIT,35.0,1.7,2,2,18.06
18,Male,64.3,1.66,163,155,71,1.43,1072.0,Yoga,20.2,1.7,4,3,23.33
21,Male,102.4,1.88,175,159,67,1.31,1191.0,Cardio,22.2,2.5,2,3,28.97
29,Female,77.5,1.69,186,141,50,1.31,916.0,Cardio,26.4,1.9,3,3,27.13
55,Male,105.0,1.89,176,130,60,0.75,409.0,Cardio,22.8,2.7,2,1,29.39
18,Female,68.0,1.63,184,149,74,1.24,836.0,Cardio,33.7,1.5,3,1,25.59
23,Female,70.8,1.54,169,166,74,1.24,1068.0,Strength,30.4,2.3,3,1,29.85
33,Male,88.9,1.72,187,156,72,1.91,1516.0,HIIT,12.5,3.4,4,3,30.05
52,Female,65.3,1.59,183,147,54,1.25,944.0,Strength,35.0,2.0,2,1,25.83
21,Female,45.6,1.75,168,128,57,1.36,1102.0,Cardio,27.4,1.5,5,1,14.89
27,Male,58.1,1.73,180,155,61,1.14,921.0,Strength,24.9,3.0,2,1,19.41
23,Male,121.6,1.68,167,135,60,1.21,882.0,Yoga,29.0,2.4,2,2,43.08
25,Male,84.5,2.0,184,134,69,1.63,1170.0,Cardio,10.3,3.7,3,3,21.12
31,Female,53.2,1.58,190,132,74,0.72,679.0,Cardio,30.1,2.3,2,2,21.31
31,Female,63.9,1.55,169,169,70,1.37,1309.0,HIIT,15.6,2.7,5,2,26.6
49,Male,97.8,1.77,163,120,68,1.6,822.0,Cardio,22.4,3.1,2,3,31.22
33,Female,74.3,1.6,179,163,52,1.34,1114.0,Cardio,33.2,1.8,4,1,29.02
41,Male,52.7,1.62,173,149,58,0.5,376.0,Strength,28.9,2.5,3,1,20.08
33,Male,107.1,1.88,164,136,65,1.22,920.0,HIIT,21.1,3.4,5,2,30.3
19,Male,84.8,2.0,183,150,70,1.96,1712.0,HIIT,14.5,3.3,3,2,21.2
44,Male,108.2,1.69,167,163,74,1.19,1133.0,HIIT,20.4,3.7,4,2,37.88
53,Male,43.8,1.6,161,154,62,1.41,1135.0,Yoga,27.1,2.7,4,2,17.11
49,Female,67.8,1.77,171,160,72,1.2,805.0,Yoga,31.4,2.4,3,3,21.64
47,Female,73.1,1.58,191,154,68,1.25,770.0,Strength,31.6,1.8,2,3,29.28
20,Female,69.6,1.56,181,121,56,1.33,938.0,HIIT,25.1,2.0,2,1,28.6
18,Female,63.4,1.62,193,132,58,1.77,1145.0,Cardio,17.4,2.7,4,3,24.16
37,Female,63.4,1.55,160,164,55,1.45,1032.0,Cardio,30.9,1.8,3,3,26.39
27,Male,121.6,1.9,191,129,51,1.18,928.0,HIIT,25.1,3.3,3,1,33.68
52,Male,75.3,1.7,172,130,59,0.97,773.0,Strength,29.6,2.1,5,2,26.06
35,Female,55.8,1.57,171,144,58,1.32,1125.0,Strength,32.2,2.4,4,2,22.64
28,Male,86.4,1.75,198,131,63,1.48,1077.0,Strength,25.6,2.3,2,1,28.21
22,Female,75.1,1.69,168,130,73,1.02,663.0,Cardio,31.8,2.5,3,3,26.29
41,Male,60.8,1.74,199,163,72,1.23,1266.0,Strength,21.7,2.1,2,1,20.08
45,Male,127.8,1.7,169,154,54,1.23,930.0,Cardio,24.3,2.9,2,3,44.22
51,Male,64.1,1.82,161,133,61,1.25,702.0,Yoga,25.0,2.7,3,2,19.35
23,Female,65.7,1.71,191,132,61,1.46,1147.0,Cardio,18.0,2.4,4,3,22.47
18,Male,59.9,1.63,166,120,72,0.73,443.0,Cardio,28.8,2.7,2,2,22.55
47,Male,89.2,1.76,174,153,62,1.17,741.0,Yoga,26.4,3.5,3,2,28.8
19,Male,96.7,1.68,199,157,70,1.08,780.0,Cardio,19.9,2.3,2,2,34.26
50,Male,113.8,1.93,192,163,51,1.59,1080.0,Yoga,32.7,2.1,4,3,30.55
46,Female,40.0,1.53,189,169,67,1.47,1114.0,HIIT,28.8,2.4,3,2,17.09
27,Male,93.1,1.91,175,156,60,1.37,1085.0,HIIT,25.5,3.7,2,1,25.52
58,Male,123.8,1.71,179,169,50,0.84,973.0,Cardio,18.6,2.5,5,1,42.34
21,Male,44.9,1.94,169,122,65,1.01,817.0,Yoga,24.8,2.3,4,3,11.93
32,Male,81.1,1.62,181,141,56,2.0,1537.0,HIIT,16.2,3.7,5,3,30.9
57,Female,56.2,1.61,162,166,60,0.53,347.0,Cardio,26.7,1.6,2,1,21.68
47,Female,68.0,1.68,195,128,66,1.23,604.0,HIIT,29.3,2.3,3,1,24.09
57,Male,55.1,1.76,162,142,55,1.15,849.0,Cardio,28.4,3.6,3,3,17.79
46,Male,58.2,1.69,168,144,58,0.98,962.0,Strength,18.9,3.1,4,3,20.38
39,Male,60.0,1.83,189,141,60,1.17,955.0,Cardio,25.6,3.0,4,3,17.92
43,Female,58.7,1.56,198,141,72,1.86,1327.0,Cardio,17.1,3.1,4,3,24.12
25,Female,40.2,1.61,173,135,66,1.61,867.0,Strength,32.1,2.3,3,1,15.51
32,Female,58.1,1.67,177,124,58,1.08,650.0,Strength,33.6,1.7,4,3,20.83
50,Male,67.2,1.96,173,126,58,1.39,878.0,Yoga,20.5,2.4,2,1,17.49
53,Female,44.7,1.5,169,153,65,1.53,932.0,Strength,29.7,2.8,4,3,19.87
44,Female,66.9,1.58,160,120,56,0.84,450.0,HIIT,26.5,2.7,5,2,26.8
57,Female,47.1,1.63,183,125,73,1.09,832.0,Yoga,24.3,2.2,4,3,17.73
55,Female,50.2,1.7,178,160,50,1.24,844.0,Strength,31.8,1.9,3,2,17.37
34,Male,93.6,1.77,189,146,68,1.3,1123.0,Strength,28.1,3.0,4,1,29.88
56,Female,43.1,1.67,182,138,56,0.86,607.0,Yoga,33.4,2.0,3,1,15.45
36,Male,75.0,1.73,191,143,74,1.12,868.0,Cardio,26.7,3.5,2,1,25.06
53,Male,71.4,1.78,170,147,57,1.1,915.0,Yoga,25.3,3.0,4,2,22.54
19,Male,110.1,1.94,170,140,58,1.25,928.0,HIIT,20.2,3.1,4,1,29.25
53,Female,66.9,1.5,163,143,50,0.89,588.0,HIIT,27.4,2.4,3,1,29.73
28,Male,96.2,1.84,189,164,74,1.57,1247.0,Cardio,21.0,2.0,5,1,28.41
49,Male,108.9,1.76,181,152,60,0.53,449.0,Strength,27.7,2.8,4,2,35.16
45,Male,88.9,1.61,160,147,65,0.71,560.0,Strength,28.2,3.7,3,1,34.3
39,Male,89.5,1.74,187,153,73,1.86,1477.0,HIIT,10.0,3.7,5,3,29.56
27,Female,65.3,1.61,185,122,68,0.66,404.0,Cardio,30.9,1.7,2,1,25.19
50,Female,69.3,1.75,196,146,56,1.28,801.0,Strength,33.1,2.3,3,1,22.63
37,Male,54.6,1.6,192,131,68,0.9,613.0,HIIT,17.9,3.2,3,1,21.33
46,Male,111.5,1.69,179,169,60,1.31,1178.0,Strength,18.9,3.5,2,1,39.04
35,Female,44.3,1.61,166,159,67,1.17,940.0,Cardio,24.9,2.4,3,3,17.09
18,Female,60.9,1.62,174,146,71,1.76,1530.0,Yoga,13.1,2.5,4,3,23.21
31,Female,66.9,1.69,168,124,53,0.96,766.0,Cardio,33.9,2.5,3,2,23.42
19,Female,61.8,1.63,199,129,54,1.88,1193.0,Cardio,17.6,3.6,4,2,23.26
56,Male,75.4,1.9,184,126,50,0.64,442.0,Cardio,26.1,2.5,2,1,20.89
56,Female,67.1,1.59,191,137,50,1.4,767.0,Strength,31.7,1.9,2,2,26.54
27,Male,99.1,1.89,191,157,74,1.48,1209.0,Cardio,25.0,2.5,3,2,27.74
57,Male,98.7,1.86,162,144,74,1.15,834.0,Strength,24.2,2.0,3,2,28.53
45,Male,83.7,1.83,161,125,72,1.96,1250.0,Yoga,15.4,3.5,5,2,24.99
47,Female,59.5,1.55,199,138,66,1.84,1175.0,Cardio,17.4,3.0,4,3,24.77
41,Male,52.4,1.87,180,164,60,1.45,1070.0,Cardio,26.1,3.7,3,1,14.98
27,Female,73.0,1.67,164,160,60,1.32,1230.0,Yoga,24.8,1.5,4,3,26.18
33,Female,75.1,1.69,180,131,69,0.79,308.0,Cardio,28.8,1.5,3,1,26.29
35,Male,97.9,1.72,189,149,68,1.28,1115.0,Strength,24.4,2.8,3,1,33.09
18,Male,65.6,1.88,179,151,54,1.01,877.0,Yoga,27.0,3.7,5,3,18.56
49,Male,95.4,1.7,193,120,61,1.45,954.0,Strength,26.1,3.0,3,2,33.01
45,Male,85.7,1.9,191,141,63,1.71,1027.0,HIIT,15.0,2.9,4,3,23.74
46,Male,87.5,1.75,199,169,69,1.57,1292.0,HIIT,15.5,3.1,3,3,28.57
52,Female,65.8,1.66,170,162,71,0.98,561.0,HIIT,27.6,2.3,3,2,23.88
34,Female,76.0,1.61,191,125,50,0.83,393.0,HIIT,29.1,2.1,3,1,29.32
41,Female,63.6,1.65,193,137,65,1.84,1116.0,Yoga,19.3,2.8,3,2,23.36
19,Female,46.7,1.57,180,130,58,0.99,622.0,Strength,27.7,1.5,2,1,18.95
48,Male,89.8,1.75,179,140,58,1.86,1287.0,Yoga,17.3,3.1,3,2,29.32
50,Female,71.6,1.57,189,150,74,0.78,458.0,HIIT,35.0,2.7,3,2,29.05
41,Female,73.0,1.8,160,162,73,1.03,956.0,Strength,30.6,1.9,5,1,22.53
46,Male,66.6,1.74,188,132,59,1.48,829.0,HIIT,28.5,3.3,2,1,22.0
49,Male,68.8,1.83,192,164,66,1.25,1147.0,HIIT,19.3,2.8,5,2,20.54
29,Male,106.7,1.93,194,165,53,0.81,1033.0,Yoga,25.3,2.5,2,2,28.65
56,Male,94.3,1.69,189,151,67,1.07,818.0,Yoga,22.8,3.5,3,1,33.02
28,Male,129.9,1.9,173,154,72,1.02,958.0,Strength,23.8,3.5,5,2,35.98
56,Female,46.5,1.5,178,161,59,1.55,914.0,Strength,29.1,1.8,3,2,20.67
25,Male,87.3,1.72,168,165,68,1.91,1699.0,Strength,10.0,3.7,5,3,29.51
37,Male,104.5,1.66,160,161,63,1.16,978.0,Cardio,25.9,2.9,3,1,37.92
29,Female,75.0,1.73,160,150,72,1.17,1073.0,HIIT,35.0,2.2,5,3,25.06
49,Female,47.2,1.62,160,162,65,1.08,726.0,Yoga,24.4,1.7,5,2,17.99
28,Female,51.2,1.58,163,169,56,1.34,960.0,HIIT,32.1,2.4,2,2,20.51
51,Male,55.9,1.69,185,168,54,0.77,609.0,Yoga,22.1,2.5,4,1,19.57
25,Female,69.5,1.69,173,169,65,1.1,824.0,Cardio,25.0,1.8,4,3,24.33
25,Female,62.4,1.51,193,120,58,1.23,835.0,Strength,28.6,1.8,5,3,27.37
49,Male,80.1,1.55,199,129,61,1.75,1060.0,Strength,11.5,3.3,4,3,33.34
50,Female,44.7,1.58,199,139,66,0.92,608.0,Yoga,33.5,2.6,3,3,17.91
38,Female,58.5,1.73,198,135,50,1.8,1162.0,Yoga,16.7,2.5,4,3,19.55
59,Female,59.8,1.55,193,129,64,1.94,979.0,Cardio,15.7,2.6,5,3,24.89
58,Male,129.8,1.91,196,127,71,1.33,952.0,Strength,27.4,2.7,3,3,35.58
53,Male,89.2,1.72,185,152,57,1.84,1379.0,Yoga,11.4,3.3,5,3,30.15
43,Female,58.3,1.61,198,134,71,1.41,974.0,HIIT,25.9,1.9,4,2,22.49
46,Female,42.8,1.63,185,127,74,1.16,722.0,HIIT,27.8,2.1,5,1,16.11
43,Male,109.7,1.64,160,162,74,1.15,1189.0,HIIT,25.2,3.5,3,3,40.79
50,Male,60.9,1.9,184,135,64,1.2,876.0,Strength,22.7,3.3,4,3,16.87
46,Female,62.2,1.5,183,130,54,1.74,994.0,Yoga,19.0,2.5,5,2,27.64
49,Male,71.1,1.92,195,144,73,1.2,1030.0,HIIT,24.4,2.2,3,1,19.29
44,Female,55.0,1.64,168,125,71,0.97,512.0,Yoga,33.9,2.5,3,2,20.45
20,Male,63.5,1.86,160,122,52,0.77,481.0,Strength,23.2,3.0,4,1,18.35
58,Male,80.7,1.67,182,149,66,1.15,881.0,Strength,26.1,3.2,4,1,28.94
18,Male,64.8,1.64,161,120,72,0.5,487.0,Cardio,29.6,2.4,2,1,24.09
57,Female,53.1,1.65,187,129,70,0.82,662.0,Yoga,34.2,1.5,5,2,19.5
50,Female,75.5,1.58,185,152,67,1.05,850.0,HIIT,32.8,1.9,3,1,30.24
41,Female,45.5,1.67,163,124,73,0.77,631.0,Strength,33.4,1.7,4,1,16.31
50,Male,54.1,1.71,189,155,71,0.82,739.0,Cardio,25.4,3.0,2,2,18.5
56,Female,61.6,1.51,199,163,70,1.16,908.0,Strength,32.0,2.3,4,2,27.02
26,Female,65.0,1.62,174,138,64,1.4,888.0,HIIT,29.7,1.7,4,2,24.77
24,Male,77.4,1.64,183,125,74,1.32,849.0,Yoga,29.7,2.6,2,3,28.78
22,Female,69.2,1.84,179,130,68,0.82,592.0,Yoga,33.8,2.0,3,2,20.44
45,Female,67.6,1.69,191,132,65,0.71,386.0,HIIT,34.6,2.1,2,2,23.67
24,Male,84.7,1.85,170,128,55,1.62,1269.0,Yoga,11.2,3.4,5,3,24.75
42,Female,70.6,1.51,186,145,60,1.33,934.0,Cardio,32.4,1.7,2,2,30.96
30,Male,84.6,1.69,177,126,69,1.59,1200.0,HIIT,13.2,3.5,3,3,29.62
32,Female,55.4,1.73,191,157,69,1.89,1566.0,Yoga,16.4,2.3,5,3,18.51
37,Male,73.6,1.81,196,147,69,1.15,976.0,Cardio,25.6,3.4,2,1,22.47
19,Female,55.8,1.51,160,163,57,1.35,1024.0,Strength,33.0,1.8,5,2,24.47
31,Male,75.2,1.96,168,140,67,0.63,575.0,Cardio,21.9,3.7,2,1,19.58
37,Female,64.9,1.55,194,145,66,1.72,1266.0,Yoga,16.7,2.7,4,2,27.01
55,Male,114.0,1.7,161,169,64,0.71,713.0,Strength,23.6,3.0,3,2,39.45
18,Male,84.2,1.94,171,136,58,1.73,1275.0,Cardio,10.0,3.6,5,2,22.37
53,Female,71.7,1.58,177,141,72,0.78,588.0,HIIT,34.2,2.4,4,1,28.72
21,Male,84.6,1.78,184,164,53,0.6,622.0,Strength,29.7,3.6,2,1,26.7
50,Female,67.7,1.61,172,149,64,1.37,1031.0,Strength,29.8,2.2,4,1,26.12
26,Female,57.8,1.78,187,127,60,0.6,325.0,Yoga,33.3,2.4,4,1,18.24
28,Female,56.8,1.74,197,125,58,0.67,344.0,Yoga,35.0,2.5,2,2,18.76
42,Female,77.3,1.72,189,146,50,1.25,708.0,Yoga,27.4,1.5,5,3,26.13
47,Female,72.1,1.5,180,140,72,0.79,580.0,HIIT,35.0,2.1,3,1,32.04
33,Male,119.2,1.68,166,135,68,1.23,1095.0,HIIT,30.8,3.1,3,3,42.23
54,Male,73.1,2.0,188,140,69,1.38,952.0,HIIT,21.0,1.6,2,1,18.27
59,Female,59.6,1.52,169,133,54,1.66,918.0,Strength,14.1,2.7,5,3,25.8
23,Female,70.3,1.52,176,143,52,1.21,856.0,Cardio,34.5,2.2,2,1,30.43
18,Male,67.0,1.82,183,148,53,1.18,1020.0,HIIT,23.1,2.5,3,2,20.23
28,Male,63.5,1.78,173,150,71,1.58,1164.0,Yoga,26.3,3.2,3,2,20.04
56,Male,77.7,1.7,199,126,61,1.83,1124.0,Strength,11.7,3.0,5,3,26.89
24,Male,53.3,1.66,184,139,69,0.94,732.0,Strength,23.7,2.0,4,1,19.34
49,Female,63.5,1.63,176,131,66,1.87,1031.0,Cardio,18.7,2.7,3,2,23.9
42,Female,72.1,1.62,173,153,60,1.13,758.0,Strength,35.0,2.4,2,1,27.47
51,Male,48.2,1.95,161,153,65,1.16,1025.0,Cardio,31.4,1.9,4,1,12.68
48,Male,101.7,1.82,192,153,56,1.4,900.0,Yoga,19.4,3.1,3,1,30.7
18,Male,61.5,1.82,166,124,50,0.75,628.0,Strength,25.6,3.4,4,1,18.57
54,Male,93.9,1.96,182,137,50,0.88,623.0,HIIT,28.9,3.2,2,2,24.44
18,Male,129.9,1.97,161,148,59,0.64,489.0,Cardio,28.3,2.4,3,2,33.47
35,Male,59.1,1.71,195,158,55,1.3,1248.0,Strength,19.0,3.2,3,1,20.21
45,Female,74.8,1.58,191,158,71,1.09,951.0,Yoga,32.1,2.0,2,1,29.96
59,Male,89.6,1.72,179,155,69,1.77,1360.0,Yoga,10.0,3.2,5,3,30.29
52,Male,88.0,1.76,182,126,53,1.07,696.0,Cardio,22.2,2.6,4,2,28.41
20,Female,72.6,1.74,165,168,56,1.31,938.0,Strength,31.4,2.1,3,2,23.98
22,Female,74.8,1.74,164,120,54,1.41,871.0,Strength,35.0,2.0,2,1,24.71
48,Male,62.8,1.78,162,130,59,1.14,765.0,Yoga,26.5,2.7,3,2,19.82
19,Female,69.6,1.52,190,129,53,1.14,534.0,Yoga,26.8,1.8,5,1,30.12
30,Female,60.1,1.6,170,140,74,2.0,1272.0,Strength,20.8,3.3,5,3,23.48
50,Female,70.9,1.6,186,162,55,1.28,1005.0,Strength,29.4,1.9,5,2,27.7
43,Male,87.2,1.83,193,166,65,1.62,1233.0,HIIT,14.7,3.7,4,3,26.04
29,Male,54.1,1.67,172,122,53,1.51,878.0,Strength,29.3,2.8,3,1,19.4
32,Female,58.2,1.53,169,157,63,1.07,817.0,Strength,29.4,1.5,4,1,24.86
59,Male,50.6,1.74,179,169,50,1.05,847.0,HIIT,29.2,2.7,2,1,16.71
25,Female,70.5,1.68,167,162,58,1.0,940.0,Cardio,29.4,1.9,3,3,24.98
18,Female,63.1,1.57,185,158,50,1.26,1026.0,Strength,34.1,2.3,4,1,25.6
33,Male,99.4,1.79,185,138,52,1.26,1059.0,HIIT,28.0,2.5,2,1,31.02
35,Female,62.3,1.66,161,169,61,1.0,816.0,HIIT,26.8,1.8,2,1,22.61
30,Female,58.7,1.51,188,125,69,0.96,558.0,Cardio,27.5,2.3,2,1,25.74
35,Male,86.8,1.66,185,163,65,1.74,1587.0,HIIT,10.0,3.7,5,3,31.5
59,Female,77.4,1.76,162,123,57,1.52,759.0,Strength,31.2,1.7,3,1,24.99
44,Female,56.5,1.76,172,166,65,1.92,1432.0,Yoga,16.0,3.3,3,3,18.24
45,Male,48.9,1.67,163,120,72,1.39,877.0,Yoga,19.4,2.7,5,1,17.53
31,Male,79.2,1.75,173,120,55,1.2,957.0,HIIT,25.5,2.8,3,2,25.86
42,Male,109.2,1.66,185,169,61,1.46,1191.0,Strength,21.1,3.7,3,1,39.63
59,Male,84.7,1.74,182,153,64,1.17,863.0,Strength,22.8,3.6,3,1,27.98
34,Male,81.4,1.99,181,132,50,1.59,1151.0,Strength,13.2,3.6,3,2,20.56
59,Male,52.3,1.7,173,132,70,1.41,931.0,Strength,19.0,2.9,4,3,18.1
57,Male,122.2,1.85,171,128,60,1.08,741.0,Cardio,28.6,3.0,4,1,35.7
39,Female,44.5,1.61,190,153,69,0.5,467.0,HIIT,28.8,2.2,2,1,17.17
21,Male,87.1,1.78,178,151,62,1.56,1515.0,HIIT,11.0,3.4,5,2,27.49
19,Female,65.1,1.54,186,126,71,1.33,835.0,Cardio,30.0,2.6,2,2,27.45
18,Female,73.3,1.65,183,153,74,1.22,928.0,Cardio,30.6,1.6,3,1,26.92
32,Male,124.6,1.98,186,154,66,1.53,1139.0,Strength,27.5,3.1,4,3,31.78
44,Female,67.4,1.75,171,140,66,1.39,920.0,Strength,35.0,1.9,3,1,22.01
18,Female,54.5,1.58,178,156,71,1.81,1434.0,Yoga,14.3,3.2,4,2,21.83
26,Female,82.2,1.57,185,120,53,0.5,303.0,Yoga,32.0,2.0,3,1,33.35
37,Female,65.0,1.5,194,139,69,1.7,1366.0,Cardio,16.3,2.8,4,3,28.89
26,Female,59.8,1.65,180,139,71,1.97,1312.0,Strength,17.3,2.9,3,3,21.97
39,Male,83.3,1.87,187,161,62,1.59,1319.0,Yoga,17.3,3.4,5,3,23.82
48,Male,86.8,1.82,190,138,67,1.75,1070.0,Strength,10.0,3.7,4,3,26.2
38,Female,57.8,1.67,160,128,70,2.0,1148.0,Yoga,19.5,2.7,4,2,20.73
29,Female,76.9,1.62,178,134,51,1.45,866.0,HIIT,35.0,2.3,2,2,29.3
37,Male,118.2,1.8,181,169,71,1.38,1320.0,Yoga,24.8,2.4,3,1,36.48
55,Male,91.6,1.76,193,157,70,1.13,952.0,Yoga,22.1,3.2,4,1,29.57
46,Female,73.9,1.67,169,134,65,1.18,775.0,Yoga,25.0,1.7,5,2,26.5
40,Female,74.6,1.79,192,167,51,1.57,1007.0,HIIT,27.9,1.9,4,1,23.28
34,Male,84.1,1.9,160,151,69,1.5,1458.0,Yoga,10.0,3.7,5,3,23.3
35,Male,65.8,1.66,168,132,60,0.7,512.0,Cardio,28.9,2.8,2,1,23.88
51,Male,83.8,1.88,190,147,50,1.23,842.0,Cardio,24.1,3.6,2,1,23.71
26,Female,60.7,1.69,190,169,65,1.63,1304.0,Cardio,16.2,2.1,4,2,21.25
55,Male,83.6,1.91,177,138,56,1.69,1028.0,HIIT,15.8,3.3,3,3,22.92
31,Female,71.4,1.76,198,150,69,1.08,819.0,Strength,26.5,1.5,5,3,23.05
36,Male,121.7,1.86,193,146,61,0.9,998.0,HIIT,27.3,2.9,2,2,35.18
29,Female,69.2,1.72,182,164,57,1.08,944.0,HIIT,29.3,1.5,2,1,23.39
43,Male,65.3,1.77,160,143,51,1.26,899.0,HIIT,23.5,2.6,2,1,20.84
33,Male,109.0,1.64,185,138,73,0.57,445.0,Cardio,27.1,2.7,2,1,40.53
59,Female,48.6,1.7,192,128,74,1.12,792.0,Strength,32.9,2.3,4,1,16.82
19,Female,76.5,1.75,197,156,53,1.33,1133.0,Yoga,27.4,2.0,4,1,24.98
50,Female,52.9,1.64,172,147,71,1.25,997.0,HIIT,31.0,2.4,4,3,19.67
56,Female,65.2,1.58,199,138,61,1.75,1081.0,HIIT,19.6,2.5,5,2,26.12
54,Female,47.1,1.73,166,144,72,1.21,655.0,HIIT,28.6,1.5,3,1,15.74
33,Male,64.4,1.57,182,129,61,0.66,303.0,Cardio,25.3,3.7,2,1,26.13
18,Male,64.8,1.87,167,120,50,0.66,679.0,Strength,22.5,3.2,4,2,18.53
39,Female,46.3,1.59,193,154,66,0.58,406.0,HIIT,30.7,1.8,2,1,18.31
24,Female,65.3,1.79,186,132,58,1.7,1072.0,Cardio,19.7,2.6,3,3,20.38
49,Female,62.0,1.72,188,131,65,1.66,853.0,Strength,15.9,2.6,3,3,20.96
33,Male,87.1,1.71,186,164,70,1.71,1542.0,HIIT,10.5,3.7,5,3,29.79
43,Female,68.1,1.67,160,151,54,1.55,971.0,Cardio,32.3,1.5,2,3,24.42
22,Male,82.9,1.58,199,120,63,1.69,1219.0,HIIT,10.2,3.2,3,3,33.21
46,Male,64.0,2.0,171,130,66,1.43,994.0,Yoga,23.8,3.3,2,1,16.0
29,Male,122.5,1.95,182,132,53,1.03,701.0,Strength,29.0,2.8,3,3,32.22
27,Male,85.1,1.86,177,137,60,1.86,1249.0,Yoga,10.7,3.2,3,3,24.6
27,Male,90.7,1.9,185,159,69,1.53,1310.0,Cardio,22.0,1.6,3,2,25.12
39,Female,61.0,1.62,169,120,50,1.88,935.0,Cardio,18.5,2.6,4,3,23.24
26,Male,102.6,1.85,199,126,56,1.31,1000.0,HIIT,23.2,3.1,4,2,29.98
18,Male,61.2,1.61,160,124,74,0.5,480.0,Cardio,26.6,1.8,2,1,23.61
49,Male,55.0,1.79,180,125,62,1.55,793.0,Strength,20.8,3.7,4,1,17.17
22,Female,72.0,1.57,195,131,56,0.94,555.0,Strength,31.9,1.6,2,1,29.21
35,Male,65.9,1.76,180,127,60,1.06,692.0,Cardio,28.0,2.1,2,1,21.27
23,Female,40.0,1.61,164,166,58,1.1,892.0,HIIT,30.4,1.8,2,1,15.43
54,Male,86.6,1.81,171,158,53,1.89,1389.0,Yoga,11.5,3.7,5,3,26.43
51,Male,70.2,1.84,160,143,70,1.3,886.0,Yoga,27.4,2.3,2,1,20.73
55,Male,57.9,1.68,177,163,61,1.15,938.0,HIIT,26.2,2.5,3,1,20.51
55,Female,65.9,1.65,169,133,52,1.63,1049.0,Strength,15.7,2.9,5,3,24.21
31,Male,73.9,1.79,179,127,64,0.73,672.0,Cardio,23.0,2.3,4,2,23.06
26,Male,121.0,1.88,185,131,50,1.2,829.0,HIIT,23.4,2.9,4,2,34.23
49,Female,65.1,1.54,191,130,67,1.83,1120.0,Strength,17.1,3.1,4,2,27.45
48,Male,66.0,1.63,181,166,68,1.55,1134.0,HIIT,24.2,3.4,3,1,24.84
25,Female,58.5,1.8,188,165,70,1.86,1591.0,Yoga,15.8,2.9,4,2,18.06
54,Male,94.6,1.69,171,157,50,1.48,1005.0,Strength,28.6,2.2,2,1,33.12
18,Male,84.2,1.99,178,146,66,1.81,1426.0,HIIT,16.2,3.6,3,3,21.26
54,Male,110.0,1.73,187,120,53,1.23,669.0,Yoga,27.3,2.6,2,2,36.75
18,Female,62.8,1.72,179,120,50,1.89,1202.0,Strength,15.3,1.9,4,3,21.23
43,Male,92.8,1.74,192,150,51,0.93,940.0,Strength,24.2,2.5,5,2,30.65
59,Female,74.6,1.77,165,143,62,1.05,711.0,Cardio,27.2,2.4,4,2,23.81
18,Female,49.5,1.62,192,169,62,0.64,303.0,Yoga,28.2,2.4,2,1,18.86
50,Male,86.5,1.61,160,137,58,1.78,1231.0,Cardio,14.2,3.7,3,3,33.37
43,Female,58.3,1.71,170,162,66,1.84,1528.0,Yoga,15.0,2.5,4,3,19.94
36,Female,67.7,1.73,184,133,50,1.46,898.0,Strength,25.5,3.2,3,3,22.62
43,Male,77.6,1.89,180,145,51,1.17,945.0,Cardio,26.5,3.4,2,2,21.72
38,Male,88.4,1.85,180,133,56,1.7,1294.0,Strength,13.6,3.4,5,2,25.83
29,Male,77.2,2.0,186,169,62,1.03,1008.0,Strength,22.1,2.3,2,1,19.3
52,Female,68.5,1.6,197,120,65,1.25,574.0,HIIT,29.3,1.5,3,1,26.76
52,Female,54.8,1.56,186,126,51,1.37,793.0,HIIT,33.1,2.4,5,1,22.52
23,Female,77.5,1.73,166,163,61,1.51,1187.0,Yoga,24.6,1.5,4,3,25.89
23,Male,89.2,1.67,183,137,74,1.65,1242.0,Strength,11.6,3.0,4,3,31.98
23,Female,64.5,1.64,178,138,64,1.09,913.0,Cardio,30.8,2.1,3,2,23.98
49,Male,78.3,1.72,176,128,57,1.9,1208.0,Yoga,13.3,3.4,5,3,26.47
21,Female,64.6,1.68,184,155,69,1.28,1004.0,HIIT,32.2,2.0,2,2,22.89
56,Female,52.6,1.61,175,156,52,1.04,745.0,Cardio,27.7,1.9,3,3,20.29
46,Male,115.1,1.88,170,139,53,1.4,1009.0,Cardio,20.3,3.2,3,1,32.57
45,Male,77.7,1.95,193,133,71,1.59,994.0,Yoga,25.7,3.0,4,2,20.43
36,Male,80.6,1.93,173,139,69,1.08,771.0,Yoga,21.0,3.1,5,3,21.64
45,Female,50.8,1.78,167,157,52,1.18,933.0,Strength,28.4,2.0,2,1,16.03
27,Male,101.6,1.84,174,139,65,1.19,749.0,Cardio,29.1,2.6,3,2,30.01
48,Female,64.6,1.66,160,153,74,0.72,392.0,Cardio,32.2,1.5,2,2,23.44
39,Male,91.7,1.75,197,155,54,0.96,968.0,Strength,19.3,2.4,5,1,29.94
49,Male,78.4,1.76,194,127,71,1.45,925.0,Yoga,32.2,3.6,4,2,25.31
48,Male,65.5,1.78,160,131,63,1.17,683.0,Yoga,29.0,2.0,3,2,20.67
31,Female,63.1,1.71,167,166,68,0.96,790.0,HIIT,25.3,2.7,3,3,21.58
52,Female,57.1,1.58,170,158,73,1.38,929.0,HIIT,29.5,1.6,2,3,22.87
41,Male,100.9,1.88,194,135,74,0.97,788.0,Strength,28.4,2.9,2,1,28.55
22,Female,66.0,1.54,186,132,50,1.04,672.0,Yoga,28.1,2.2,3,3,27.83
27,Female,66.7,1.66,172,161,74,0.57,406.0,Strength,29.8,2.2,2,1,24.21
39,Male,96.8,1.79,189,153,64,1.3,1116.0,HIIT,23.6,3.7,2,1,30.21
46,Female,61.8,1.6,180,166,52,1.25,879.0,HIIT,31.0,2.0,5,2,24.14
38,Female,52.5,1.72,184,143,56,1.99,1482.0,Yoga,20.0,3.1,4,3,17.75
36,Female,45.0,1.54,188,150,65,1.11,694.0,Yoga,32.0,1.6,4,1,18.97
32,Male,66.0,1.54,185,129,65,0.54,359.0,Cardio,21.5,3.5,2,1,27.83
48,Female,60.3,1.53,165,158,70,1.71,1079.0,HIIT,16.2,2.5,4,3,25.76
47,Female,75.6,1.58,184,149,66,1.33,1018.0,HIIT,32.3,3.1,3,1,30.28
32,Male,117.0,1.9,190,132,50,1.05,685.0,Strength,27.9,2.7,3,1,32.41
37,Male,56.8,1.83,176,160,63,1.52,1294.0,Strength,28.5,2.2,3,2,16.96
53,Male,118.6,1.83,171,137,59,0.99,795.0,Cardio,28.7,3.7,4,2,35.41
44,Female,79.4,1.84,171,130,52,1.33,838.0,Yoga,31.1,2.1,4,2,23.45
25,Male,79.2,1.93,166,124,51,1.37,1082.0,Strength,29.7,3.2,2,1,21.26
32,Male,55.9,2.0,198,137,65,1.25,904.0,Strength,27.7,3.7,5,3,13.98
54,Female,74.2,1.54,195,151,73,1.25,741.0,HIIT,26.8,2.3,4,1,31.29
43,Female,59.8,1.68,181,131,69,1.81,1008.0,Cardio,15.3,2.7,3,3,21.19
41,Male,76.3,1.69,189,147,61,1.57,1185.0,HIIT,12.7,3.4,5,3,26.71
52,Female,54.3,1.78,196,143,57,1.51,935.0,Strength,15.8,2.0,5,3,17.14
43,Female,42.9,1.72,191,148,50,1.68,949.0,HIIT,35.0,2.0,4,3,14.5
35,Male,91.4,1.69,172,135,73,0.99,539.0,Yoga,26.3,3.2,3,2,32.0
22,Female,66.8,1.65,192,133,60,2.0,1320.0,Cardio,18.8,2.8,5,3,24.54
39,Female,48.9,1.5,185,147,65,1.47,967.0,HIIT,34.4,2.5,3,2,21.73
47,Female,57.4,1.66,187,159,74,1.34,815.0,HIIT,32.9,2.8,2,1,20.83
53,Male,128.0,1.99,160,128,63,0.97,617.0,Strength,25.8,3.7,3,1,32.32
49,Female,74.9,1.68,163,124,51,1.34,674.0,HIIT,33.7,1.5,3,2,26.54
55,Male,49.6,1.99,184,162,52,0.91,863.0,Strength,26.5,3.1,3,2,12.52
39,Male,70.6,2.0,183,143,54,1.11,849.0,Cardio,26.6,2.9,4,3,17.65
32,Female,79.1,1.67,165,161,69,1.46,990.0,HIIT,33.6,1.6,5,2,28.36
34,Male,71.0,1.66,168,168,74,1.7,1362.0,Cardio,22.1,2.1,2,2,25.77
18,Male,100.3,1.7,198,162,71,0.7,758.0,Cardio,19.6,2.3,3,1,34.71
57,Female,49.1,1.59,174,154,54,0.97,813.0,Cardio,22.9,2.5,5,3,19.42
55,Male,81.0,1.91,178,128,50,0.89,408.0,Cardio,26.6,2.5,3,1,22.2
57,Male,85.0,1.85,185,130,71,1.43,919.0,Yoga,14.0,3.7,5,3,24.84
22,Male,81.0,1.87,199,140,52,1.7,1305.0,Yoga,12.0,3.4,4,2,23.16
25,Male,88.2,1.75,161,138,67,1.34,855.0,HIIT,23.2,3.1,3,3,28.8
35,Female,65.0,1.62,163,150,52,1.37,984.0,Cardio,33.5,1.5,4,2,24.77
30,Female,79.6,1.71,185,139,54,1.18,621.0,Cardio,27.2,2.0,4,1,27.22
48,Male,73.9,1.88,197,129,70,1.04,618.0,Yoga,27.9,2.5,5,1,20.91
52,Male,85.9,1.68,199,158,70,1.88,1514.0,HIIT,12.0,3.6,5,3,30.44
26,Female,54.9,1.67,173,165,72,1.25,1029.0,Yoga,29.0,1.5,3,3,19.69
58,Male,116.8,1.58,168,143,59,0.96,738.0,HIIT,26.6,2.8,5,1,46.79
26,Female,80.8,1.77,173,144,65,1.36,913.0,Strength,32.7,2.3,4,1,25.79
19,Male,112.4,1.63,188,163,61,1.68,1405.0,Cardio,21.2,2.4,3,2,42.3
23,Male,89.5,2.0,160,151,53,1.75,1483.0,Cardio,10.3,3.7,3,2,22.38
37,Female,52.9,1.69,199,125,74,1.34,865.0,Strength,32.0,1.5,3,1,18.52
39,Male,124.1,1.63,160,168,63,1.31,1097.0,Yoga,23.6,2.5,3,1,46.71
37,Female,49.7,1.74,193,142,59,1.32,915.0,Yoga,35.0,1.5,2,1,16.42
18,Female,54.8,1.7,184,161,55,1.17,994.0,Cardio,30.7,1.8,3,1,18.96
35,Male,69.5,1.65,175,122,53,0.97,472.0,Cardio,30.7,3.1,3,1,25.53
59,Female,60.6,1.66,165,158,73,1.44,1105.0,HIIT,12.5,2.1,5,2,21.99
59,Female,61.8,1.72,174,120,54,0.85,388.0,Yoga,25.1,2.5,2,1,20.89
18,Female,72.1,1.61,189,151,74,1.01,891.0,Cardio,31.9,1.7,2,1,27.82
20,Male,58.7,1.84,181,142,68,0.73,492.0,Cardio,23.1,3.2,2,1,17.34
40,Female,69.7,1.63,164,157,62,0.82,760.0,Strength,35.0,3.6,2,1,26.23
53,Male,106.6,1.67,199,155,55,1.3,920.0,Cardio,25.5,3.4,4,2,38.22
45,Male,109.2,1.7,194,129,63,0.77,469.0,Strength,22.1,2.0,2,1,37.79
48,Male,71.7,1.94,166,120,58,1.36,795.0,Yoga,18.5,3.6,3,3,19.05
22,Male,81.2,1.76,180,125,63,1.56,997.0,Cardio,11.6,3.5,3,2,26.21
50,Female,77.8,1.59,165,168,67,1.05,641.0,Cardio,30.0,2.1,2,2,30.77
43,Male,100.9,1.77,196,132,55,1.37,766.0,Cardio,26.8,3.0,4,1,32.21
43,Female,61.8,1.75,175,159,53,1.36,1096.0,HIIT,31.7,1.7,4,2,20.18
56,Male,98.6,1.71,186,147,59,0.8,369.0,Yoga,28.4,3.2,4,2,33.72
48,Male,85.6,1.92,184,130,60,1.84,1151.0,HIIT,18.0,3.5,5,3,23.22
22,Male,97.4,1.86,198,136,72,0.54,392.0,Cardio,20.6,2.7,2,2,28.15
46,Male,90.1,2.0,160,133,53,1.98,1160.0,Cardio,16.5,3.0,4,2,22.52
18,Male,129.3,1.88,182,169,74,1.07,1189.0,Strength,20.0,2.5,4,1,36.58
49,Male,46.0,1.74,199,155,74,1.29,1146.0,Strength,27.7,3.4,3,2,15.19
26,Male,54.9,1.77,186,130,51,1.16,773.0,Yoga,20.9,2.9,3,1,17.52
54,Male,56.8,1.7,166,143,57,1.35,948.0,Cardio,26.3,2.9,4,1,19.65
57,Female,74.6,1.7,190,163,55,1.56,1026.0,HIIT,26.9,2.4,2,1,25.81
41,Female,47.7,1.71,195,120,52,0.92,443.0,Yoga,28.1,1.9,2,1,16.31
54,Male,61.1,1.67,169,123,72,0.53,360.0,Cardio,22.4,3.5,2,1,21.91
27,Female,77.9,1.66,186,155,57,1.06,899.0,Strength,31.3,2.4,2,3,28.27
56,Female,71.5,1.53,184,133,63,0.65,557.0,HIIT,30.3,2.1,2,1,30.54
33,Female,75.3,1.76,187,135,57,1.16,705.0,Cardio,27.8,2.0,4,2,24.31
48,Female,57.3,1.57,178,139,53,1.63,901.0,Yoga,16.2,2.4,5,3,23.25
40,Female,46.3,1.75,185,159,54,1.37,759.0,Cardio,34.2,2.0,2,1,15.12
27,Male,81.4,1.62,175,156,67,1.94,1632.0,HIIT,10.0,3.6,5,2,31.02
31,Male,78.5,1.71,190,121,66,1.4,934.0,Strength,26.5,2.6,2,2,26.85
39,Male,47.4,1.77,188,152,67,0.55,562.0,Strength,31.4,2.9,2,1,15.13
20,Male,65.7,1.6,160,153,74,1.17,1168.0,Yoga,21.1,2.1,4,3,25.66
18,Female,69.4,1.69,165,120,57,0.84,658.0,Yoga,25.7,1.7,3,1,24.3
44,Female,58.3,1.51,191,137,58,1.84,1120.0,Yoga,15.7,2.2,3,3,25.57
31,Male,106.2,1.77,169,137,53,1.38,898.0,HIIT,28.8,3.5,4,1,33.9
22,Male,115.1,1.96,196,167,58,0.83,898.0,Yoga,27.2,2.1,2,2,29.96
55,Male,84.3,1.8,170,163,57,0.97,794.0,Yoga,28.4,2.2,3,3,26.02
28,Female,52.1,1.86,191,165,67,2.0,1527.0,Yoga,16.2,3.0,5,2,15.06
54,Male,47.7,1.72,183,127,57,1.34,800.0,Strength,21.4,3.6,3,2,16.12
53,Female,47.5,1.74,168,156,71,1.22,884.0,Strength,28.5,2.1,3,2,15.69
18,Female,64.4,1.62,199,135,61,1.84,1289.0,Cardio,17.5,2.2,4,3,24.54
48,Female,55.2,1.67,194,143,59,1.91,1212.0,Yoga,20.9,2.5,5,3,19.79
24,Male,92.2,1.61,184,156,66,1.29,1183.0,Cardio,26.7,2.2,4,3,35.57
48,Male,66.4,1.58,184,120,70,1.47,779.0,HIIT,24.1,1.8,5,1,26.6
28,Male,80.3,1.98,164,145,54,1.49,1293.0,Strength,14.1,3.4,5,3,20.48
42,Male,77.6,1.91,174,132,71,1.32,805.0,Yoga,20.7,3.7,3,3,21.27
19,Male,72.5,1.85,197,154,61,1.25,930.0,Yoga,27.1,2.9,3,2,21.18
53,Female,63.4,1.7,164,155,63,1.87,1330.0,Cardio,15.0,2.9,4,3,21.94
46,Male,54.3,1.84,188,163,73,1.27,964.0,Strength,22.6,2.7,3,2,16.04
49,Female,52.7,1.76,199,139,61,1.44,897.0,Strength,15.3,2.6,5,2,17.01
21,Female,53.6,1.67,178,155,71,1.82,1424.0,Yoga,13.7,2.3,3,3,19.22
49,Male,47.6,1.85,185,165,73,1.27,956.0,Strength,26.4,2.8,3,1,13.91
26,Male,74.5,1.76,167,135,68,0.86,458.0,Cardio,24.1,2.6,4,2,24.05
59,Female,50.3,1.65,186,123,69,1.31,824.0,Strength,31.2,2.4,5,3,18.48
56,Female,58.2,1.56,181,153,55,1.12,870.0,Cardio,32.3,2.3,3,2,23.92
49,Male,59.6,1.91,179,137,57,1.32,725.0,Strength,19.7,2.9,3,2,16.34
39,Male,75.9,1.93,160,151,65,1.22,909.0,HIIT,21.4,2.6,4,1,20.38
56,Female,72.3,1.51,181,140,63,0.91,526.0,HIIT,25.7,2.2,2,2,31.71
38,Female,47.6,1.67,190,150,52,1.49,879.0,Yoga,33.5,1.5,3,1,17.07
24,Male,55.0,2.0,199,129,64,1.25,1186.0,Strength,26.4,3.0,5,3,13.75
57,Female,74.1,1.69,192,149,62,1.06,718.0,Cardio,26.8,1.6,3,1,25.94
53,Male,50.9,1.67,198,160,62,1.69,1176.0,Yoga,22.8,3.0,2,1,18.25
28,Female,53.9,1.61,169,166,71,1.71,1424.0,HIIT,15.3,2.6,3,3,20.79
20,Female,45.6,1.63,178,120,71,1.14,725.0,HIIT,30.2,2.1,3,2,17.16
46,Female,55.7,1.75,176,157,72,1.02,745.0,Strength,30.0,2.5,4,3,18.19
55,Male,83.8,1.9,192,153,54,1.02,824.0,Cardio,24.1,2.5,3,2,23.21
18,Male,83.7,1.83,187,145,68,1.76,1407.0,HIIT,14.7,3.4,4,3,24.99
53,Female,65.9,1.54,163,129,61,0.85,574.0,HIIT,30.9,3.1,3,2,27.79
53,Male,107.0,1.89,190,133,74,1.2,811.0,HIIT,21.2,2.6,3,3,29.95
30,Female,69.8,1.74,170,120,52,1.17,686.0,Cardio,31.5,2.6,3,1,23.05
51,Male,117.5,1.74,196,152,55,0.52,369.0,Cardio,27.6,2.6,3,1,38.81
37,Male,107.3,2.0,196,131,74,0.83,620.0,HIIT,26.5,3.4,2,1,26.82
23,Male,55.3,1.71,183,136,68,1.13,738.0,Strength,22.8,2.8,2,1,18.91
21,Male,99.3,1.91,196,133,74,0.5,401.0,Cardio,19.4,2.2,2,2,27.22
28,Male,79.7,1.71,176,120,55,1.5,1084.0,HIIT,25.7,2.6,4,1,27.26
39,Female,43.7,1.62,199,151,63,0.58,470.0,HIIT,35.0,1.9,2,1,16.65
47,Male,77.4,2.0,185,130,67,1.53,1019.0,Yoga,23.1,2.5,4,3,19.35
45,Male,53.3,1.84,192,165,74,1.32,904.0,Strength,25.3,2.9,3,1,15.74
27,Female,76.4,1.61,179,154,56,1.14,882.0,Strength,32.2,2.1,3,3,29.47
37,Male,104.0,1.93,190,134,50,1.05,653.0,Yoga,22.4,1.9,2,2,27.92
44,Male,78.2,1.86,179,142,65,1.23,723.0,Cardio,27.1,3.6,4,1,22.6
29,Male,83.3,1.71,164,129,71,1.22,979.0,HIIT,26.6,3.7,3,1,28.49
48,Male,95.3,1.8,160,121,67,1.42,832.0,Cardio,22.0,3.1,2,2,29.41
54,Female,80.1,1.5,189,133,72,0.92,484.0,Strength,26.9,2.6,2,1,35.6
38,Male,120.4,1.84,182,169,70,1.28,1306.0,Yoga,25.3,2.3,2,2,35.56
51,Female,56.7,1.62,172,144,56,1.15,665.0,Strength,28.5,1.5,4,3,21.6
29,Male,65.3,1.79,182,145,69,0.69,497.0,Yoga,27.0,2.2,2,1,20.38
50,Male,85.6,1.95,195,143,68,1.5,830.0,Yoga,28.6,3.3,2,1,22.51
34,Female,72.7,1.72,184,135,55,1.12,713.0,Cardio,27.7,2.2,3,1,24.57
28,Female,57.1,1.5,173,149,51,1.1,844.0,Strength,23.0,1.9,2,1,25.38
51,Male,52.5,1.83,180,128,60,1.22,732.0,Strength,19.9,3.7,2,1,15.68
58,Male,87.3,1.62,190,137,50,1.84,1157.0,Yoga,14.0,3.4,5,3,33.26
23,Male,77.8,1.96,192,143,58,1.45,992.0,HIIT,28.8,2.0,3,1,20.25
38,Male,95.2,1.9,191,135,64,1.41,876.0,HIIT,21.0,2.8,4,1,26.37
19,Female,44.2,1.57,180,121,66,1.05,720.0,HIIT,35.0,2.0,2,1,17.93
55,Male,55.8,1.72,164,138,68,1.35,1123.0,Strength,21.6,2.4,4,3,18.86
41,Male,80.1,1.72,164,156,50,1.43,1357.0,Cardio,10.5,2.8,5,3,27.08
43,Female,73.5,1.7,172,153,57,1.18,1013.0,Strength,27.5,2.7,3,2,25.43
58,Female,61.3,1.7,172,152,73,1.52,1170.0,HIIT,16.9,2.5,4,3,21.21
30,Male,71.2,1.57,166,128,61,0.52,401.0,Cardio,29.5,3.7,3,2,28.89
48,Female,45.8,1.67,173,124,59,1.4,735.0,HIIT,35.0,1.5,4,1,16.42
50,Female,51.8,1.62,172,124,71,0.82,393.0,Yoga,30.1,1.7,3,1,19.74
55,Female,46.1,1.78,160,145,74,1.04,676.0,HIIT,25.3,2.2,4,2,14.55
49,Female,69.7,1.71,184,163,50,0.82,713.0,Strength,32.2,1.5,3,1,23.84
57,Male,55.5,1.97,175,128,71,1.0,612.0,Strength,22.5,2.9,4,2,14.3
22,Female,67.6,1.73,188,137,65,1.66,1173.0,Cardio,22.3,3.3,4,3,22.59
43,Male,65.4,2.0,173,165,73,1.27,1304.0,Strength,25.9,2.1,5,2,16.35
24,Female,60.4,1.76,184,126,74,0.73,496.0,HIIT,28.3,1.6,4,1,19.5
43,Female,55.1,1.6,186,156,68,1.62,1200.0,Yoga,17.7,2.6,5,3,21.52
55,Female,55.0,1.54,171,141,50,1.16,775.0,Strength,30.0,2.2,4,3,23.19
39,Female,67.5,1.58,179,144,70,1.32,841.0,Strength,32.2,3.1,3,1,27.04
26,Female,66.6,1.71,176,121,67,0.87,608.0,Strength,34.7,1.8,3,1,22.78
42,Female,67.4,1.53,199,131,60,1.71,934.0,Yoga,13.8,2.6,3,3,28.79
54,Female,75.6,1.75,176,165,63,0.84,715.0,Yoga,28.6,2.0,3,1,24.69
50,Female,57.1,1.5,190,132,56,1.46,816.0,HIIT,32.8,2.2,5,3,25.38
39,Male,126.1,1.81,183,156,69,1.42,1120.0,Strength,33.1,2.8,4,3,38.49
38,Female,51.5,1.68,197,126,67,1.15,661.0,Strength,35.0,1.9,2,2,18.25
22,Female,68.2,1.5,186,166,59,1.5,1186.0,Yoga,26.6,1.6,3,2,30.31
36,Female,57.3,1.55,177,123,50,1.93,1175.0,Strength,19.8,2.5,4,3,23.85
55,Male,92.7,1.87,162,141,63,1.5,1197.0,Cardio,10.0,3.3,3,3,26.51
49,Male,52.8,1.85,190,125,52,1.44,833.0,Strength,31.6,3.4,5,1,15.43
57,Female,49.4,1.59,182,159,55,1.0,728.0,HIIT,31.1,2.3,3,1,19.54
53,Female,44.2,1.69,162,158,74,1.13,820.0,Strength,30.9,1.7,2,3,15.48
18,Male,109.8,1.96,194,125,64,1.16,784.0,Cardio,19.9,2.7,2,1,28.58
22,Male,66.3,1.63,162,149,71,1.44,1128.0,Yoga,22.0,2.5,3,1,24.95
24,Male,103.9,1.9,176,159,64,1.27,1090.0,Cardio,23.3,2.1,2,2,28.78
45,Male,76.4,1.88,184,159,64,1.39,1128.0,HIIT,21.9,3.3,4,3,21.62
37,Male,98.6,1.79,198,120,61,0.7,535.0,HIIT,24.4,3.3,2,1,30.77
18,Male,72.6,1.8,180,155,50,1.21,999.0,Yoga,29.0,3.7,5,1,22.41
36,Male,53.6,1.69,169,137,71,1.24,971.0,Yoga,25.6,3.1,3,1,18.77
51,Female,57.9,1.5,186,131,53,1.17,756.0,HIIT,30.8,2.2,4,3,25.73
24,Female,60.7,1.5,195,135,62,1.22,804.0,Yoga,22.5,2.2,3,1,26.98
37,Female,76.4,1.58,167,130,63,0.86,650.0,Yoga,28.8,1.5,4,1,30.6
40,Male,60.3,1.9,177,167,68,0.99,818.0,Yoga,26.9,3.0,4,1,16.7
20,Female,73.4,1.72,169,138,63,1.43,782.0,Cardio,29.1,1.8,5,1,24.81
51,Female,64.6,1.63,170,126,64,0.82,464.0,HIIT,32.8,2.4,2,1,24.31
21,Male,105.8,1.81,178,160,66,1.31,1227.0,Cardio,22.8,2.4,3,1,32.29
32,Male,89.7,1.96,192,142,70,1.74,1490.0,Cardio,11.9,3.6,5,3,23.35
52,Female,58.0,1.63,199,162,62,1.61,1227.0,HIIT,29.1,2.3,3,3,21.83
53,Female,47.3,1.62,165,154,67,0.93,642.0,HIIT,30.7,1.6,3,3,18.02
47,Male,82.1,1.91,179,162,71,1.89,1589.0,Yoga,15.3,3.7,5,2,22.5
51,Male,89.2,1.93,186,148,73,2.0,1563.0,Strength,10.0,3.6,5,2,23.95
59,Female,59.7,1.69,182,159,51,1.17,564.0,Yoga,35.0,1.9,3,1,20.9
27,Male,93.6,1.88,179,135,50,0.5,581.0,Yoga,24.6,2.6,2,2,26.48
30,Female,71.2,1.65,189,128,70,0.73,538.0,HIIT,28.6,2.0,3,2,26.15
37,Female,64.1,1.65,188,120,74,1.65,949.0,Strength,15.5,2.8,5,3,23.54
29,Female,67.2,1.63,174,160,74,0.71,589.0,Strength,27.9,1.8,2,1,25.29
20,Male,118.4,1.78,181,149,63,1.04,806.0,Cardio,29.6,3.3,2,2,37.37
31,Female,64.7,1.51,190,120,60,1.19,686.0,Strength,24.9,2.5,5,2,28.38
50,Female,52.9,1.65,172,136,69,0.66,453.0,Yoga,30.3,1.9,3,1,19.43
49,Male,84.0,1.86,171,144,73,2.0,1457.0,HIIT,11.5,3.3,4,3,24.28
48,Male,83.9,1.75,199,163,65,1.54,1081.0,HIIT,13.4,3.4,5,3,27.4
18,Female,54.5,1.6,183,162,54,1.55,1367.0,Cardio,19.4,2.5,5,2,21.29
27,Female,58.5,1.7,195,128,70,0.74,353.0,HIIT,26.3,1.7,4,2,20.24
56,Female,67.6,1.55,166,161,62,1.59,972.0,Yoga,32.0,1.6,2,1,28.14
37,Male,104.7,1.64,180,148,70,1.4,1167.0,Strength,26.5,3.7,5,2,38.93
28,Female,63.2,1.8,160,139,58,0.99,516.0,Cardio,26.8,2.2,4,1,19.51
41,Female,67.6,1.58,197,138,60,0.5,488.0,Cardio,34.9,2.3,3,1,27.08
20,Male,82.6,1.8,181,125,60,1.54,1107.0,Cardio,11.2,3.7,5,2,25.49
29,Male,95.8,1.94,183,135,50,1.31,1002.0,HIIT,24.8,2.9,4,3,25.45
29,Female,69.7,1.65,195,140,61,1.49,1119.0,Strength,28.1,1.7,3,2,25.6
18,Male,78.4,1.85,188,138,54,1.79,1412.0,Yoga,10.6,3.7,4,3,22.91
57,Female,49.6,1.73,178,149,59,1.46,879.0,Strength,33.0,2.4,3,1,16.57
57,Male,124.5,1.7,174,154,71,1.18,944.0,Strength,29.1,2.8,3,1,43.08
54,Male,117.3,1.94,197,123,70,0.5,512.0,HIIT,24.3,3.2,3,2,31.17
39,Male,128.0,1.6,182,133,68,0.83,732.0,Strength,23.3,3.4,4,2,50.0
31,Male,84.0,1.63,171,144,56,2.0,1680.0,HIIT,14.6,3.7,5,3,31.62
37,Female,42.9,1.89,181,162,60,1.28,801.0,Cardio,32.1,1.5,4,1,12.01
24,Male,72.5,1.95,164,145,50,1.32,1200.0,Yoga,19.3,2.9,4,1,19.07
18,Female,75.7,1.79,182,126,60,0.9,600.0,HIIT,29.6,1.5,4,2,23.63
58,Female,66.8,1.81,168,134,60,0.8,386.0,Cardio,24.5,1.5,2,2,20.39
42,Male,82.1,1.75,163,169,72,1.71,1527.0,Strength,10.0,2.9,5,3,26.81
30,Male,73.4,1.75,180,169,69,1.29,1184.0,Yoga,28.4,3.1,2,1,23.97
48,Male,52.8,1.84,174,157,53,1.33,1124.0,Cardio,24.0,2.5,4,1,15.6
41,Male,55.5,1.92,199,140,74,1.32,1065.0,Cardio,25.0,2.3,3,1,15.06
19,Male,81.9,1.87,186,159,55,0.52,607.0,Strength,30.5,3.1,4,1,23.42
18,Female,54.0,1.82,168,132,70,0.5,391.0,HIIT,30.6,1.6,2,1,16.3
22,Male,96.6,1.73,165,153,64,1.26,1035.0,Strength,24.9,3.0,3,1,32.28
36,Female,57.9,1.58,178,136,52,1.79,1219.0,HIIT,14.2,3.5,4,2,23.19
53,Male,59.7,1.71,172,167,63,1.2,934.0,Strength,23.7,2.9,2,2,20.42
42,Female,65.2,1.54,179,150,69,1.27,881.0,Strength,33.9,2.2,2,2,27.49
24,Female,44.4,1.6,196,122,57,0.61,319.0,Yoga,20.9,1.8,2,1,17.34
30,Female,60.3,1.71,186,129,65,0.6,445.0,Yoga,35.0,3.0,2,2,20.62
46,Male,84.3,1.82,191,130,68,1.68,971.0,HIIT,14.4,3.4,5,3,25.45
36,Male,115.6,1.77,185,168,64,1.51,1217.0,Yoga,24.1,2.6,2,1,36.9
34,Female,74.5,1.78,162,121,50,0.86,708.0,Strength,35.0,1.5,2,1,23.51
32,Male,56.2,1.65,191,157,57,1.34,1215.0,Strength,18.5,3.7,2,1,20.64
29,Male,65.3,1.61,179,165,59,1.55,1235.0,Strength,26.1,3.0,2,1,25.19
38,Male,76.7,1.94,160,158,65,0.93,836.0,HIIT,22.2,2.8,3,1,20.38
46,Female,41.4,1.73,165,134,73,1.05,620.0,Strength,35.0,1.5,3,2,13.83
26,Male,83.6,1.67,174,148,52,1.17,793.0,Yoga,18.7,3.1,5,3,29.98
38,Male,77.9,1.96,185,137,72,1.12,908.0,Yoga,21.2,3.7,4,2,20.28
58,Male,56.9,1.97,186,134,61,0.63,427.0,Strength,30.9,3.7,4,1,14.66
38,Male,70.1,1.96,180,155,54,1.26,788.0,Cardio,26.9,1.8,4,2,18.25
39,Male,69.6,1.99,160,164,52,0.73,399.0,Yoga,25.1,2.0,3,1,17.58
40,Male,77.7,1.88,187,128,57,1.36,863.0,Yoga,25.1,3.0,3,3,21.98
45,Male,86.4,1.79,172,128,58,1.76,1131.0,HIIT,12.7,3.3,4,3,26.97
36,Male,71.2,1.99,174,146,50,1.22,976.0,Cardio,21.2,1.9,4,1,17.98
25,Male,125.4,1.61,192,160,58,1.26,1123.0,HIIT,32.5,3.0,2,1,48.38
34,Male,44.3,1.88,188,138,50,1.35,1234.0,Cardio,20.9,2.5,4,1,12.53
19,Male,104.3,1.97,173,131,68,0.8,638.0,Yoga,29.3,2.8,4,2,26.88
38,Male,83.5,1.89,185,136,59,1.74,1298.0,Strength,16.1,3.4,5,2,23.38
21,Male,66.1,1.76,168,157,50,1.01,947.0,Yoga,23.4,3.3,4,2,21.34
49,Male,87.5,1.79,199,163,71,1.65,1148.0,HIIT,13.3,3.4,3,3,27.31
29,Female,58.0,1.62,189,160,60,1.73,1385.0,HIIT,16.4,3.1,5,3,22.1
51,Male,50.1,1.65,160,152,63,1.14,959.0,Cardio,25.4,3.1,3,2,18.4
22,Male,81.2,1.93,193,135,55,1.94,1455.0,Yoga,10.5,3.7,3,3,21.8
31,Male,104.6,1.61,179,133,61,1.65,1177.0,Strength,30.3,3.1,4,2,40.35
59,Female,58.6,1.78,197,125,56,1.71,994.0,Cardio,19.4,2.2,5,2,18.5
18,Female,50.7,1.67,181,151,62,1.08,781.0,Yoga,29.6,2.6,4,1,18.18
36,Male,81.2,1.79,167,160,57,1.3,1211.0,Cardio,29.1,2.5,3,1,25.34
36,Female,80.1,1.68,199,162,56,1.25,881.0,Strength,32.5,2.3,5,1,28.38
39,Male,117.1,1.65,191,149,56,0.76,603.0,HIIT,21.5,3.2,3,1,43.01
34,Male,72.5,2.0,199,128,64,0.6,440.0,Yoga,26.0,2.8,2,2,18.12
34,Female,59.8,1.66,180,152,60,1.04,880.0,Cardio,33.0,2.5,4,1,21.7
19,Male,91.3,1.78,190,140,69,0.93,829.0,Cardio,22.7,3.7,3,2,28.82
29,Male,87.1,1.87,179,120,74,1.7,978.0,Yoga,10.1,3.4,5,2,24.91
32,Male,103.6,1.64,163,160,57,1.02,1087.0,Cardio,27.2,2.9,3,1,38.52
26,Male,81.2,1.78,179,138,51,1.43,1132.0,Cardio,31.2,1.9,3,1,25.63
31,Male,76.4,1.6,172,147,53,1.13,863.0,Yoga,23.0,3.7,3,2,29.84
34,Female,67.3,1.68,191,155,50,0.6,576.0,Cardio,27.7,2.4,4,1,23.84
18,Male,123.2,1.83,190,139,65,1.47,1059.0,Cardio,22.2,3.7,4,3,36.79
49,Female,67.9,1.59,198,127,74,1.26,715.0,HIIT,29.2,2.0,2,1,26.86
36,Male,128.1,1.86,184,166,74,1.46,1057.0,Strength,30.6,3.2,3,3,37.03
56,Male,51.5,1.74,168,137,67,1.5,1039.0,Strength,20.7,3.0,5,1,17.01
33,Male,102.8,1.73,195,120,67,0.88,541.0,HIIT,22.3,3.7,2,1,34.35
30,Male,87.7,1.64,171,142,59,2.0,1554.0,HIIT,19.7,3.3,5,3,32.61
56,Female,45.6,1.72,166,157,74,1.35,1006.0,Yoga,25.1,1.9,2,1,15.41
47,Male,84.7,1.74,167,157,72,1.51,1186.0,HIIT,15.8,3.6,4,2,27.98
24,Female,78.9,1.57,180,129,57,1.42,1011.0,HIIT,28.3,1.8,2,3,32.01
48,Male,54.8,1.83,199,141,69,1.26,845.0,Cardio,25.5,3.1,5,1,16.36
26,Female,43.9,1.68,184,138,72,0.92,667.0,Yoga,32.1,2.7,3,3,15.55
27,Male,92.5,1.88,199,133,53,1.55,1297.0,Cardio,13.8,3.2,4,3,26.17
57,Female,50.0,1.52,173,159,58,1.44,1028.0,Strength,27.6,1.9,2,1,21.64
33,Male,87.7,1.72,166,155,66,1.39,1110.0,Strength,29.7,3.2,2,2,29.64
51,Female,47.0,1.8,168,149,72,1.16,757.0,HIIT,25.5,1.5,4,1,14.51
59,Female,69.3,1.57,184,136,54,1.49,1031.0,Strength,32.2,2.0,2,2,28.11
45,Female,54.0,1.65,191,137,71,0.9,466.0,Strength,26.1,2.8,2,1,19.83
18,Male,87.3,1.96,163,139,73,1.68,1266.0,HIIT,11.2,3.7,4,3,22.72
23,Female,48.2,1.78,186,146,52,0.86,681.0,Cardio,28.1,2.4,2,2,15.21
57,Female,55.5,1.53,161,161,53,1.88,1457.0,Strength,23.7,2.7,5,3,23.71
56,Female,71.5,1.71,196,121,67,1.05,598.0,Cardio,33.7,2.6,2,3,24.45
19,Male,68.0,1.63,167,169,71,1.26,1176.0,Strength,20.8,2.9,2,1,25.59
40,Female,55.2,1.75,170,158,71,1.04,709.0,Strength,29.2,2.7,5,2,18.02
22,Female,52.6,1.56,189,164,60,0.5,403.0,Yoga,27.9,1.5,3,2,21.61
54,Female,65.1,1.56,169,128,67,1.62,870.0,HIIT,29.0,1.7,5,1,26.75
22,Male,117.9,1.86,199,166,50,1.23,1216.0,Yoga,24.5,3.1,2,3,34.08
36,Female,74.2,1.58,177,159,50,1.45,1160.0,Cardio,34.2,2.7,4,2,29.72
52,Male,84.3,1.89,176,159,50,2.0,1484.0,Strength,18.7,3.7,5,3,23.6
23,Female,53.7,1.66,196,169,56,1.29,1194.0,Cardio,26.6,2.8,3,3,19.49
46,Female,55.1,1.63,196,141,65,1.86,1190.0,Yoga,17.6,3.0,5,3,20.74
54,Male,44.1,1.58,189,125,55,1.27,737.0,Cardio,27.8,3.1,3,1,17.67
19,Female,59.9,1.51,163,159,53,1.19,1108.0,Strength,31.3,1.5,4,3,26.27
37,Female,44.5,1.75,182,169,57,1.16,923.0,Cardio,30.4,1.8,4,1,14.53
52,Female,74.0,1.6,176,129,50,0.8,483.0,Cardio,34.4,2.5,3,2,28.91
41,Female,59.3,1.57,184,126,54,1.53,1037.0,HIIT,13.5,3.4,5,3,24.06
18,Male,65.9,1.91,186,144,54,1.1,951.0,HIIT,23.8,2.2,4,3,18.06
59,Female,40.0,1.57,171,130,63,1.11,693.0,Strength,33.4,2.1,2,1,16.23
40,Female,53.7,1.59,187,138,74,1.49,982.0,HIIT,27.0,1.7,3,3,21.24
36,Male,69.4,1.91,172,150,74,1.39,1031.0,Cardio,33.6,3.7,3,2,19.02
30,Male,72.5,1.67,180,131,74,1.05,567.0,Yoga,25.5,1.9,2,1,26.0
52,Male,96.0,1.98,183,134,50,0.6,600.0,HIIT,27.6,3.7,4,1,24.49
50,Female,69.4,1.5,184,144,50,0.87,458.0,Cardio,24.3,1.5,4,2,30.84
58,Male,90.7,1.76,190,150,64,1.11,763.0,Yoga,24.1,3.3,2,1,29.28
44,Female,56.1,1.5,174,134,55,1.5,962.0,Yoga,18.7,2.4,5,2,24.93
23,Male,98.9,1.71,199,160,72,0.99,681.0,Cardio,24.0,2.8,2,2,33.82
21,Male,85.6,1.85,170,134,59,1.8,1366.0,Cardio,10.7,3.1,5,3,25.01
37,Male,103.5,1.71,183,129,74,0.99,670.0,HIIT,29.2,3.5,2,1,35.4
21,Female,71.3,1.78,181,123,57,0.85,525.0,HIIT,28.7,1.5,4,1,22.5
52,Male,88.9,1.8,164,148,57,1.84,1098.0,HIIT,12.5,3.6,5,2,27.44
58,Female,41.2,1.7,165,123,74,0.94,541.0,Strength,24.4,3.2,3,2,14.26
41,Male,50.3,1.8,164,163,69,0.69,866.0,Strength,20.4,2.3,2,2,15.52
52,Female,70.7,1.52,181,138,69,0.86,541.0,HIIT,26.2,2.5,2,2,30.6
41,Male,54.6,1.9,172,164,55,1.31,1066.0,Cardio,25.1,3.7,5,1,15.12
20,Male,117.4,1.74,180,124,68,0.96,714.0,Strength,26.4,3.6,4,1,38.78
41,Male,71.3,1.93,177,160,69,1.02,747.0,Strength,29.3,2.6,2,1,19.14
29,Female,58.9,1.79,181,127,58,1.77,1083.0,HIIT,15.4,2.9,4,2,18.38
52,Male,86.2,1.79,187,142,70,1.58,1125.0,Strength,10.4,3.6,5,3,26.9
44,Female,56.0,1.82,199,127,68,1.42,824.0,Yoga,33.2,2.1,3,1,16.91
58,Female,73.3,1.76,167,144,65,1.18,821.0,Cardio,24.8,2.8,3,2,23.66
32,Female,74.7,1.63,178,125,72,1.46,861.0,Yoga,28.8,2.1,3,3,28.12
46,Female,62.2,1.62,171,149,73,1.54,1036.0,HIIT,31.8,2.0,2,1,23.7
49,Female,69.1,1.72,185,140,50,1.0,647.0,HIIT,30.6,2.0,3,1,23.36
28,Male,60.4,1.8,171,148,68,1.62,1186.0,Yoga,24.1,2.5,2,1,18.64
18,Female,74.1,1.55,190,120,53,0.89,724.0,Strength,27.5,1.9,2,2,30.84
21,Male,63.4,1.83,189,148,50,1.15,1008.0,HIIT,21.5,2.5,2,2,18.93
23,Male,103.8,1.76,191,135,64,1.34,978.0,Strength,23.1,1.9,3,2,33.51
20,Female,60.6,1.56,191,159,53,0.99,1048.0,Strength,33.9,2.1,5,2,24.9
51,Female,40.0,1.5,160,163,67,1.27,740.0,Yoga,26.2,2.3,3,1,17.78
22,Male,88.0,1.72,193,157,63,1.57,1374.0,Strength,10.2,3.7,3,2,29.75
51,Female,46.1,1.63,183,130,67,0.5,364.0,Cardio,25.3,1.6,3,1,17.35
42,Male,112.9,1.68,195,127,66,0.82,489.0,Strength,22.0,2.1,2,1,40.0
45,Male,62.5,1.76,161,149,60,1.24,794.0,Strength,16.2,2.4,4,3,20.18
52,Female,49.7,1.6,180,120,60,1.21,807.0,HIIT,34.2,1.5,4,1,19.41
48,Female,66.0,1.61,184,155,64,0.92,679.0,Strength,34.8,1.5,3,3,25.46
32,Male,88.1,1.89,193,139,53,1.74,1313.0,Cardio,15.0,3.2,4,3,24.66
50,Female,73.2,1.57,188,152,72,1.2,693.0,HIIT,24.1,2.2,3,1,29.7
58,Female,75.9,1.58,178,157,51,1.27,1117.0,Yoga,32.0,2.2,3,3,30.4
48,Female,55.8,1.53,193,121,52,1.86,957.0,Yoga,18.8,2.0,5,3,23.84
28,Female,56.3,1.74,178,159,63,0.53,418.0,Cardio,32.4,1.8,2,2,18.6
33,Male,62.5,1.59,180,164,64,1.33,1215.0,Cardio,20.4,3.6,5,1,24.72
31,Female,58.3,1.77,188,127,74,1.25,708.0,Yoga,25.6,1.8,3,1,18.61
38,Male,91.0,1.75,178,146,72,0.77,635.0,Yoga,24.2,3.6,2,2,29.71
27,Female,68.2,1.58,183,136,50,1.26,1018.0,Cardio,22.3,1.7,3,1,27.32
53,Male,85.7,1.64,182,146,55,1.06,816.0,HIIT,18.9,2.7,4,2,31.86
57,Female,41.8,1.69,165,126,59,1.36,836.0,Strength,28.0,2.0,3,3,14.64
59,Male,99.1,1.63,173,169,63,1.27,1197.0,Cardio,19.4,3.1,3,2,37.3
26,Male,122.5,1.95,189,121,51,0.84,722.0,Strength,29.0,2.9,4,2,32.22
31,Male,49.8,1.66,187,152,50,0.51,458.0,Strength,16.0,3.0,2,1,18.07
37,Female,57.6,1.51,176,139,63,0.75,333.0,Yoga,35.0,1.8,2,1,25.26
36,Male,85.2,1.61,175,152,69,1.15,1216.0,Cardio,23.7,3.1,5,3,32.87
24,Female,53.2,1.54,197,140,70,1.19,841.0,Strength,27.9,2.2,2,1,22.43
22,Male,79.3,1.89,163,133,59,2.0,1193.0,HIIT,10.0,3.7,4,3,22.2
18,Male,73.8,1.61,173,128,54,1.41,1055.0,Cardio,24.5,2.9,3,2,28.47
20,Male,78.8,1.89,199,149,74,1.57,1256.0,Cardio,12.3,3.5,3,3,22.06
18,Male,90.0,1.91,187,150,63,1.77,1545.0,HIIT,12.3,3.2,5,2,24.67
32,Male,57.2,1.95,179,126,62,1.27,856.0,Strength,22.9,2.8,4,2,15.04
56,Female,63.8,1.6,162,131,69,1.31,731.0,HIIT,30.2,1.6,3,1,24.92
44,Female,68.4,1.65,199,131,65,0.5,471.0,HIIT,35.0,3.1,2,2,25.12
21,Female,69.3,1.74,166,169,73,1.27,1123.0,Strength,28.1,1.6,2,1,22.89
29,Female,60.6,1.62,180,122,50,1.44,1023.0,Cardio,17.3,2.2,5,2,23.09
41,Male,84.6,1.67,186,135,64,1.71,1120.0,Cardio,15.0,3.2,4,3,30.33
58,Female,67.7,1.53,178,145,53,0.53,385.0,Cardio,25.5,1.9,3,2,28.92
52,Female,61.2,1.71,168,162,74,1.37,1085.0,HIIT,15.0,3.2,5,3,20.93
25,Female,81.3,1.69,181,134,63,1.45,966.0,Strength,30.0,1.9,5,2,28.47
53,Female,53.5,1.84,197,147,55,1.62,955.0,Strength,16.5,2.6,5,2,15.8
58,Male,86.6,1.7,170,152,62,1.72,1246.0,Yoga,12.8,3.7,4,3,29.97
22,Female,62.7,1.5,170,163,58,1.59,1215.0,HIIT,27.9,2.5,2,1,27.87
22,Male,113.9,1.93,188,123,63,1.05,753.0,Cardio,22.3,3.1,3,1,30.58
41,Female,60.5,1.62,181,127,73,1.29,1090.0,HIIT,31.3,2.1,2,3,23.05
28,Male,122.9,1.73,180,167,66,1.1,1059.0,Yoga,23.0,2.8,4,2,41.06
49,Male,50.4,1.91,193,122,51,1.16,727.0,Strength,28.8,3.1,3,2,13.82
54,Male,85.7,1.58,174,149,64,1.9,1261.0,Yoga,10.0,3.7,5,2,34.33
35,Male,66.6,1.94,168,160,51,1.35,1265.0,Strength,29.6,3.5,3,1,17.7
38,Male,106.7,1.89,170,169,60,0.5,465.0,Cardio,27.2,3.3,3,2,29.87
26,Male,53.3,1.74,180,126,52,1.08,885.0,Yoga,23.4,2.8,4,2,17.6
18,Female,77.6,1.65,178,150,60,1.18,853.0,Strength,35.0,1.7,3,1,28.5
57,Female,58.9,1.76,192,140,61,1.4,904.0,Strength,16.3,3.0,5,3,19.01
50,Female,62.3,1.5,181,169,63,1.41,1105.0,Strength,35.0,1.9,3,1,27.69
47,Male,51.1,1.88,190,159,73,0.95,753.0,Strength,28.2,3.1,4,2,14.46
46,Male,94.0,1.68,185,131,58,1.54,901.0,Strength,26.0,3.1,4,1,33.3
41,Female,54.5,1.58,186,155,63,1.38,1156.0,Yoga,19.6,2.9,3,2,21.83
55,Male,50.0,1.74,168,169,50,1.12,910.0,HIIT,25.2,3.4,3,2,16.51
42,Male,94.7,1.94,196,134,71,1.05,718.0,Strength,30.6,2.6,2,3,25.16
29,Male,75.5,1.96,183,169,61,1.05,1084.0,Strength,24.1,2.6,2,1,19.65
43,Male,45.3,1.59,170,169,65,1.34,1163.0,Strength,26.2,2.4,3,2,17.92
32,Male,94.7,1.96,172,146,58,1.31,1130.0,HIIT,21.2,3.5,3,3,24.65
42,Male,79.7,1.86,173,131,70,0.94,864.0,Yoga,22.1,3.3,5,1,23.04
35,Female,65.5,1.59,182,154,62,1.29,996.0,Strength,34.1,2.6,2,1,25.91
18,Female,58.6,1.64,180,131,54,1.23,864.0,Cardio,34.1,3.0,3,2,21.79
33,Female,48.6,1.68,175,156,64,1.11,703.0,Strength,35.0,2.0,2,2,17.22
36,Male,65.1,2.0,180,144,50,1.17,909.0,Cardio,25.8,2.7,3,1,16.27
46,Female,67.9,1.73,179,157,53,1.48,1140.0,HIIT,33.7,1.7,5,2,22.69
56,Male,71.2,1.82,177,169,61,1.05,979.0,Strength,17.3,2.2,4,2,21.49
53,Female,78.8,1.64,180,155,66,0.9,711.0,Cardio,33.5,1.5,3,1,29.3
37,Male,90.8,1.64,199,150,70,1.78,1551.0,Yoga,11.4,3.7,4,3,33.76
18,Female,64.1,1.65,198,128,63,1.13,692.0,Cardio,29.8,2.6,2,3,23.54
32,Male,114.9,1.57,167,131,54,0.99,706.0,Cardio,25.2,3.5,4,3,46.61
29,Female,43.9,1.78,176,120,64,1.43,955.0,Strength,35.0,2.7,2,1,13.86
37,Female,57.5,1.62,171,154,59,1.54,1040.0,Strength,33.6,2.4,4,1,21.91
38,Female,76.2,1.61,175,164,50,1.3,1230.0,Cardio,34.0,2.6,3,2,29.4
20,Male,40.0,1.7,162,133,73,1.23,762.0,HIIT,22.4,2.2,3,1,13.84
50,Male,81.7,1.78,188,147,73,1.49,799.0,Strength,28.4,3.0,3,1,25.79
30,Male,89.6,1.61,175,148,64,1.84,1502.0,HIIT,12.8,3.2,5,3,34.57
48,Male,55.9,1.71,199,137,66,1.27,770.0,Cardio,26.2,3.0,4,2,19.12
52,Female,46.5,1.62,188,138,72,1.32,747.0,HIIT,25.1,1.6,3,2,17.72
43,Female,68.5,1.61,169,157,58,1.63,1015.0,Cardio,31.0,1.5,3,3,26.43
29,Female,68.4,1.66,170,169,58,0.93,928.0,Cardio,31.5,1.5,4,3,24.82
59,Female,52.5,1.62,176,128,57,0.66,413.0,Yoga,25.7,3.0,2,1,20.0
28,Male,48.3,2.0,166,120,70,1.04,696.0,Yoga,26.3,2.3,2,3,12.08
49,Male,90.8,1.89,172,138,55,1.05,736.0,Cardio,25.4,3.3,4,1,25.42
47,Female,56.1,1.68,193,134,57,1.89,1165.0,Yoga,22.0,3.1,5,2,19.88
39,Male,59.7,2.0,178,143,54,1.39,1095.0,Cardio,19.3,2.2,2,1,14.92
47,Male,69.4,1.96,192,132,53,0.76,439.0,Yoga,29.3,2.3,2,1,18.07
52,Male,81.8,1.94,190,120,71,1.67,926.0,Yoga,14.4,3.7,5,2,21.73
44,Male,95.7,1.76,167,124,68,1.47,775.0,Cardio,23.9,3.3,3,2,30.89
34,Female,72.7,1.76,192,136,66,0.88,678.0,Cardio,28.1,2.5,3,1,23.47
49,Female,51.8,1.82,179,127,56,0.63,438.0,Cardio,24.9,2.4,2,1,15.64
22,Female,44.3,1.85,169,144,63,0.57,527.0,Yoga,30.6,2.4,2,1,12.94
18,Female,51.7,1.6,195,159,55,1.54,1131.0,Cardio,28.2,3.0,4,1,20.2
58,Male,126.7,1.75,188,151,60,0.74,508.0,Yoga,21.2,2.9,2,1,41.37
34,Male,107.0,1.75,167,143,54,1.18,973.0,HIIT,27.3,3.7,3,2,34.94
50,Female,71.8,1.72,160,134,66,1.52,826.0,Strength,27.9,2.1,3,3,24.27
43,Male,88.9,1.81,189,144,59,1.57,1112.0,Cardio,12.2,3.7,3,2,27.14
40,Female,70.7,1.65,173,126,68,0.69,510.0,Yoga,29.1,2.5,4,1,25.97
31,Female,64.9,1.76,169,120,64,0.94,545.0,Strength,34.4,2.3,3,1,20.95
53,Male,129.9,2.0,160,129,68,1.13,486.0,Strength,24.8,3.2,2,1,32.48
30,Male,57.1,1.63,180,129,52,1.1,782.0,Yoga,18.9,2.3,4,2,21.49
39,Female,60.3,1.74,189,120,61,0.8,481.0,Cardio,35.0,2.0,3,1,19.92
29,Female,49.3,1.56,173,153,53,1.11,951.0,Strength,25.5,2.0,4,1,20.26
29,Female,50.2,1.79,170,130,68,1.06,890.0,Strength,29.9,2.0,5,3,15.67
28,Male,104.0,1.83,179,162,58,1.15,1100.0,Cardio,25.8,2.7,4,2,31.05
49,Female,62.8,1.53,184,138,50,1.3,793.0,Cardio,30.8,2.4,4,3,26.83
44,Female,62.3,1.67,174,137,70,1.81,1008.0,Cardio,17.2,2.7,3,3,22.34
45,Female,63.7,1.74,160,148,57,1.47,1125.0,HIIT,16.2,3.2,4,3,21.04
51,Male,93.5,1.99,180,137,50,0.69,615.0,HIIT,29.7,3.3,2,1,23.61
36,Male,122.7,1.71,184,139,74,1.28,1107.0,Cardio,19.0,2.0,3,3,41.96
59,Female,66.6,1.57,181,148,74,1.52,948.0,Cardio,17.9,3.1,5,3,27.02
26,Male,93.1,1.81,176,142,56,0.67,640.0,Yoga,27.2,2.5,2,1,28.42
50,Male,89.2,1.66,163,125,71,0.67,442.0,Cardio,21.0,2.3,2,2,32.37
43,Female,59.4,1.54,184,145,66,1.27,827.0,Strength,35.0,2.3,2,2,25.05
21,Female,54.5,1.62,178,163,54,1.83,1351.0,Cardio,16.7,2.9,5,3,20.77
45,Female,73.0,1.72,188,155,61,1.48,1060.0,Cardio,30.4,2.4,3,1,24.68
31,Female,52.5,1.52,175,122,50,1.86,1094.0,Strength,17.4,2.8,5,2,22.72
26,Male,119.0,2.0,179,128,55,1.12,780.0,Strength,29.9,2.5,5,2,29.75
40,Female,48.5,1.72,190,157,52,1.09,789.0,Yoga,29.3,2.1,4,3,16.39
30,Female,61.4,1.61,181,137,74,0.84,782.0,Yoga,32.3,2.1,3,2,23.69
32,Male,58.1,1.69,199,123,72,0.91,813.0,Yoga,22.9,2.2,2,3,20.34
18,Male,97.3,1.8,183,127,50,1.28,975.0,Yoga,23.4,3.0,2,2,30.03
51,Female,70.8,1.54,175,134,68,0.72,560.0,HIIT,25.7,3.0,2,2,29.85
21,Female,56.7,1.51,165,159,63,1.49,1064.0,Yoga,30.0,1.7,4,3,24.87
20,Male,69.1,1.57,174,169,67,1.28,1276.0,Strength,22.4,2.3,2,2,28.03
54,Female,63.3,1.78,179,159,70,1.62,1097.0,HIIT,20.1,3.1,5,2,19.98
23,Male,68.1,1.65,162,156,73,1.49,1036.0,Yoga,23.1,2.3,4,1,25.01
46,Male,95.2,1.84,182,150,73,1.7,1308.0,Yoga,12.8,3.6,5,2,28.12
32,Female,58.6,1.54,176,127,74,1.48,909.0,Strength,28.0,1.8,3,2,24.71
55,Male,67.9,1.7,190,138,72,1.36,1122.0,Strength,26.3,2.3,4,1,23.49
34,Female,50.0,1.63,169,162,56,1.19,873.0,Cardio,28.0,2.4,3,2,18.82
28,Female,66.4,1.55,175,141,62,1.57,995.0,HIIT,28.0,1.7,4,1,27.64
28,Male,85.4,1.61,179,138,74,1.85,1380.0,Strength,11.3,3.7,4,3,32.95
54,Female,80.9,1.65,179,153,50,1.54,1003.0,Yoga,35.0,2.3,4,1,29.72
48,Male,105.8,1.79,187,131,56,1.12,772.0,HIIT,20.9,3.2,3,2,33.02
44,Male,96.9,1.79,168,120,71,1.3,772.0,HIIT,27.6,3.7,3,2,30.24
18,Male,61.5,1.57,160,120,72,0.56,346.0,Cardio,28.0,2.2,4,1,24.95
26,Male,85.6,1.71,178,128,56,1.57,1062.0,Strength,14.4,3.7,5,3,29.27
18,Male,86.9,1.57,178,158,66,1.62,1658.0,Strength,12.5,3.6,5,3,35.25
42,Female,67.1,1.5,198,128,74,1.64,853.0,Strength,18.5,2.3,5,3,29.82
36,Male,50.7,1.72,197,140,50,1.12,826.0,Yoga,22.1,3.1,4,3,17.14
59,Female,77.1,1.74,160,139,59,1.14,714.0,Cardio,25.0,2.2,5,1,25.47
21,Male,84.0,1.88,161,128,56,1.88,1342.0,HIIT,10.0,3.2,5,3,23.77
22,Male,62.8,1.85,164,154,58,1.09,1064.0,Strength,28.0,3.4,5,3,18.35
36,Male,106.4,1.66,184,146,74,0.72,407.0,Cardio,26.9,2.5,2,2,38.61
41,Female,58.4,1.6,191,135,53,1.61,1088.0,HIIT,22.2,2.9,5,3,22.81
23,Male,75.4,1.76,173,131,63,0.5,445.0,Cardio,26.6,2.2,2,1,24.34
46,Male,71.2,1.95,169,134,66,0.9,743.0,Strength,25.6,2.2,4,2,18.72
27,Female,82.1,1.5,181,134,53,1.62,1130.0,HIIT,27.9,1.5,4,3,36.49
23,Male,113.1,1.85,176,149,51,1.14,903.0,HIIT,19.5,3.4,4,1,33.05
23,Male,95.9,1.73,188,143,74,0.97,821.0,Cardio,25.2,3.6,3,1,32.04
41,Female,56.7,1.73,199,148,69,0.98,756.0,Cardio,28.3,1.6,4,3,18.94
21,Female,61.8,1.59,181,125,51,1.18,795.0,Cardio,30.1,2.4,2,1,24.45
42,Female,74.6,1.65,183,151,59,1.05,685.0,Yoga,29.9,1.9,2,3,27.4
44,Female,59.7,1.68,164,130,67,1.68,1156.0,Yoga,20.5,2.8,3,3,21.15
19,Female,70.3,1.72,199,157,71,1.33,946.0,HIIT,34.5,2.4,4,3,23.76
52,Male,83.7,1.79,181,140,55,1.74,1328.0,Yoga,13.3,3.4,3,3,26.12
32,Female,56.5,1.51,171,120,68,1.51,960.0,Strength,28.2,2.1,3,1,24.78
44,Male,83.5,1.95,184,151,66,1.93,1504.0,Strength,10.0,3.7,3,3,21.96
28,Male,76.6,1.77,181,155,74,1.12,1103.0,Strength,19.6,2.6,2,2,24.45
28,Male,120.5,1.98,183,129,55,1.12,622.0,Strength,31.5,2.6,4,2,30.74
49,Male,118.5,1.72,190,133,57,1.39,947.0,Yoga,21.6,2.7,4,1,40.06
18,Female,72.1,1.82,181,129,64,0.88,403.0,HIIT,26.3,1.6,4,1,21.77
44,Male,57.8,2.0,199,132,71,1.55,1021.0,Cardio,25.0,2.7,2,1,14.45
21,Male,47.0,2.0,170,120,70,0.98,672.0,Yoga,25.5,2.8,4,1,11.75
34,Male,105.7,1.99,192,145,73,1.45,973.0,Yoga,19.8,3.1,3,1,26.69
24,Female,55.5,1.68,169,125,54,0.95,632.0,Cardio,34.0,1.6,4,3,19.66
54,Male,63.5,1.73,168,124,59,0.98,741.0,Yoga,27.7,2.9,4,1,21.22
42,Female,64.2,1.74,169,169,64,1.41,1147.0,Yoga,25.9,1.7,2,1,21.2
53,Male,82.2,1.67,199,125,52,1.06,966.0,Yoga,22.8,2.8,4,1,29.47
58,Female,48.9,1.77,198,158,74,1.29,878.0,Strength,28.9,1.8,2,1,15.61
27,Male,129.3,1.91,169,155,71,0.94,995.0,Strength,22.8,2.9,5,2,35.44
32,Male,87.0,1.66,179,124,65,1.57,1203.0,Cardio,14.2,3.4,5,2,31.57
20,Female,58.0,1.73,175,135,54,1.31,1005.0,HIIT,32.6,2.8,2,1,19.38
55,Male,80.5,1.66,180,158,64,1.68,1237.0,Yoga,12.1,3.1,3,3,29.21
36,Male,103.6,2.0,163,120,62,1.31,737.0,Strength,26.2,2.8,3,2,25.9
53,Female,57.2,1.61,187,167,74,1.03,779.0,Cardio,32.6,2.0,2,1,22.07
33,Male,98.9,2.0,194,138,50,1.4,1069.0,HIIT,25.2,3.3,3,1,24.72
54,Male,48.7,1.67,196,150,67,1.59,1188.0,Yoga,22.6,2.8,2,1,17.46
51,Male,69.0,1.76,160,163,59,1.6,1262.0,HIIT,29.2,2.7,2,3,22.28
18,Female,54.1,1.64,177,159,69,1.02,1013.0,Strength,28.9,2.5,5,3,20.11
32,Female,55.4,1.51,194,120,74,1.02,624.0,Cardio,28.6,2.6,2,1,24.3
34,Male,73.2,1.84,192,129,63,1.21,868.0,Yoga,23.2,3.2,3,3,21.62
31,Female,54.2,1.67,165,169,67,1.45,1069.0,Yoga,30.8,1.5,3,1,19.43
50,Male,56.4,1.77,160,142,70,1.61,948.0,Yoga,20.5,3.4,2,1,18.0
28,Male,65.7,1.91,163,169,53,1.52,1345.0,Strength,33.1,3.3,2,2,18.01
18,Male,119.5,1.8,191,164,56,1.28,1224.0,Yoga,26.2,3.2,2,2,36.88
38,Male,123.2,1.79,185,156,68,1.41,1192.0,Strength,29.9,3.5,3,1,38.45
52,Male,90.8,1.66,176,136,74,1.92,1222.0,Cardio,11.1,3.7,4,3,32.95
48,Male,71.1,1.66,194,142,69,1.23,935.0,Strength,21.0,2.9,2,1,25.8
46,Male,84.2,1.78,191,149,63,1.5,1115.0,Yoga,14.8,3.4,4,2,26.57
24,Male,51.8,1.71,182,136,73,1.22,675.0,Strength,18.7,3.5,3,1,17.71
51,Male,58.7,1.61,193,154,55,1.26,922.0,HIIT,20.2,2.4,4,1,22.65
32,Male,125.2,1.92,192,129,54,1.55,1046.0,Cardio,20.2,3.5,4,3,33.96
57,Male,101.9,1.75,167,166,58,1.23,1109.0,Cardio,22.6,2.5,2,1,33.27
29,Female,61.9,1.57,180,133,66,1.12,600.0,Strength,35.0,1.7,2,3,25.11
24,Female,40.6,1.54,190,124,55,1.45,884.0,HIIT,32.4,2.2,5,1,17.12
34,Male,65.5,1.79,199,143,67,0.95,883.0,HIIT,29.1,2.4,4,2,20.44
26,Male,83.0,1.98,193,132,74,2.0,1408.0,Yoga,14.0,3.5,4,3,21.17
50,Male,89.1,1.73,185,152,64,1.92,1360.0,Strength,12.5,3.7,5,3,29.77
18,Male,96.5,1.72,160,153,66,1.19,1017.0,Strength,26.6,2.5,2,1,32.62
56,Male,129.7,1.94,160,124,62,0.99,597.0,Strength,24.1,3.7,2,2,34.46
18,Female,65.7,1.73,174,120,60,1.24,537.0,Yoga,25.0,1.9,3,2,21.95
42,Male,85.9,1.94,183,158,68,1.71,1371.0,Yoga,12.8,3.7,5,3,22.82
58,Female,52.6,1.54,163,164,61,0.5,450.0,Cardio,29.6,2.5,2,2,22.18
53,Male,57.3,1.68,164,157,69,0.74,491.0,Cardio,23.1,2.8,3,1,20.3
57,Female,51.7,1.69,171,154,50,1.22,1025.0,Strength,31.4,1.7,3,3,18.1
22,Female,70.0,1.54,178,125,54,0.77,524.0,Cardio,27.5,1.8,3,1,29.52
49,Male,78.0,1.96,168,168,64,1.11,982.0,Cardio,32.1,2.2,2,1,20.3
22,Male,86.4,1.9,166,125,54,1.96,1218.0,HIIT,10.5,3.6,5,3,23.93
50,Female,51.1,1.73,168,151,56,1.41,878.0,Strength,32.8,1.5,2,1,17.07
53,Male,86.3,1.63,160,129,69,1.44,1103.0,Cardio,11.6,3.0,3,3,32.48
25,Female,76.9,1.58,199,138,69,0.99,647.0,Strength,25.5,1.6,2,1,30.8
53,Male,123.9,1.93,168,139,73,0.59,390.0,Strength,27.8,3.4,2,1,33.26
53,Male,128.6,1.94,167,135,72,0.58,402.0,Strength,29.0,3.2,2,1,34.17
38,Male,85.9,1.82,168,124,58,1.8,1045.0,HIIT,12.7,3.3,4,3,25.93
29,Male,106.1,1.95,162,120,61,1.07,806.0,Strength,29.8,3.0,4,1,27.9
43,Female,49.2,1.65,164,131,53,1.53,888.0,Strength,32.0,2.4,2,2,18.07
42,Female,66.5,1.55,179,134,71,1.35,954.0,HIIT,30.3,2.5,3,1,27.68
35,Female,41.4,1.78,186,129,53,1.14,727.0,Strength,24.5,1.8,2,2,13.07
35,Female,65.4,1.62,183,135,70,0.82,799.0,Yoga,32.5,1.7,3,3,24.92
33,Female,50.9,1.76,192,156,55,1.69,1120.0,Cardio,33.9,1.7,5,2,16.43
52,Female,44.4,1.68,169,123,65,1.16,750.0,Yoga,27.0,1.6,3,2,15.73
39,Male,95.6,1.59,166,139,50,0.99,789.0,Cardio,27.0,3.7,3,1,37.81
55,Male,81.4,1.57,191,131,58,1.38,955.0,Yoga,21.6,1.9,3,1,33.02
47,Male,116.7,1.77,166,135,64,1.24,943.0,Yoga,30.5,3.1,3,1,37.25
45,Male,88.7,1.6,191,128,57,1.81,1158.0,HIIT,11.8,3.0,5,3,34.65
25,Male,122.0,1.93,189,131,54,0.91,764.0,Strength,28.0,2.7,3,2,32.75
49,Female,65.8,1.52,169,166,66,1.88,1390.0,HIIT,18.9,3.4,5,3,28.48
21,Male,69.5,1.85,172,155,50,0.97,840.0,Yoga,27.9,2.8,3,1,20.31
34,Female,63.0,1.53,174,145,52,1.33,820.0,Cardio,26.9,2.8,5,2,26.91
42,Male,63.5,1.6,160,167,71,0.95,847.0,Cardio,23.2,2.8,2,3,24.8
18,Male,79.9,1.93,172,165,66,1.77,1758.0,HIIT,10.3,3.7,5,3,21.45
23,Female,57.0,1.54,182,153,69,1.22,738.0,Cardio,33.7,3.2,2,1,24.03
50,Male,117.7,1.63,188,134,55,1.45,946.0,Yoga,27.7,2.6,3,1,44.3
24,Male,87.7,2.0,160,148,53,1.8,1638.0,Cardio,10.8,3.4,3,3,21.92
27,Male,125.0,1.71,165,161,59,1.11,1071.0,Strength,25.5,3.0,3,1,42.75
44,Male,73.5,1.87,182,148,59,1.12,869.0,Cardio,32.5,3.3,4,1,21.02
36,Male,87.7,1.6,179,122,73,1.9,1276.0,Cardio,14.5,3.2,5,3,34.26
35,Male,124.0,1.62,183,133,69,0.9,648.0,Strength,22.2,3.4,3,1,47.25
51,Male,79.7,1.82,197,134,73,1.44,960.0,Yoga,28.5,2.9,4,1,24.06
26,Female,53.8,1.69,172,160,66,1.39,1048.0,Yoga,25.2,2.0,3,2,18.84
40,Male,74.1,1.93,199,143,50,0.51,450.0,Cardio,23.1,1.9,2,2,19.89
53,Female,51.4,1.79,196,165,74,1.28,894.0,Strength,33.5,1.6,2,2,16.04
50,Female,55.8,1.63,173,143,72,1.57,1032.0,Cardio,17.2,3.1,3,3,21.0
24,Female,56.3,1.56,174,128,72,1.42,935.0,Cardio,33.5,2.5,4,1,23.13
34,Female,48.2,1.63,162,169,59,1.13,897.0,Cardio,23.9,2.6,3,2,18.14
27,Male,71.1,1.9,193,129,63,1.04,569.0,Yoga,22.7,3.2,3,2,19.7
19,Male,74.1,1.97,183,137,53,1.18,958.0,HIIT,25.2,2.0,2,1,19.09
31,Male,101.2,1.72,183,136,71,1.24,678.0,HIIT,25.0,3.6,2,1,34.21
59,Female,68.7,1.7,190,126,68,1.27,549.0,Cardio,33.2,2.2,3,3,23.77
38,Male,70.8,1.73,160,154,52,1.29,933.0,HIIT,28.8,2.6,3,2,23.66
56,Female,59.6,1.5,173,147,50,0.92,564.0,HIIT,27.5,2.3,2,1,26.49
48,Male,114.4,1.95,173,169,60,0.96,923.0,Yoga,28.1,1.8,3,2,30.09
41,Male,50.1,1.6,168,133,74,1.43,1005.0,Yoga,25.0,2.7,2,2,19.57
52,Male,102.9,1.67,189,127,56,0.71,460.0,HIIT,21.4,2.8,3,1,36.9
50,Female,59.1,1.61,184,167,74,1.15,802.0,Cardio,32.2,2.2,2,2,22.8
52,Female,63.2,1.58,169,129,69,1.05,405.0,HIIT,28.6,2.4,3,1,25.32
44,Female,60.0,1.68,193,138,68,1.97,1185.0,Yoga,17.6,2.3,4,2,21.26
40,Male,51.1,1.79,171,132,57,1.13,613.0,Strength,25.0,2.7,3,3,15.95
59,Male,94.1,1.77,199,152,52,0.79,686.0,HIIT,28.4,2.3,3,2,30.04
55,Female,48.4,1.66,178,141,62,1.44,781.0,Strength,35.0,2.1,2,1,17.56
45,Male,84.1,1.8,189,144,52,1.26,787.0,Yoga,29.5,3.0,4,3,25.96
25,Male,64.7,1.84,160,137,69,0.5,400.0,Strength,21.0,2.6,4,1,19.11
20,Female,49.2,1.6,186,134,63,1.22,882.0,HIIT,34.9,1.5,4,1,19.22
36,Female,53.5,1.6,166,155,65,1.26,1004.0,Strength,30.0,2.6,4,2,20.9
36,Female,75.7,1.67,179,125,63,0.76,305.0,Cardio,23.4,1.7,2,1,27.14
24,Female,55.7,1.77,176,120,61,1.15,531.0,Cardio,34.1,2.3,5,3,17.78
32,Male,114.3,1.65,168,141,61,1.14,637.0,Cardio,20.6,3.5,4,3,41.98
53,Male,127.3,1.67,172,164,54,1.11,937.0,Cardio,20.3,2.7,4,3,45.65
21,Male,97.2,1.74,160,149,66,1.28,1123.0,Strength,26.7,3.4,4,1,32.1
41,Male,60.0,1.88,172,166,67,1.11,821.0,Yoga,23.8,3.3,3,1,16.98
56,Female,62.8,1.68,186,131,62,1.52,914.0,Strength,16.1,3.3,3,2,22.25
54,Male,81.7,1.63,179,145,50,1.29,655.0,HIIT,22.1,3.0,3,2,30.75
59,Male,123.0,1.84,181,159,66,1.43,990.0,HIIT,22.5,2.9,4,1,36.33
35,Male,62.8,1.53,195,158,54,0.7,781.0,Yoga,29.0,1.7,3,1,26.83
51,Female,50.8,1.58,173,124,66,1.74,1027.0,Strength,19.3,3.3,3,3,20.35
24,Female,42.4,1.76,169,138,57,0.92,612.0,Strength,32.0,3.0,3,1,13.69
36,Female,68.7,1.5,191,138,60,1.33,770.0,Cardio,33.4,2.7,5,3,30.53
29,Male,86.7,1.71,182,133,64,1.84,1262.0,Yoga,13.3,3.3,3,3,29.65
54,Male,100.7,1.71,186,122,63,1.15,971.0,Strength,25.2,2.5,3,2,34.44
20,Male,125.9,1.58,192,160,59,1.49,1178.0,HIIT,29.6,3.6,4,1,50.43
29,Male,89.0,1.67,181,127,64,1.79,1187.0,Yoga,13.5,3.2,5,2,31.91
25,Male,79.1,1.85,199,137,57,1.7,1334.0,Yoga,13.1,3.6,3,2,23.11
56,Female,68.0,1.56,179,145,53,0.75,455.0,Cardio,24.5,1.5,3,1,27.94
29,Male,89.9,1.69,169,150,72,1.21,1136.0,Cardio,27.7,2.2,4,1,31.48
50,Male,61.0,1.56,180,122,74,1.51,769.0,HIIT,28.1,1.6,4,3,25.07
49,Male,111.0,1.73,187,152,68,0.6,378.0,Strength,26.3,3.0,2,1,37.09
39,Female,66.8,1.8,179,165,69,1.95,1498.0,Yoga,17.4,3.4,5,3,20.62
23,Female,57.8,1.5,199,138,59,1.21,767.0,Yoga,23.9,1.9,3,1,25.69
57,Male,104.6,1.8,176,131,63,0.62,402.0,Cardio,24.9,2.3,4,2,32.28
47,Female,66.6,1.5,160,146,74,0.68,557.0,Cardio,33.4,1.5,2,1,29.6
33,Male,80.5,1.91,191,132,58,2.0,1523.0,Yoga,13.1,3.7,5,3,22.07
28,Female,64.9,1.71,163,145,61,0.93,486.0,Cardio,27.8,2.9,3,1,22.19
30,Female,50.5,1.5,189,125,63,1.62,960.0,Cardio,28.9,1.9,3,1,22.44
41,Male,63.8,1.69,193,147,64,0.95,388.0,Yoga,28.7,3.4,2,1,22.34
29,Female,58.7,1.64,168,138,74,1.95,1273.0,Strength,16.2,2.7,3,2,21.82
29,Male,87.4,1.83,184,139,58,1.35,938.0,Cardio,29.7,2.1,4,1,26.1
36,Female,65.8,1.5,180,147,64,1.19,827.0,Strength,30.1,2.5,3,1,29.24
57,Female,68.2,1.58,163,134,67,1.29,747.0,HIIT,24.9,1.6,4,3,27.32
52,Male,86.2,1.92,189,155,50,1.32,1011.0,HIIT,24.6,2.1,5,2,23.38
29,Male,56.5,1.66,192,164,54,0.5,654.0,Strength,32.2,1.8,3,1,20.5
47,Female,65.2,1.69,186,137,70,2.0,1136.0,Yoga,20.2,2.9,4,3,22.83
43,Male,77.9,1.74,174,147,69,0.81,626.0,HIIT,27.5,3.4,4,2,25.73
56,Female,42.2,1.64,183,135,67,1.26,650.0,Yoga,26.5,1.5,5,2,15.69
20,Male,47.5,1.77,168,141,71,0.72,762.0,HIIT,19.4,1.7,2,1,15.16
45,Male,52.5,1.86,198,147,74,1.17,807.0,Strength,27.8,2.3,5,1,15.18
42,Male,68.4,1.71,184,142,68,0.63,601.0,Yoga,26.6,3.5,2,2,23.39
33,Male,66.3,1.61,199,162,56,0.88,822.0,Yoga,28.3,2.4,2,2,25.58
53,Male,79.0,1.6,197,125,51,1.57,1023.0,Yoga,23.1,2.7,3,2,30.86
46,Female,56.3,1.71,180,150,57,1.62,1306.0,Cardio,19.5,3.0,5,3,19.25
54,Female,77.2,1.59,186,158,50,1.5,885.0,Yoga,34.4,2.6,4,3,30.54
24,Female,72.1,1.7,194,152,73,1.16,935.0,Cardio,35.0,1.9,3,1,24.95
53,Female,58.5,1.76,199,140,55,1.81,999.0,Strength,13.1,2.2,4,3,18.89
40,Female,60.4,1.72,164,151,57,1.41,924.0,Yoga,27.0,2.2,3,2,20.42
27,Male,113.1,1.94,190,138,70,1.39,1103.0,Cardio,22.7,2.6,3,1,30.05
18,Male,68.8,1.81,185,144,55,1.1,1081.0,HIIT,21.7,2.4,4,2,21.0
34,Male,70.2,1.73,184,122,64,0.92,641.0,Cardio,29.0,2.5,2,3,23.46
18,Female,73.0,1.71,168,124,73,1.19,728.0,Cardio,33.1,1.5,3,3,24.96
52,Male,74.5,1.74,173,152,73,1.1,830.0,Yoga,29.2,2.3,4,1,24.61
21,Male,93.7,1.77,175,152,66,1.61,1378.0,HIIT,14.5,3.6,4,3,29.91
38,Male,96.7,1.81,187,146,72,1.42,1174.0,Strength,25.8,3.7,4,1,29.52
37,Male,94.2,1.88,199,133,65,1.4,1064.0,HIIT,21.2,3.4,3,2,26.65
28,Male,96.0,1.97,191,139,52,1.49,1049.0,HIIT,27.5,2.9,3,1,24.74
40,Female,61.5,1.59,189,131,70,1.35,1042.0,HIIT,25.1,1.7,3,1,24.33
47,Male,56.4,1.77,199,137,64,1.28,836.0,Cardio,22.1,3.5,4,2,18.0
52,Female,77.9,1.67,160,125,50,1.31,622.0,HIIT,35.0,1.7,4,1,27.93
19,Female,46.0,1.78,162,161,62,1.38,1207.0,HIIT,31.3,2.8,4,2,14.52
42,Male,84.9,1.74,161,151,50,1.78,1321.0,Cardio,10.2,3.7,4,3,28.04
35,Male,109.2,1.92,168,162,60,0.73,727.0,Strength,27.5,3.5,3,1,29.62
55,Female,48.9,1.66,176,159,58,1.17,703.0,Cardio,26.6,2.2,3,1,17.75
59,Male,83.2,1.88,160,147,66,1.64,1404.0,Cardio,13.2,3.5,5,2,23.54
34,Female,60.8,1.59,183,139,74,1.72,1264.0,Cardio,17.9,2.6,3,2,24.05
33,Male,114.5,1.81,161,133,69,1.33,861.0,HIIT,23.4,3.7,5,1,34.95
50,Male,52.3,1.7,160,153,65,0.89,552.0,Cardio,27.5,3.2,2,2,18.1
59,Female,40.8,1.81,199,160,71,1.15,924.0,Cardio,30.8,1.9,4,1,12.45
43,Male,79.4,1.67,180,137,74,1.93,1402.0,HIIT,13.1,2.9,4,3,28.47
38,Male,81.5,1.9,164,128,61,1.79,1142.0,HIIT,13.5,3.7,5,3,22.58
23,Male,84.3,2.0,182,147,59,1.68,1470.0,HIIT,18.3,3.7,4,3,21.08
43,Male,64.4,1.58,161,160,67,1.31,875.0,Cardio,23.1,2.8,4,3,25.8
35,Female,67.6,1.73,194,151,56,1.27,837.0,HIIT,25.4,2.3,5,3,22.59
40,Female,72.0,1.72,160,121,50,1.09,574.0,Strength,34.7,1.5,2,1,24.34
41,Male,55.2,1.89,176,169,69,1.35,807.0,Yoga,23.4,3.1,4,1,15.45
21,Male,71.6,1.85,168,145,55,1.46,1049.0,Yoga,20.4,3.2,3,1,20.92
42,Male,64.0,1.67,165,144,59,1.1,808.0,Strength,19.4,2.7,4,1,22.95
26,Male,118.8,1.86,174,134,66,0.66,464.0,Yoga,26.2,1.9,3,1,34.34
42,Female,58.5,1.52,186,153,67,0.74,681.0,Yoga,32.7,1.9,3,1,25.32
40,Female,62.3,1.65,191,127,64,1.18,775.0,Strength,35.0,3.0,5,3,22.88
26,Male,91.1,1.98,165,152,58,1.27,1091.0,HIIT,18.6,3.6,3,1,23.24
28,Female,71.3,1.69,195,144,63,1.57,1095.0,Strength,25.7,1.5,4,1,24.96
23,Female,47.6,1.5,177,158,71,1.18,743.0,Cardio,33.4,2.8,4,1,21.16
56,Female,58.8,1.58,184,157,54,1.3,958.0,Cardio,33.3,2.8,5,1,23.55
47,Male,82.8,1.79,176,149,67,1.71,1411.0,HIIT,12.7,3.7,4,3,25.84
25,Female,40.0,1.66,162,127,71,0.64,352.0,HIIT,26.3,1.5,4,1,14.52
25,Female,78.4,1.51,172,169,71,1.59,1037.0,Strength,30.1,2.6,3,2,34.38
57,Male,94.8,1.83,164,147,71,1.1,848.0,Strength,27.5,2.4,3,3,28.31
25,Male,52.9,1.64,180,139,74,0.92,712.0,Strength,22.2,3.3,2,1,19.67
46,Female,48.1,1.78,187,130,50,0.85,523.0,Yoga,25.8,2.7,2,1,15.18
31,Male,123.0,1.95,169,136,65,0.5,473.0,Yoga,23.9,3.2,2,2,32.35
42,Female,60.8,1.5,186,127,71,1.38,859.0,HIIT,32.6,2.6,2,3,27.02
20,Female,71.7,1.69,169,168,70,1.27,1087.0,Strength,26.4,1.9,2,1,25.1
44,Male,45.7,1.78,183,165,58,1.64,1187.0,Cardio,28.7,3.3,3,1,14.42
41,Male,73.6,1.91,171,166,61,1.41,1011.0,Cardio,29.2,2.5,4,2,20.17
52,Female,65.8,1.52,160,138,60,0.63,505.0,Strength,29.6,2.3,3,1,28.48
42,Female,73.7,1.59,171,156,57,1.44,934.0,Strength,27.8,2.3,2,2,29.15
31,Male,109.5,1.85,177,120,50,1.52,989.0,Cardio,20.2,2.9,2,1,31.99
28,Female,66.5,1.66,160,161,69,1.06,880.0,HIIT,24.8,1.5,4,2,24.13
18,Male,78.5,1.86,185,153,68,1.94,1323.0,HIIT,12.0,3.7,4,2,22.69
49,Male,71.5,2.0,193,145,69,1.26,840.0,HIIT,26.7,2.0,2,3,17.88
43,Male,47.6,1.82,160,154,72,0.85,934.0,Strength,22.5,2.9,3,2,14.37
42,Female,40.0,1.81,196,157,54,0.63,486.0,Cardio,27.4,2.8,2,1,12.21
31,Male,77.6,1.66,172,140,68,1.38,864.0,Cardio,21.1,1.9,5,3,28.16
54,Male,85.2,1.7,187,128,52,1.83,1126.0,Yoga,10.8,3.3,5,3,29.48
41,Female,42.2,1.82,185,137,50,1.1,771.0,Strength,25.3,2.4,2,2,12.74
42,Male,89.0,1.68,171,129,59,1.67,1116.0,HIIT,11.3,3.4,5,3,31.53
26,Female,54.1,1.57,161,142,60,1.3,889.0,Cardio,35.0,2.0,3,2,21.95
28,Female,69.0,1.74,166,145,57,0.81,554.0,Cardio,27.3,3.2,4,1,22.79
20,Male,76.6,1.65,164,131,55,1.39,923.0,Cardio,23.2,3.1,4,2,28.14
56,Female,45.7,1.57,170,152,51,1.12,869.0,Cardio,25.0,2.0,4,3,18.54
53,Female,47.8,1.87,198,160,74,1.15,829.0,Cardio,29.8,2.5,5,2,13.67
49,Female,40.0,1.53,174,128,70,0.9,600.0,HIIT,29.3,1.7,2,1,17.09
20,Male,103.6,1.86,164,156,61,1.43,1064.0,Strength,21.4,2.7,2,1,29.95
34,Female,63.1,1.58,180,122,52,1.55,879.0,Cardio,20.9,2.7,3,3,25.28
21,Male,84.0,1.64,166,161,66,2.0,1660.0,HIIT,10.0,3.1,5,3,31.23
46,Female,73.8,1.57,197,152,65,1.22,782.0,Yoga,29.0,2.4,4,1,29.94
27,Female,40.0,1.7,192,161,63,1.03,890.0,HIIT,34.7,1.9,4,3,13.84
25,Male,100.1,1.83,163,130,65,1.27,939.0,Cardio,29.1,2.3,3,2,29.89
18,Male,100.0,1.91,197,140,68,0.59,463.0,Cardio,20.5,2.6,2,1,27.41
45,Female,59.5,1.76,186,161,50,1.39,1129.0,Strength,18.8,2.6,4,3,19.21
55,Male,90.3,1.82,166,151,63,1.21,1032.0,Cardio,22.7,3.4,3,1,27.26
22,Male,54.8,1.96,168,138,54,0.7,585.0,HIIT,27.6,2.9,2,2,14.26
53,Male,84.9,1.85,193,132,66,1.63,1145.0,Strength,10.0,3.5,4,2,24.81
22,Male,105.5,1.72,189,132,67,1.28,964.0,Strength,20.3,1.5,2,1,35.66
36,Male,67.9,1.68,171,125,54,0.65,535.0,Cardio,26.9,3.1,2,1,24.06
18,Male,88.7,1.93,176,142,58,1.61,1245.0,Cardio,11.6,3.7,5,3,23.81
18,Male,69.3,1.88,199,145,65,1.4,986.0,Yoga,23.4,3.3,2,2,19.61
18,Male,118.6,1.7,181,153,64,1.04,860.0,Cardio,29.4,3.1,2,2,41.04
22,Male,102.8,1.84,165,147,67,1.28,1041.0,Strength,21.7,3.6,2,1,30.36
54,Female,50.9,1.7,165,122,50,1.57,918.0,Yoga,32.2,1.5,2,2,17.61
47,Female,50.5,1.67,167,136,51,1.47,827.0,Strength,27.6,2.3,2,2,18.11
55,Male,53.5,1.57,188,130,51,1.24,785.0,Cardio,26.5,3.0,2,1,21.7
43,Male,83.5,2.0,199,169,52,1.58,1354.0,Yoga,10.0,3.3,5,2,20.88
29,Male,122.9,1.88,184,132,50,1.19,885.0,HIIT,23.6,3.0,4,3,34.77
21,Male,109.7,1.93,192,136,74,1.64,964.0,Cardio,24.6,2.6,2,2,29.45
35,Female,53.8,1.8,193,143,56,1.79,1346.0,Cardio,16.9,2.7,5,2,16.6
40,Female,61.7,1.65,190,144,51,1.13,764.0,Yoga,33.7,2.8,3,1,22.66
34,Male,71.5,1.75,199,148,71,1.28,926.0,Cardio,24.6,2.9,2,1,23.35
55,Female,59.4,1.51,170,134,71,0.94,623.0,HIIT,26.9,1.9,3,3,26.05
52,Female,42.0,1.83,193,159,73,1.29,846.0,Cardio,31.0,2.3,4,2,12.54
33,Male,74.7,1.64,169,135,69,1.34,1023.0,Cardio,20.5,2.1,4,1,27.77
45,Male,67.2,1.72,193,140,70,0.8,512.0,Yoga,25.4,3.7,3,1,22.71
59,Male,86.3,1.8,194,120,59,1.19,571.0,Strength,27.4,2.5,4,3,26.64
42,Female,54.2,1.7,165,150,64,0.72,419.0,Cardio,31.4,2.2,3,1,18.75
50,Female,65.6,1.63,172,152,70,1.31,1037.0,HIIT,33.8,2.3,3,3,24.69
41,Male,81.0,1.97,160,142,61,0.7,569.0,Strength,26.5,3.7,3,2,20.87
51,Male,77.3,1.77,170,144,68,0.85,577.0,HIIT,28.1,3.7,3,1,24.67
18,Female,49.3,1.68,195,159,62,1.33,1171.0,Cardio,24.7,2.1,4,1,17.47
53,Male,83.6,1.7,184,150,67,1.28,899.0,Strength,26.7,3.6,4,1,28.93
57,Male,85.8,1.58,172,165,66,1.56,1269.0,HIIT,15.4,3.0,3,3,34.37
38,Male,91.9,2.0,173,133,66,1.22,869.0,HIIT,26.3,3.7,3,1,22.98
22,Male,53.5,1.65,184,164,57,0.5,474.0,Strength,31.1,2.1,3,2,19.65
20,Male,55.3,1.9,184,144,72,0.63,453.0,Cardio,22.6,3.2,2,1,15.32
47,Female,65.9,1.62,184,146,72,1.05,605.0,Strength,35.0,2.4,3,2,25.11
27,Male,91.3,1.61,194,164,67,1.88,1541.0,HIIT,15.1,3.4,4,3,35.22
45,Male,98.5,1.8,165,123,72,1.39,859.0,Cardio,22.2,3.2,2,1,30.4
43,Female,54.0,1.63,190,164,60,1.43,1174.0,Yoga,15.7,2.4,3,2,20.32
23,Female,43.3,1.67,171,150,58,0.6,544.0,Yoga,26.1,1.7,2,1,15.53
59,Male,85.5,1.66,186,148,67,2.0,1395.0,Cardio,16.8,3.3,4,3,31.03
49,Female,71.6,1.68,175,152,69,1.13,742.0,Strength,28.5,2.2,2,1,25.37
19,Female,76.0,1.72,173,133,66,1.35,1081.0,Strength,27.6,2.6,5,1,25.69
31,Female,40.2,1.61,163,166,68,1.15,805.0,Cardio,25.4,2.0,4,2,15.51
51,Male,90.2,1.72,173,147,58,1.16,762.0,Yoga,21.8,3.6,5,3,30.49
19,Male,123.6,1.69,176,147,59,1.43,1327.0,Yoga,19.3,1.9,2,3,43.28
49,Male,88.0,1.94,192,156,67,1.99,1493.0,HIIT,13.8,3.2,5,3,23.38
58,Male,115.0,1.89,188,134,68,1.4,736.0,HIIT,22.1,2.8,4,2,32.19
42,Male,108.9,1.82,163,126,50,1.25,731.0,Yoga,23.8,3.3,2,1,32.88
59,Male,127.9,1.92,160,123,63,0.97,689.0,Strength,27.4,3.7,3,1,34.7
37,Male,47.6,1.61,163,133,71,1.43,995.0,Yoga,23.7,3.2,2,1,18.36
45,Female,60.7,1.66,194,143,51,1.78,1145.0,Yoga,16.5,2.7,4,2,22.03
29,Male,87.9,1.81,177,139,59,1.03,1022.0,Cardio,27.0,2.9,5,1,26.83
44,Male,86.8,2.0,194,162,64,1.78,1502.0,HIIT,11.7,3.7,5,3,21.7
43,Male,63.4,1.8,185,134,60,1.34,833.0,HIIT,24.0,3.1,4,3,19.57
45,Female,77.8,1.77,166,157,74,1.48,999.0,Strength,31.3,2.8,4,3,24.83
42,Female,56.5,1.62,185,133,52,1.74,1114.0,HIIT,16.4,2.9,4,3,21.53
56,Female,60.8,1.52,175,132,56,1.8,1023.0,Strength,16.1,2.9,4,2,26.32
33,Female,53.9,1.66,192,127,68,1.29,856.0,HIIT,25.2,3.7,3,1,19.56
59,Male,76.6,1.83,175,140,58,1.26,913.0,Yoga,26.7,2.7,3,2,22.87
18,Female,63.2,1.78,182,138,52,1.34,927.0,HIIT,35.0,3.2,2,2,19.95
20,Male,85.8,1.87,188,157,53,0.53,573.0,Strength,31.2,2.9,2,1,24.54
53,Male,112.2,1.97,184,141,72,1.13,840.0,HIIT,17.7,2.6,3,3,28.91
46,Female,58.2,1.66,186,154,50,1.53,1110.0,Strength,20.3,3.0,4,3,21.12
40,Female,47.3,1.66,192,150,52,1.36,835.0,Yoga,34.8,1.5,3,2,17.17
49,Female,73.0,1.61,192,147,67,1.19,859.0,Strength,34.7,2.1,2,3,28.16
23,Female,77.7,1.55,179,120,53,0.67,353.0,Yoga,31.1,1.6,3,1,32.34
19,Male,61.5,1.6,193,135,64,0.86,691.0,HIIT,21.7,3.6,3,2,24.02
18,Female,67.6,1.59,172,122,59,1.52,867.0,Cardio,26.1,1.8,2,3,26.74
58,Male,122.2,1.66,163,165,71,0.9,635.0,Strength,24.2,2.9,4,1,44.35
51,Female,62.4,1.68,189,135,67,1.64,960.0,Yoga,15.0,2.3,4,3,22.11
20,Female,76.4,1.54,174,131,60,1.11,607.0,Cardio,28.6,2.0,3,1,32.21
56,Male,83.5,1.92,188,127,70,1.53,1002.0,Yoga,16.4,3.7,4,3,22.65
18,Female,59.7,1.52,179,132,50,0.96,765.0,Cardio,29.4,2.9,2,2,25.84
59,Female,61.2,1.52,174,128,52,1.58,988.0,Strength,16.7,2.6,5,3,26.49
57,Male,125.8,1.88,176,165,69,1.14,1095.0,HIIT,22.7,2.7,3,2,35.59
30,Male,85.6,1.71,175,128,66,1.89,1195.0,Cardio,12.4,3.3,4,3,29.27
22,Male,107.9,1.93,182,132,71,1.6,1016.0,Cardio,22.1,2.3,2,1,28.97
54,Female,58.8,1.55,190,166,70,1.35,945.0,HIIT,33.4,3.2,2,1,24.47
26,Male,122.7,1.98,182,130,55,0.97,628.0,Strength,27.6,2.4,3,2,31.3
36,Male,74.4,1.76,191,137,69,1.22,841.0,Cardio,26.0,2.8,2,1,24.02
59,Male,110.0,1.7,183,127,52,0.97,736.0,Yoga,30.5,2.7,2,2,38.06
55,Male,124.3,1.81,194,126,73,1.1,758.0,Strength,21.2,2.6,3,3,37.94
55,Female,48.5,1.67,194,128,71,1.49,720.0,Strength,30.4,2.3,3,2,17.39
18,Male,62.5,1.78,165,144,59,1.24,1044.0,Strength,28.7,3.7,5,1,19.73
43,Male,86.6,1.94,190,162,68,1.55,1286.0,Yoga,12.7,3.6,5,2,23.01
45,Male,66.3,1.76,184,133,58,1.35,936.0,HIIT,26.1,3.6,4,3,21.4
42,Female,54.1,1.58,189,155,62,1.45,1257.0,Yoga,18.6,3.1,4,3,21.67
26,Female,65.4,1.67,165,152,73,0.63,492.0,Strength,31.7,2.2,4,1,23.45
40,Male,88.0,1.64,167,138,52,1.26,852.0,Cardio,24.6,2.7,4,1,32.72
33,Male,82.7,1.57,180,150,56,2.0,1633.0,HIIT,14.9,3.7,5,3,33.55
31,Male,100.3,1.83,174,136,60,1.02,914.0,Cardio,30.3,3.0,2,1,29.95
19,Male,105.8,1.92,178,150,57,1.19,874.0,HIIT,19.9,3.5,4,1,28.7
23,Female,59.0,1.5,199,136,59,1.22,866.0,Yoga,24.5,1.8,3,2,26.22
59,Female,59.5,1.66,174,157,74,1.75,1048.0,HIIT,13.7,2.5,5,3,21.59
54,Female,64.3,1.64,185,120,67,1.27,735.0,Strength,35.0,2.4,4,1,23.91
43,Male,87.8,1.65,181,160,53,1.98,1661.0,Strength,13.1,3.5,5,3,32.25
55,Female,75.7,1.68,173,162,51,1.3,915.0,Strength,32.9,2.8,4,2,26.82
57,Male,51.6,1.7,184,168,53,0.99,687.0,Yoga,23.3,2.6,3,2,17.85
26,Female,40.0,1.69,163,140,57,0.86,569.0,Yoga,20.8,2.6,3,2,14.01
55,Male,83.3,1.89,160,144,70,1.94,1362.0,Cardio,11.8,3.1,5,3,23.32
46,Male,101.9,1.79,198,151,51,1.13,830.0,Yoga,20.9,3.2,2,1,31.8
18,Male,97.5,1.64,199,166,74,0.7,704.0,Cardio,21.7,2.8,3,2,36.25
20,Male,61.7,1.8,164,148,58,1.13,1047.0,Strength,27.6,3.5,4,1,19.04
19,Male,85.8,1.96,187,148,67,1.62,1613.0,HIIT,14.1,3.4,3,3,22.33
53,Male,121.8,1.79,199,128,60,0.97,697.0,Yoga,23.6,2.0,4,3,38.01
41,Female,70.0,1.77,187,151,65,0.92,753.0,HIIT,25.9,2.7,4,2,22.34
33,Female,58.9,1.74,185,120,59,0.72,483.0,Cardio,35.0,2.4,2,1,19.45
31,Male,58.9,1.69,199,120,68,1.06,762.0,Yoga,22.4,2.3,3,3,20.62
38,Female,68.7,1.5,195,132,68,0.71,345.0,Cardio,34.2,2.3,2,2,30.53
21,Male,72.2,1.64,199,139,64,1.11,770.0,HIIT,21.6,3.5,2,1,26.84
51,Male,84.2,1.78,176,120,52,1.16,758.0,Cardio,23.6,2.2,3,2,26.57
43,Female,47.9,1.56,167,162,70,1.27,901.0,Strength,28.6,2.8,3,3,19.68
32,Female,79.1,1.59,183,153,50,1.54,1225.0,Cardio,34.1,2.1,2,1,31.29
29,Male,119.4,1.56,160,126,59,0.93,815.0,HIIT,25.4,2.0,4,2,49.06
28,Female,60.1,1.51,176,151,70,1.52,1101.0,Yoga,27.3,1.6,3,2,26.36
41,Male,95.2,1.8,198,157,54,1.13,949.0,HIIT,28.4,2.5,3,1,29.38
54,Male,118.0,1.77,160,167,71,0.69,583.0,Strength,26.0,2.6,4,2,37.66
34,Female,49.6,1.53,192,144,62,1.23,683.0,Yoga,30.8,2.1,3,2,21.19
39,Male,91.3,1.95,188,157,65,1.69,1178.0,Yoga,13.9,3.6,5,3,24.01
54,Male,90.3,1.72,181,161,62,1.68,1374.0,Yoga,15.3,3.4,3,2,30.52
21,Female,76.8,1.73,176,128,57,1.08,446.0,HIIT,29.7,1.8,2,1,25.66
51,Male,69.4,1.79,175,161,55,1.45,968.0,Strength,19.0,2.3,4,3,21.66
49,Male,68.3,1.83,193,132,73,1.24,979.0,Strength,23.2,2.1,4,2,20.39
18,Female,48.6,1.68,190,142,69,0.99,711.0,HIIT,29.5,2.4,2,1,17.22
35,Male,103.2,1.63,165,169,56,1.3,1016.0,Cardio,27.4,3.5,2,1,38.84
27,Female,55.5,1.83,195,129,57,0.65,480.0,Yoga,35.0,2.6,2,1,16.57
55,Female,59.7,1.71,160,152,61,1.97,1204.0,Cardio,15.3,2.9,3,3,20.42
29,Female,59.4,1.74,195,148,69,1.93,1369.0,Yoga,18.9,2.6,4,3,19.62
44,Female,72.9,1.76,160,165,53,1.0,525.0,Cardio,32.0,1.9,3,2,23.53
27,Female,63.5,1.53,183,134,67,1.56,967.0,HIIT,22.6,1.6,4,1,27.13
32,Female,64.8,1.58,169,143,66,1.81,1299.0,Yoga,21.6,3.1,5,3,25.96
19,Male,89.0,1.89,189,122,59,2.0,1357.0,Strength,12.0,3.7,4,3,24.92
37,Male,108.1,1.65,189,145,66,0.62,647.0,HIIT,25.6,3.2,4,2,39.71
49,Male,129.9,1.67,194,169,66,1.15,969.0,Yoga,24.4,2.5,3,2,46.58
20,Female,64.8,1.62,192,158,69,1.24,1001.0,HIIT,32.5,1.5,2,2,24.69
24,Male,70.9,1.69,182,123,73,1.23,576.0,Yoga,24.9,2.5,2,1,24.82
33,Female,70.5,1.62,172,127,66,0.99,707.0,Yoga,30.5,3.0,4,2,26.86
19,Female,80.9,1.72,192,155,52,1.61,1158.0,HIIT,29.5,1.5,5,2,27.35
22,Male,116.3,1.78,173,131,66,1.02,628.0,Strength,27.0,3.6,5,2,36.71
45,Male,61.7,1.71,176,169,70,1.3,1215.0,HIIT,25.8,2.1,2,1,21.1
48,Male,71.4,1.76,166,161,58,1.44,1209.0,HIIT,30.8,2.1,4,3,23.05
55,Male,129.6,1.74,192,123,67,1.17,795.0,Yoga,25.2,1.6,2,1,42.81
31,Male,82.6,1.67,174,157,50,1.07,928.0,Yoga,23.6,3.2,5,1,29.62
45,Male,86.6,1.69,194,161,71,1.77,1477.0,HIIT,10.0,3.7,4,3,30.32
50,Male,81.6,1.8,172,153,64,0.72,609.0,HIIT,29.7,3.7,4,1,25.19
39,Female,64.4,1.57,161,152,50,2.0,1266.0,HIIT,16.2,2.7,5,3,26.13
40,Male,89.9,1.86,178,132,72,1.69,1446.0,Yoga,13.7,3.4,4,3,25.99
59,Male,87.0,1.67,195,146,71,2.0,1440.0,Cardio,12.8,3.7,5,2,31.2
35,Male,69.9,1.97,164,160,53,1.38,1322.0,Strength,31.0,3.5,2,2,18.01
42,Male,42.6,1.78,191,160,55,1.56,1115.0,Cardio,31.5,3.5,2,1,13.45
31,Female,64.9,1.65,188,138,74,0.93,699.0,Yoga,29.8,1.8,4,1,23.84
52,Male,61.3,1.61,196,159,55,1.26,937.0,HIIT,19.7,2.3,4,3,23.65
21,Female,59.9,1.58,172,145,71,2.0,1410.0,Yoga,14.6,2.7,5,3,23.99
21,Male,58.0,1.67,183,144,57,1.16,875.0,Strength,26.5,3.7,4,3,20.8
59,Male,129.5,1.68,173,159,54,1.18,844.0,Cardio,18.7,3.7,4,3,45.88
52,Male,43.8,1.7,192,131,67,1.04,602.0,Cardio,28.6,3.5,3,1,15.16
52,Female,45.5,1.76,160,130,69,0.9,512.0,Strength,25.4,1.8,3,1,14.69
57,Female,72.1,1.88,162,154,69,1.2,846.0,Cardio,26.0,1.8,2,2,20.4
26,Male,79.8,1.64,172,121,68,0.9,659.0,Yoga,26.6,1.9,3,1,29.67
23,Female,59.0,1.5,177,127,71,1.74,1084.0,Strength,17.5,2.6,4,3,26.22
52,Male,48.5,1.83,177,125,71,0.73,736.0,Yoga,25.0,1.7,2,2,14.48
54,Male,68.9,1.94,165,140,65,0.81,551.0,Strength,25.3,2.3,3,1,18.31
54,Male,111.3,1.72,184,169,55,0.89,914.0,HIIT,24.7,3.1,2,2,37.62
59,Male,89.0,1.75,192,163,72,1.37,1225.0,Strength,24.8,3.2,4,1,29.06
46,Male,57.5,1.89,186,135,70,1.14,636.0,Yoga,29.9,3.2,5,3,16.1
18,Male,102.7,1.99,168,127,66,1.13,814.0,Yoga,27.1,3.6,2,1,25.93
47,Male,49.3,1.89,181,155,59,1.47,1068.0,Cardio,24.8,3.2,4,3,13.8
36,Female,71.5,1.65,186,156,54,0.82,620.0,Cardio,26.2,2.5,2,2,26.26
41,Female,77.9,1.74,160,163,72,1.38,1030.0,Strength,32.7,1.8,4,1,25.73
47,Male,102.8,1.65,183,130,52,1.35,923.0,Yoga,20.6,2.3,3,2,37.76
29,Male,86.6,1.72,178,145,70,1.38,1073.0,Strength,29.1,3.2,3,2,29.27
43,Male,94.1,1.85,163,124,65,1.4,826.0,Cardio,19.9,3.2,3,3,27.49
18,Male,116.1,1.63,184,132,68,0.75,662.0,Cardio,24.8,2.6,2,1,43.7
30,Female,49.0,1.57,174,166,69,1.54,1014.0,Yoga,27.6,2.4,4,1,19.88
20,Male,101.4,1.61,184,159,61,1.3,1184.0,Cardio,23.4,2.6,3,2,39.12
42,Female,56.1,1.53,182,135,66,1.29,919.0,HIIT,31.6,2.7,2,3,23.97
35,Female,75.1,1.61,199,131,56,0.88,592.0,Yoga,32.9,3.2,3,2,28.97
26,Male,119.1,1.77,198,169,61,0.6,804.0,Yoga,29.4,3.1,2,1,38.02
58,Male,91.4,1.64,195,121,56,1.56,881.0,Strength,25.1,3.7,3,1,33.98
51,Female,60.6,1.85,188,143,56,1.39,1020.0,Strength,16.5,3.4,4,2,17.71
19,Male,98.9,1.75,195,159,72,0.76,668.0,Cardio,21.9,2.4,3,1,32.29
58,Female,57.3,1.76,199,124,54,1.68,952.0,Cardio,20.0,2.3,5,3,18.5
43,Female,50.9,1.68,166,158,50,1.12,870.0,Strength,31.2,2.0,2,2,18.03
53,Female,71.0,1.52,192,149,74,1.15,745.0,HIIT,26.0,1.9,4,3,30.73
52,Female,66.2,1.69,198,167,73,1.12,947.0,Strength,25.4,2.2,5,1,23.18
38,Female,51.1,1.71,163,168,54,0.97,922.0,Strength,31.3,2.1,4,2,17.48
41,Male,68.9,1.81,186,160,64,1.4,1202.0,HIIT,23.7,3.7,3,1,21.03
46,Female,54.9,1.5,196,135,61,1.82,1186.0,Cardio,17.5,2.3,4,3,24.4
45,Male,78.7,1.83,170,126,74,2.0,1236.0,Yoga,10.4,3.5,4,3,23.5
30,Male,111.7,1.9,168,123,61,1.26,1047.0,Strength,29.2,3.5,2,1,30.94
53,Male,87.7,1.96,186,133,74,1.0,765.0,Yoga,26.1,2.5,4,1,22.83
48,Female,60.6,1.67,175,152,62,1.76,1256.0,Cardio,16.2,2.6,5,2,21.73
55,Female,70.0,1.71,190,166,50,1.37,1009.0,HIIT,26.6,2.7,2,1,23.94
23,Female,70.1,1.77,199,153,55,1.47,1164.0,Yoga,32.3,1.8,4,1,22.38
59,Female,54.0,1.63,167,151,52,1.18,653.0,Cardio,28.0,2.0,3,1,20.32
40,Male,85.4,1.76,168,126,58,1.63,1171.0,HIIT,12.1,3.3,4,2,27.57
47,Male,85.4,1.64,194,158,74,1.69,1450.0,HIIT,11.5,3.7,4,2,31.75
54,Female,59.0,1.59,193,121,64,1.8,986.0,Cardio,19.7,2.7,5,3,23.34
37,Male,95.8,1.89,192,134,65,1.35,855.0,HIIT,19.9,3.1,4,1,26.82
26,Male,91.2,1.69,171,149,68,1.12,1111.0,Cardio,25.5,2.6,3,3,31.93
40,Female,59.6,1.72,194,153,51,1.21,701.0,Yoga,35.0,2.0,2,2,20.15
29,Male,106.0,1.83,171,157,65,1.37,1146.0,Cardio,20.6,2.6,3,3,31.65
38,Male,49.6,1.61,160,136,74,1.31,1008.0,Yoga,28.8,2.6,2,2,19.14
35,Male,86.7,1.72,182,130,65,1.62,1180.0,Yoga,16.9,3.6,5,3,29.31
39,Male,111.4,1.73,160,128,51,1.1,625.0,Yoga,21.8,3.7,3,1,37.22
52,Male,93.7,1.7,187,133,73,1.88,1233.0,Cardio,12.2,3.5,4,2,32.42
51,Female,76.6,1.76,192,149,57,0.91,672.0,Cardio,24.5,2.5,4,1,24.73
55,Female,46.7,1.68,171,130,58,1.22,695.0,Strength,32.6,2.1,3,2,16.55
46,Female,40.6,1.64,167,149,63,1.09,942.0,Cardio,35.0,1.8,2,1,15.1
41,Male,91.8,1.82,176,152,71,1.76,1244.0,Yoga,11.8,3.5,4,3,27.71
19,Female,40.5,1.58,190,125,60,0.64,365.0,Yoga,21.9,2.4,2,1,16.22
22,Female,69.5,1.57,171,169,65,1.0,931.0,Strength,35.0,2.5,4,2,28.2
31,Female,81.4,1.65,194,169,70,1.22,1045.0,Cardio,26.4,2.7,5,2,29.9
31,Female,42.6,1.65,165,158,72,0.92,864.0,Cardio,26.8,1.5,4,3,15.65
34,Male,89.2,1.59,194,143,69,1.8,1534.0,Yoga,15.0,3.4,3,2,35.28
55,Female,45.0,1.65,174,137,58,1.13,734.0,Strength,29.6,1.9,2,1,16.53
46,Female,50.6,1.82,184,140,62,0.6,371.0,Yoga,29.4,2.6,3,2,15.28
41,Male,80.8,1.75,161,162,54,1.22,1211.0,Cardio,29.9,2.7,4,2,26.38
23,Male,109.5,1.87,197,120,74,1.43,961.0,HIIT,23.2,3.0,3,2,31.31
36,Male,44.1,1.91,195,148,50,1.44,1129.0,Cardio,23.1,2.2,2,3,12.09
42,Female,54.9,1.79,166,165,65,1.78,1353.0,Cardio,18.8,2.7,5,3,17.13
33,Male,105.4,1.83,173,160,60,1.46,1073.0,Cardio,25.6,2.5,3,1,31.47
55,Male,119.2,1.59,174,144,54,0.97,838.0,HIIT,24.0,2.2,4,3,47.15
26,Male,88.6,1.66,192,152,71,1.51,1450.0,Strength,12.8,3.7,3,2,32.15
45,Female,60.6,1.78,182,163,71,1.97,1499.0,Yoga,17.7,2.4,4,2,19.13
18,Male,96.7,1.72,199,165,71,0.94,724.0,Cardio,22.1,2.6,2,1,32.69
51,Male,100.7,1.89,170,134,61,0.64,471.0,Cardio,21.7,2.7,3,1,28.19
19,Male,109.6,1.92,176,144,56,1.25,895.0,HIIT,22.6,3.7,2,3,29.73
24,Male,51.9,1.67,195,169,56,0.57,509.0,Strength,27.0,2.5,3,1,18.61
51,Female,70.2,1.8,167,158,74,1.12,727.0,Yoga,30.9,2.7,3,2,21.67
49,Male,68.4,1.97,161,135,65,0.87,634.0,Strength,22.9,1.8,3,1,17.62
52,Male,62.9,1.89,186,134,63,1.02,773.0,Strength,21.9,3.3,4,2,17.61
38,Male,87.2,1.89,194,138,54,1.92,1353.0,Strength,10.0,3.3,5,3,24.41
28,Male,54.8,1.76,160,167,57,0.55,776.0,Yoga,24.4,3.5,3,2,17.69
19,Male,122.6,1.88,190,163,52,0.8,675.0,Yoga,22.3,3.3,2,1,34.69
52,Female,46.4,1.54,181,159,58,1.52,945.0,Strength,29.1,2.5,3,1,19.56
22,Female,51.2,1.5,176,157,68,1.04,795.0,Cardio,30.0,2.7,2,1,22.76
27,Female,68.4,1.61,187,159,69,1.37,1077.0,HIIT,34.0,1.8,2,1,26.39
53,Female,65.9,1.5,194,144,50,1.03,804.0,Cardio,30.3,2.8,5,1,29.29
37,Female,78.5,1.53,187,130,50,0.51,450.0,HIIT,30.5,3.2,2,1,33.53
36,Male,80.8,1.81,190,131,65,1.35,1008.0,Strength,24.8,2.1,2,2,24.66
52,Male,87.9,1.73,178,152,60,1.91,1355.0,Yoga,12.5,3.7,3,3,29.37
24,Female,54.0,1.54,182,136,74,1.39,922.0,Cardio,35.0,1.7,3,3,22.77
37,Male,70.9,1.6,167,135,68,1.25,1042.0,Cardio,22.8,2.5,3,2,27.7
53,Male,114.1,1.9,195,161,51,1.38,1029.0,Yoga,26.4,2.5,3,2,31.61
25,Male,56.5,1.72,185,128,56,1.18,853.0,Yoga,24.2,2.4,2,2,19.1
33,Male,109.0,1.66,199,137,69,0.65,575.0,HIIT,22.7,3.3,4,1,39.56
50,Female,67.5,1.74,197,135,65,1.1,793.0,Strength,24.7,1.5,5,3,22.29
56,Male,96.4,1.74,177,145,63,0.5,476.0,Yoga,29.1,2.8,3,1,31.84
23,Female,68.7,1.59,187,166,65,1.52,1057.0,HIIT,35.0,1.5,3,1,27.17
47,Female,62.5,1.73,198,141,58,1.04,679.0,Strength,32.2,2.0,4,1,20.88
56,Female,63.5,1.51,167,123,50,1.73,956.0,Strength,14.5,2.8,5,2,27.85
29,Female,60.5,1.72,197,136,68,1.01,657.0,Yoga,28.6,2.2,4,3,20.45
59,Female,61.9,1.53,191,160,70,1.44,886.0,Strength,31.5,2.0,3,2,26.44
47,Female,44.8,1.79,160,150,74,1.02,924.0,Strength,29.9,1.8,2,2,13.98
45,Male,65.3,1.7,183,169,67,1.36,1198.0,HIIT,24.4,3.3,4,1,22.6
27,Male,53.1,1.67,186,124,52,0.9,781.0,Yoga,18.9,3.0,4,1,19.04
45,Male,113.6,1.78,160,128,61,1.67,869.0,Yoga,30.2,3.3,4,1,35.85
19,Female,75.6,1.65,180,120,55,1.43,921.0,HIIT,24.8,2.3,3,2,27.77
26,Male,89.5,1.64,168,148,73,1.32,1129.0,Cardio,26.0,2.1,5,3,33.28
57,Female,60.2,1.52,170,120,58,1.73,798.0,Yoga,17.4,2.6,3,3,26.06
48,Male,59.1,1.73,171,166,64,1.1,961.0,Strength,23.4,2.9,2,1,19.75
45,Male,80.5,1.66,178,138,70,1.95,1461.0,HIIT,11.4,3.7,4,3,29.21
49,Female,47.8,1.83,160,166,71,1.25,959.0,Yoga,25.4,1.8,3,2,14.27
33,Male,124.4,1.73,173,155,50,1.64,1383.0,HIIT,29.5,2.9,2,1,41.57
59,Female,60.1,1.51,198,155,67,1.36,986.0,Strength,31.4,2.1,3,3,26.36
58,Male,49.3,1.78,175,169,50,1.11,919.0,HIIT,31.4,1.9,2,2,15.56
21,Male,53.1,1.58,175,169,68,1.08,1125.0,Yoga,24.0,2.9,4,3,21.27
49,Male,83.0,1.63,165,148,62,1.82,1256.0,Cardio,12.0,3.5,3,2,31.24
24,Male,76.6,1.6,160,159,70,1.33,986.0,Strength,23.0,2.3,3,1,29.92
59,Male,126.6,1.76,173,149,64,1.12,885.0,Strength,28.8,2.8,3,1,40.87
42,Male,87.7,1.94,194,139,53,2.0,1552.0,Strength,13.8,3.3,5,2,23.3
49,Male,85.7,1.87,190,139,61,1.5,983.0,Strength,24.8,3.2,4,3,24.51
18,Female,69.6,1.75,168,136,62,1.39,862.0,Cardio,30.0,1.7,3,3,22.73
24,Female,56.3,1.82,169,148,70,1.45,1055.0,Cardio,28.7,1.5,2,1,17.0
35,Male,77.7,1.59,191,131,69,1.24,807.0,Yoga,33.1,3.1,2,2,30.73
40,Female,56.9,1.71,163,139,57,1.79,1391.0,Strength,17.6,2.8,4,3,19.46
51,Female,67.7,1.73,160,124,62,0.64,361.0,Cardio,32.1,3.0,4,1,22.62
50,Male,45.8,1.91,168,156,67,1.27,954.0,Cardio,29.5,2.5,3,2,12.55
30,Female,52.7,1.71,160,157,50,1.52,1208.0,Yoga,31.0,2.4,4,2,18.02
47,Male,90.0,1.87,194,131,61,1.55,927.0,HIIT,28.4,2.2,3,3,25.74
59,Female,55.7,1.56,160,166,61,0.63,481.0,Cardio,28.4,2.3,3,1,22.89
50,Male,129.3,1.76,199,156,74,0.71,593.0,Strength,24.5,2.8,2,1,41.74
42,Female,41.7,1.73,182,141,50,1.27,987.0,HIIT,35.0,2.2,4,2,13.93
18,Female,71.1,1.82,199,158,58,1.52,1115.0,Yoga,33.4,2.0,3,1,21.46
42,Male,47.5,1.86,194,157,67,1.16,759.0,Strength,29.4,3.1,3,2,13.73
44,Male,129.6,1.68,195,155,59,0.56,626.0,Cardio,25.8,3.7,3,1,45.92
20,Male,56.3,1.75,160,163,54,0.71,817.0,Yoga,21.6,3.6,3,2,18.38
18,Male,103.0,1.97,175,147,56,1.49,1033.0,Cardio,30.8,2.1,4,2,26.54
49,Male,90.9,1.83,196,162,69,1.51,1303.0,HIIT,12.5,3.7,4,3,27.14
33,Female,41.0,1.6,161,162,72,0.93,852.0,Cardio,25.7,1.8,4,1,16.02
42,Female,54.1,1.74,172,169,63,1.8,1190.0,Cardio,17.4,2.5,4,3,17.87
37,Female,65.7,1.6,160,157,57,1.93,1337.0,HIIT,15.3,3.3,5,3,25.66
55,Female,59.6,1.83,190,120,50,1.76,1061.0,Cardio,17.3,2.6,5,2,17.8
44,Female,56.5,1.79,179,160,64,2.0,1535.0,Yoga,18.9,3.2,5,3,17.63
42,Male,69.8,1.89,176,155,74,1.17,1089.0,Cardio,28.2,2.7,5,2,19.54
49,Male,107.3,2.0,182,125,67,1.01,612.0,Cardio,23.6,1.6,2,2,26.82
18,Male,86.9,1.63,199,121,70,1.7,1072.0,HIIT,10.8,3.7,5,3,32.71
36,Female,74.1,1.63,198,132,52,0.82,533.0,Yoga,27.5,1.8,2,1,27.89
49,Female,55.8,1.53,199,141,65,1.81,1272.0,Yoga,19.9,2.7,5,3,23.84
35,Male,86.1,1.85,199,169,64,2.0,1714.0,Strength,10.0,3.0,5,3,25.16
23,Female,56.3,1.6,170,139,69,1.76,1214.0,HIIT,19.3,3.0,5,3,21.99
18,Male,112.0,2.0,171,155,54,1.14,865.0,Cardio,31.2,3.1,4,2,28.0
47,Male,117.7,1.85,172,147,58,1.31,947.0,Cardio,20.8,3.4,3,2,34.39
36,Female,68.6,1.5,183,135,65,1.42,892.0,Cardio,26.9,2.8,4,1,30.49
40,Female,63.8,1.71,169,167,60,1.63,1042.0,Yoga,26.1,2.2,3,2,21.82
53,Male,91.6,1.81,160,144,57,1.43,999.0,Cardio,11.4,3.6,3,2,27.96
55,Female,77.2,1.56,191,144,50,0.99,687.0,Strength,32.4,2.1,4,2,31.72
39,Male,98.4,1.88,199,141,74,0.96,678.0,Strength,27.8,2.6,2,2,27.84
52,Female,56.8,1.71,197,152,67,2.0,1158.0,HIIT,16.5,2.4,4,3,19.42
36,Female,57.7,1.81,179,124,60,0.88,462.0,Cardio,35.0,2.6,2,2,17.61
26,Female,52.5,1.55,163,162,61,1.04,1139.0,HIIT,29.5,2.6,2,1,21.85
59,Male,81.8,1.89,189,128,74,1.54,868.0,Yoga,12.5,3.5,4,3,22.9
28,Male,62.4,1.66,190,133,66,0.51,414.0,Cardio,26.3,2.8,3,1,22.64
31,Male,83.1,1.89,186,139,66,1.84,1542.0,Cardio,11.3,3.7,5,3,23.26
48,Male,80.3,1.86,173,124,69,1.94,1279.0,Yoga,14.0,3.4,5,3,23.21
34,Female,44.4,1.57,197,137,57,1.47,967.0,Cardio,30.0,2.1,3,1,18.01
31,Female,54.8,1.73,167,128,66,1.1,761.0,Strength,27.2,1.5,5,3,18.31
57,Female,45.8,1.6,192,131,72,1.46,749.0,Strength,30.7,2.4,3,2,17.89
41,Female,65.7,1.61,189,139,60,0.86,359.0,Cardio,32.3,2.3,3,1,25.35
18,Male,107.9,1.86,174,133,51,1.04,773.0,Yoga,26.2,2.5,5,3,31.19
37,Female,69.8,1.65,174,132,74,1.03,769.0,HIIT,28.6,2.3,4,2,25.64
48,Male,85.5,2.0,187,147,68,1.94,1650.0,Strength,12.2,3.4,5,3,21.38
38,Male,103.4,1.7,184,142,69,1.48,1135.0,Strength,25.7,2.8,2,2,35.78
24,Female,54.6,1.68,170,128,63,0.98,708.0,Yoga,28.8,1.8,4,3,19.35
24,Female,54.8,1.69,176,125,57,1.05,673.0,Cardio,31.9,2.3,3,3,19.19
46,Male,81.9,1.81,175,145,67,0.67,477.0,HIIT,25.7,3.5,2,1,25.0
53,Male,85.5,1.64,182,144,56,1.07,711.0,HIIT,19.1,3.3,5,1,31.79
56,Male,78.6,1.94,160,142,71,1.68,1298.0,Cardio,12.7,3.4,5,3,20.88
56,Male,82.4,1.69,183,157,61,1.29,831.0,Strength,24.4,3.1,3,2,28.85
46,Female,71.8,1.69,178,150,54,1.72,977.0,Strength,25.3,2.8,2,2,25.14
52,Male,80.4,1.78,170,151,57,1.97,1299.0,Yoga,14.8,3.4,3,3,25.38
52,Male,108.7,1.71,187,158,68,0.5,470.0,Strength,25.4,3.6,4,1,37.17
30,Male,54.6,1.97,199,138,62,1.56,971.0,Strength,29.6,3.1,4,2,14.07
43,Male,83.9,1.77,177,133,54,1.92,1059.0,HIIT,10.0,3.6,4,2,26.78
53,Male,52.6,1.7,178,150,74,1.2,873.0,HIIT,24.9,3.4,4,3,18.2
22,Female,42.4,1.64,172,140,63,0.76,617.0,Yoga,23.6,2.8,3,2,15.76
26,Female,58.9,1.85,179,139,62,1.57,985.0,Cardio,28.6,1.9,4,2,17.21
39,Female,60.4,1.64,192,129,71,1.96,1068.0,Yoga,18.8,2.9,4,2,22.46
30,Female,60.3,1.57,194,156,56,1.81,1452.0,HIIT,12.9,2.7,5,3,24.46
29,Male,63.4,1.67,183,161,55,1.52,1254.0,Strength,23.7,2.7,2,1,22.73
21,Female,56.9,1.81,176,161,66,1.79,1591.0,Cardio,14.5,3.1,3,2,17.37
39,Male,63.9,1.82,164,126,58,1.06,733.0,Cardio,26.6,3.2,2,1,19.29
30,Male,61.4,1.74,174,148,73,1.5,1251.0,Yoga,25.1,3.5,2,2,20.28
34,Female,69.5,1.59,177,120,61,1.07,806.0,Strength,30.3,1.7,3,2,27.49
44,Male,87.1,1.97,194,157,69,1.94,1518.0,HIIT,12.1,3.7,5,3,22.44
20,Male,80.3,1.86,193,151,70,1.72,1314.0,Cardio,13.8,3.3,4,3,23.21
43,Female,51.6,1.63,183,159,66,1.59,1251.0,Yoga,19.4,2.6,5,3,19.42
21,Female,58.7,1.51,180,136,70,1.5,903.0,Cardio,33.7,1.7,5,2,25.74
56,Male,82.5,1.88,191,120,71,1.35,898.0,Yoga,14.5,3.7,5,3,23.34
28,Female,60.9,1.53,166,127,51,1.84,1100.0,Yoga,14.7,2.4,4,2,26.02
41,Female,44.7,1.77,163,135,67,0.91,725.0,Strength,31.7,2.1,3,2,14.27
32,Male,83.5,1.96,182,137,50,1.39,1147.0,Strength,11.7,3.3,5,3,21.74
21,Male,129.6,1.64,169,156,61,1.4,1269.0,Yoga,16.8,2.4,2,1,48.19
33,Male,119.4,1.88,165,130,67,0.69,488.0,Yoga,26.3,3.0,2,1,33.78
46,Male,87.0,1.8,174,154,62,1.69,1188.0,Yoga,26.0,3.3,3,2,26.85
20,Female,65.1,1.51,173,135,50,1.94,1436.0,Yoga,19.4,2.6,5,3,28.55
26,Male,94.6,2.0,175,155,62,1.27,1149.0,HIIT,22.0,3.7,2,3,23.65
49,Male,58.0,1.91,187,131,68,0.98,751.0,Yoga,23.8,2.5,3,1,15.9
53,Male,49.4,1.76,166,159,50,0.77,412.0,HIIT,29.3,2.9,3,2,15.95
42,Female,53.9,1.7,168,165,72,1.02,872.0,Strength,31.4,2.5,5,1,18.65
46,Male,59.7,1.72,171,152,65,1.21,820.0,Strength,25.4,2.2,5,2,20.18
21,Female,57.2,1.51,162,161,57,1.38,1066.0,Strength,32.0,2.4,3,3,25.09
57,Female,62.0,1.74,198,121,51,1.65,940.0,Cardio,17.3,2.6,5,3,20.48
23,Male,83.0,2.0,174,164,66,1.88,1718.0,HIIT,10.0,3.2,4,2,20.75
56,Female,46.8,1.71,176,146,57,1.48,962.0,Strength,31.9,2.3,2,1,16.0
44,Male,48.0,1.8,163,143,61,1.12,910.0,Yoga,22.4,2.0,2,1,14.81
41,Female,52.8,1.55,180,121,54,1.04,663.0,Cardio,28.0,2.1,2,2,21.98
53,Female,70.9,1.55,165,162,67,0.55,446.0,Strength,26.1,1.5,2,2,29.51
51,Female,83.7,1.6,171,169,57,1.54,1050.0,Strength,29.8,2.2,2,2,32.7
55,Female,67.6,1.55,170,130,64,1.48,778.0,HIIT,21.6,2.3,5,1,28.14
57,Male,85.7,1.95,194,138,65,1.15,864.0,Yoga,24.7,3.0,2,1,22.54
22,Female,69.3,1.88,183,127,63,0.79,508.0,HIIT,27.6,2.2,2,2,19.61
54,Female,71.9,1.64,189,163,66,1.12,911.0,Yoga,35.0,1.9,2,2,26.73
49,Female,72.8,1.75,167,141,52,1.19,738.0,Yoga,35.0,2.3,3,1,23.77
18,Female,50.1,1.76,190,144,63,1.29,907.0,Yoga,28.9,2.3,2,1,16.17
58,Female,78.5,1.57,199,140,74,1.16,672.0,Yoga,32.0,2.1,3,1,31.85
19,Male,92.7,1.93,188,129,56,1.79,1246.0,Strength,10.0,3.7,5,3,24.89
59,Male,110.8,1.74,188,124,54,1.02,716.0,Yoga,24.9,2.7,3,2,36.6
56,Female,45.0,1.59,178,153,56,0.98,745.0,HIIT,32.5,2.4,3,1,17.8
53,Female,77.2,1.64,175,167,67,0.95,710.0,Cardio,32.6,1.6,2,2,28.7
18,Female,48.6,1.75,197,169,61,1.45,1062.0,Cardio,27.2,2.9,4,1,15.87
32,Female,69.7,1.57,177,144,59,1.63,1314.0,Yoga,19.9,2.8,5,3,28.28
39,Female,52.6,1.75,168,157,72,1.05,690.0,Strength,26.6,2.7,4,3,17.18
38,Female,66.4,1.6,167,128,53,0.99,676.0,HIIT,23.9,2.2,4,3,25.94
44,Male,102.6,1.68,184,142,58,0.84,578.0,Strength,27.8,1.7,2,1,36.35
32,Female,59.6,1.68,164,168,70,1.04,829.0,HIIT,25.2,2.9,5,1,21.12
45,Male,90.8,1.66,181,120,63,1.89,1203.0,HIIT,13.2,3.6,5,3,32.95
33,Female,64.6,1.63,169,163,66,1.05,754.0,HIIT,26.0,2.5,5,2,24.31
50,Female,65.5,1.59,188,136,73,1.29,717.0,HIIT,30.5,1.5,2,2,25.91
43,Male,107.4,1.97,199,136,67,0.84,524.0,HIIT,28.0,2.4,3,2,27.67
34,Female,57.2,1.71,195,140,55,1.86,1273.0,Cardio,18.7,2.8,5,3,19.56
22,Male,110.5,1.84,172,124,50,1.07,732.0,Yoga,29.3,2.5,4,1,32.64
45,Male,99.8,1.87,160,166,62,0.68,630.0,Yoga,28.9,3.6,2,1,28.54
35,Male,90.1,1.71,180,147,71,0.67,479.0,Yoga,23.3,3.5,4,2,30.81
38,Female,50.9,1.68,184,146,72,1.37,913.0,Cardio,32.1,1.9,2,2,18.03
39,Male,66.5,1.68,198,140,67,0.95,804.0,HIIT,32.2,2.4,3,2,23.56
21,Male,85.7,1.95,175,164,60,2.0,1757.0,HIIT,10.0,3.7,4,2,22.54
55,Male,69.3,1.66,198,135,62,0.82,426.0,Yoga,23.5,2.0,2,2,25.15
32,Male,64.7,1.94,177,159,55,1.39,971.0,HIIT,27.6,3.1,3,1,17.19
53,Male,129.7,1.7,194,129,61,1.22,848.0,Yoga,29.8,2.9,2,1,44.88
53,Male,87.6,1.9,190,140,63,1.04,915.0,Yoga,30.7,3.5,2,1,24.27
34,Female,69.9,1.76,182,141,62,0.86,668.0,Cardio,22.3,2.3,4,3,22.57
59,Male,87.1,1.61,174,160,69,1.5,1363.0,HIIT,14.2,3.1,3,2,33.6
51,Male,108.1,1.77,181,152,61,0.66,370.0,Strength,26.4,2.9,4,1,34.5
46,Female,64.4,1.64,164,149,70,0.56,407.0,Cardio,34.6,1.5,2,1,23.94
40,Male,62.7,1.88,179,151,51,1.28,1230.0,Cardio,23.6,2.9,2,2,17.74
33,Male,117.2,1.98,165,135,65,0.71,568.0,Yoga,21.3,2.3,2,2,29.89
57,Male,82.5,1.82,179,120,51,1.26,629.0,Cardio,21.0,2.5,3,3,24.91
56,Female,48.0,1.5,199,142,64,1.39,819.0,Cardio,30.7,1.8,4,2,21.33
18,Female,43.7,1.6,185,123,60,1.33,831.0,HIIT,34.9,2.0,4,3,17.07
52,Female,57.5,1.74,199,151,67,1.71,1242.0,HIIT,16.3,2.5,4,3,18.99
37,Female,65.2,1.63,160,120,53,0.9,567.0,HIIT,24.6,2.5,3,1,24.54
46,Female,75.4,1.64,178,139,70,1.01,550.0,HIIT,34.6,1.5,4,1,28.03
20,Female,72.3,1.69,160,123,67,1.08,778.0,Cardio,30.6,1.6,3,1,25.31
40,Female,63.9,1.5,180,133,72,1.46,1011.0,HIIT,33.0,2.8,3,1,28.4
40,Male,86.2,1.79,177,125,58,1.53,1086.0,HIIT,11.5,3.3,3,3,26.9
23,Female,79.3,1.63,181,151,62,1.17,885.0,Strength,32.5,2.2,4,1,29.85
47,Male,88.1,1.97,160,124,58,1.86,1060.0,Cardio,17.1,3.6,5,3,22.7
34,Male,89.8,2.0,177,146,62,1.37,1246.0,HIIT,25.5,3.7,2,2,22.45
44,Male,126.8,1.88,170,125,65,1.49,889.0,Strength,26.4,3.3,4,1,35.88
36,Female,71.0,1.6,160,155,50,1.3,1086.0,Cardio,31.6,1.5,3,3,27.73
28,Male,70.2,1.93,164,163,58,1.13,1242.0,Strength,28.9,3.3,3,1,18.85
45,Female,73.8,1.72,180,153,53,1.22,814.0,Cardio,32.3,2.0,3,3,24.95
26,Female,74.4,1.56,186,125,71,1.31,723.0,Cardio,28.9,2.4,4,2,30.57
24,Male,110.2,1.77,179,120,72,1.3,926.0,Cardio,26.4,2.2,3,3,35.18
30,Female,61.0,1.59,181,134,65,1.17,633.0,Strength,35.0,1.5,4,1,24.13
19,Female,41.2,1.68,169,138,50,1.49,909.0,Cardio,27.8,1.9,5,1,14.6
58,Female,43.5,1.72,184,161,73,1.38,1016.0,Cardio,24.6,1.6,3,1,14.7
32,Male,85.0,1.63,189,132,72,1.74,1256.0,HIIT,11.3,3.7,4,3,31.99
59,Male,58.0,1.74,162,130,66,1.24,1085.0,Strength,21.3,2.6,4,2,19.16
35,Female,61.1,1.71,160,132,51,1.58,1019.0,Strength,19.9,2.1,5,3,20.9
19,Male,77.2,1.95,199,143,61,0.99,1036.0,Yoga,25.3,2.9,2,2,20.3
34,Male,87.8,1.73,172,137,74,0.63,642.0,Yoga,20.6,3.6,2,1,29.34
20,Female,58.8,1.5,199,128,59,0.98,799.0,Yoga,26.0,1.9,3,2,26.13
18,Female,49.0,1.5,184,130,58,1.05,621.0,Strength,30.2,1.5,2,1,21.78
48,Male,109.2,1.58,185,168,65,1.29,1138.0,Strength,21.4,3.4,2,2,43.74
24,Male,109.2,1.99,171,142,52,1.07,891.0,HIIT,19.5,3.0,2,1,27.58
34,Male,94.2,1.87,191,134,68,1.55,987.0,HIIT,22.7,3.7,2,2,26.94
23,Male,104.4,1.78,180,123,70,1.3,873.0,Cardio,29.3,2.1,5,2,32.95
34,Female,74.5,1.64,176,123,74,1.25,968.0,Yoga,27.4,2.1,3,1,27.7
30,Female,53.7,1.52,190,128,74,0.91,685.0,Cardio,30.6,2.0,2,1,23.24
58,Female,67.0,1.73,182,136,71,1.75,975.0,Yoga,18.4,2.3,5,3,22.39
30,Male,86.7,1.59,169,122,59,1.47,965.0,Strength,12.9,3.6,5,2,34.29
37,Male,59.8,1.64,192,125,55,0.78,657.0,Cardio,26.1,2.7,4,2,22.23
21,Female,47.6,1.6,177,120,68,1.02,679.0,HIIT,29.6,2.6,2,1,18.59
28,Male,82.4,1.67,178,151,52,1.03,952.0,Yoga,18.4,3.6,4,2,29.55
44,Male,59.3,1.8,188,129,62,1.21,885.0,HIIT,28.7,3.0,2,3,18.3
52,Female,45.5,1.7,165,132,61,1.18,648.0,Yoga,25.2,1.5,5,3,15.74
50,Male,103.2,1.89,177,128,61,0.74,490.0,Cardio,24.1,3.2,4,2,28.89
36,Female,60.1,1.5,186,127,50,1.81,1168.0,Strength,18.0,2.9,5,2,26.71
21,Male,119.5,2.0,177,121,72,1.19,687.0,HIIT,24.3,3.1,2,1,29.88
39,Male,88.4,1.81,195,129,54,1.89,1502.0,Strength,10.0,3.7,5,2,26.98
53,Female,64.1,1.53,199,164,65,0.95,747.0,Cardio,32.4,2.4,4,1,27.38
18,Male,86.4,1.9,177,163,59,1.74,1775.0,HIIT,10.0,3.7,5,2,23.93
42,Male,123.9,1.67,194,149,55,0.78,626.0,HIIT,21.9,3.3,3,1,44.43
28,Male,90.7,1.76,192,120,61,1.28,853.0,Yoga,25.5,3.6,3,1,29.28
42,Female,47.8,1.7,169,142,58,1.48,977.0,Cardio,26.5,2.2,3,1,16.54
51,Male,58.5,1.69,199,140,64,1.08,795.0,Cardio,26.4,2.7,5,1,20.48
49,Female,65.0,1.5,192,144,54,1.29,745.0,Cardio,28.3,1.8,3,2,28.89
34,Female,72.6,1.79,197,122,54,1.24,663.0,Strength,30.3,1.7,2,3,22.66
42,Male,79.1,1.71,177,138,63,0.87,602.0,Cardio,29.3,2.6,3,3,27.05
18,Male,72.0,1.77,168,158,50,1.04,916.0,Yoga,25.2,3.1,3,3,22.98
45,Male,83.1,2.0,191,168,68,1.7,1426.0,HIIT,11.2,3.4,5,3,20.78
53,Female,58.4,1.72,165,147,60,1.19,809.0,Strength,35.0,2.0,2,2,19.74
38,Male,88.9,1.96,191,163,66,1.74,1286.0,Yoga,10.0,3.7,5,3,23.14
22,Male,83.3,1.99,183,125,73,1.65,1188.0,Cardio,10.7,3.0,5,3,21.03
53,Female,51.4,1.65,175,147,74,1.32,902.0,HIIT,31.7,2.1,4,1,18.88
34,Female,74.7,1.64,179,169,63,1.12,1113.0,Cardio,24.2,2.2,5,3,27.77
24,Male,49.2,2.0,162,120,69,1.43,717.0,Yoga,25.9,1.9,3,3,12.3
22,Male,129.9,1.84,166,128,60,0.93,531.0,HIIT,27.2,2.0,3,2,38.37
59,Male,84.7,1.65,169,163,70,1.27,1234.0,HIIT,14.6,3.1,4,2,31.11
36,Female,59.3,1.69,163,159,70,1.0,927.0,Strength,24.2,1.5,4,2,20.76
42,Male,68.1,1.98,185,148,50,1.14,938.0,Cardio,22.5,1.9,4,3,17.37
47,Female,55.1,1.67,174,128,71,0.82,451.0,Yoga,34.8,2.1,2,1,19.76
49,Female,67.5,1.58,188,167,50,1.21,958.0,Strength,26.8,2.0,4,1,27.04
45,Female,58.9,1.66,165,166,57,0.78,735.0,Yoga,23.5,2.0,2,2,21.37
42,Male,76.8,2.0,162,168,64,1.52,1038.0,Cardio,30.7,2.1,4,2,19.2
54,Male,88.8,1.65,181,125,66,0.73,409.0,Strength,24.6,2.8,2,1,32.62
46,Female,40.0,1.76,174,136,65,0.66,470.0,Strength,24.0,2.2,3,1,12.91
48,Female,58.8,1.56,191,127,69,1.49,776.0,Strength,31.1,2.5,3,2,24.16
45,Male,83.7,1.94,185,165,71,1.92,1466.0,Cardio,12.4,3.1,5,3,22.24
20,Female,40.0,1.53,186,127,54,1.55,927.0,HIIT,33.6,2.1,5,1,17.09
21,Male,68.8,1.65,165,153,74,1.06,1111.0,Yoga,24.0,2.2,3,2,25.27
39,Female,54.8,1.75,188,152,50,1.22,916.0,Yoga,25.8,1.6,5,1,17.89
50,Male,114.5,1.96,160,123,63,1.36,957.0,HIIT,29.7,2.9,2,2,29.81
47,Female,68.6,1.6,174,144,58,1.5,910.0,Yoga,27.0,1.9,3,1,26.8
28,Female,46.8,1.74,190,138,55,0.7,595.0,Cardio,27.2,2.7,2,2,15.46
50,Female,60.9,1.7,178,158,54,1.73,1026.0,Strength,17.8,2.9,4,2,21.07
39,Female,70.1,1.75,163,155,54,1.39,922.0,Yoga,32.5,2.2,4,1,22.89
32,Female,75.2,1.66,198,142,70,1.23,794.0,Cardio,32.1,2.3,2,3,27.29
33,Male,70.7,1.86,187,121,63,1.32,833.0,Yoga,24.5,3.7,4,2,20.44
59,Female,61.1,1.58,184,157,60,1.24,1027.0,Cardio,33.8,2.7,3,1,24.48
26,Male,84.6,1.66,194,158,70,1.81,1776.0,Strength,13.8,3.5,5,3,30.7
43,Male,76.0,1.85,174,143,54,1.32,938.0,Strength,27.1,3.7,4,1,22.21
18,Female,64.9,1.67,195,127,54,1.75,1171.0,Cardio,17.8,2.7,4,3,23.27
57,Male,83.2,1.61,193,123,60,1.83,1102.0,Strength,14.7,3.7,5,3,32.1
50,Male,51.4,1.7,197,160,62,1.48,1148.0,Yoga,20.8,3.5,2,1,17.79
44,Male,121.3,1.6,183,144,53,0.98,623.0,HIIT,21.5,3.5,3,2,47.38
56,Male,53.1,1.74,173,141,68,1.7,982.0,Strength,22.5,2.8,4,3,17.54
23,Female,49.5,1.69,199,164,58,1.38,1066.0,Cardio,26.3,2.7,4,1,17.33
54,Female,57.2,1.56,172,141,58,1.39,801.0,Strength,25.5,2.1,4,2,23.5
43,Male,52.6,1.86,199,148,70,1.12,812.0,Strength,32.3,3.3,5,3,15.2
38,Male,119.7,1.72,185,142,55,1.01,644.0,HIIT,19.6,3.1,2,1,40.46
54,Female,67.5,1.56,169,129,63,1.4,924.0,HIIT,27.1,2.2,5,3,27.74
53,Female,58.6,1.56,195,163,63,1.47,1030.0,HIIT,28.2,2.3,3,3,24.08
36,Female,66.5,1.67,185,155,50,0.7,642.0,Cardio,28.2,2.0,2,2,23.84
38,Male,60.3,1.58,193,167,56,1.28,1126.0,Strength,18.9,3.5,4,1,24.15
58,Male,84.4,1.69,179,153,65,0.8,862.0,Yoga,26.9,2.6,4,1,29.55
40,Male,78.8,1.77,172,149,66,1.43,1053.0,HIIT,15.7,3.6,4,3,25.15
42,Male,91.3,2.0,175,136,66,1.15,783.0,HIIT,26.8,3.7,3,1,22.82
47,Female,63.1,1.73,197,136,68,1.61,1137.0,Yoga,22.3,2.8,4,3,21.08
24,Male,83.1,1.79,181,162,67,1.46,1318.0,Strength,10.0,3.3,4,2,25.94
52,Female,70.2,1.64,173,142,70,0.9,781.0,Strength,24.7,2.4,3,2,26.1
54,Male,79.0,1.73,174,130,60,1.93,1215.0,Yoga,14.1,3.4,3,3,26.4
24,Male,120.9,1.74,191,154,71,0.83,899.0,Cardio,30.6,3.7,2,2,39.93
21,Female,62.7,1.51,199,126,61,1.21,882.0,Yoga,25.8,1.8,3,2,27.5
39,Male,86.7,1.84,198,134,64,1.98,1555.0,Yoga,11.5,3.7,5,2,25.61
23,Male,49.4,1.65,175,133,69,0.96,619.0,Strength,21.3,3.0,2,2,18.15
54,Female,69.1,1.69,191,127,68,1.54,932.0,Yoga,15.7,3.0,5,3,24.19
27,Female,58.9,1.85,185,131,57,1.41,922.0,Cardio,26.7,1.9,4,2,17.21
37,Female,63.9,1.6,172,127,65,2.0,1162.0,Yoga,20.7,3.1,3,3,24.96
55,Male,85.7,1.75,175,163,65,1.02,695.0,Yoga,27.2,2.8,4,3,27.98
37,Male,126.9,1.81,176,155,70,1.14,1178.0,Strength,26.9,3.3,4,3,38.74
33,Male,123.8,1.85,199,169,66,0.98,739.0,Yoga,25.7,3.0,3,2,36.17
57,Male,87.2,1.76,190,153,67,1.01,769.0,Yoga,18.3,3.6,2,1,28.15
28,Male,108.1,1.64,188,145,74,0.67,493.0,Cardio,25.8,3.2,3,1,40.19
42,Female,67.4,1.64,161,150,52,1.35,1062.0,Cardio,32.6,1.5,2,2,25.06
38,Female,43.2,1.86,182,169,62,1.17,898.0,Cardio,30.3,1.6,3,2,12.49
24,Male,77.6,1.59,172,124,72,0.97,872.0,Yoga,30.0,2.8,3,2,30.69
53,Female,64.1,1.71,185,125,65,1.89,964.0,Yoga,16.0,2.7,4,2,21.92
55,Male,123.1,1.89,166,140,56,1.07,843.0,Cardio,29.1,3.0,2,1,34.46
37,Male,91.1,2.0,183,132,73,0.95,856.0,HIIT,27.9,3.6,4,2,22.78
28,Male,80.2,1.61,191,120,72,1.3,840.0,Yoga,27.1,3.6,2,1,30.94
18,Female,58.3,1.55,187,157,53,1.67,1289.0,Cardio,17.1,2.9,5,3,24.27
32,Male,49.6,1.61,183,156,52,0.55,481.0,Strength,19.3,3.0,2,2,19.14
27,Male,101.3,1.69,187,133,59,1.4,1172.0,Strength,24.9,2.8,4,1,35.47
25,Female,73.3,1.57,185,120,69,1.09,677.0,Cardio,25.8,2.3,4,1,29.74
30,Female,47.2,1.62,174,161,66,1.26,1038.0,Yoga,26.6,2.2,4,3,17.99
51,Male,125.1,1.83,165,134,68,0.54,334.0,Strength,27.6,3.1,3,1,37.36
51,Female,76.3,1.65,188,153,64,1.24,997.0,Cardio,31.8,2.4,3,1,28.03
26,Male,109.9,1.92,194,139,50,0.84,609.0,Yoga,24.7,3.2,3,1,29.81
53,Female,41.1,1.64,185,154,71,0.85,663.0,Yoga,32.4,2.5,4,2,15.28
58,Male,77.7,1.82,189,140,54,1.14,731.0,HIIT,22.7,2.9,2,1,23.46
43,Female,66.0,1.61,168,144,50,1.96,1166.0,HIIT,18.4,3.1,5,2,25.46
19,Male,117.5,1.67,173,139,55,1.22,925.0,Yoga,24.5,2.3,3,2,42.13
20,Male,125.1,1.81,162,137,55,0.73,621.0,HIIT,25.9,2.6,4,1,38.19
30,Male,90.0,1.62,186,158,66,1.93,1710.0,HIIT,10.7,3.6,5,3,34.29
56,Female,80.6,1.59,168,162,59,1.61,1044.0,Strength,25.7,1.5,2,1,31.88
18,Male,84.3,1.8,180,122,54,1.83,1331.0,Strength,12.2,3.7,5,2,26.02
29,Female,50.2,1.54,198,124,73,1.01,652.0,Cardio,30.5,2.5,2,1,21.17
58,Male,91.6,1.63,170,147,65,1.81,1501.0,Yoga,11.1,3.1,5,3,34.48
21,Female,65.5,1.68,199,159,65,0.8,806.0,Cardio,30.3,2.0,2,1,23.21
38,Female,73.7,1.74,183,135,64,0.95,698.0,Cardio,25.1,2.2,4,2,24.34
19,Male,104.2,1.77,160,149,62,1.19,1139.0,Strength,20.8,2.5,3,1,33.26
52,Female,66.6,1.82,189,131,68,1.05,553.0,HIIT,32.3,2.7,5,2,20.11
34,Male,96.7,1.67,190,120,62,0.92,550.0,HIIT,22.8,3.4,3,2,34.67
58,Male,78.4,1.7,177,124,55,1.11,606.0,Strength,25.3,1.5,3,1,27.13
26,Male,80.7,1.7,180,123,56,1.59,1095.0,Cardio,10.0,2.9,4,3,27.92
29,Female,57.4,1.72,177,153,68,1.59,1211.0,Yoga,20.5,3.0,5,3,19.4
33,Female,62.4,1.7,186,123,74,1.57,938.0,Strength,18.5,2.7,5,2,21.59
29,Female,62.3,1.5,166,120,50,1.33,704.0,Strength,28.8,1.5,3,2,27.69
42,Male,123.5,1.61,160,162,68,1.46,1179.0,Yoga,22.2,3.1,3,2,47.64
19,Female,55.1,1.54,162,158,51,1.47,1030.0,Strength,30.5,1.8,5,2,23.23
57,Female,53.5,1.63,175,144,61,1.39,957.0,Strength,34.1,2.6,2,1,20.14
57,Female,78.3,1.6,187,164,55,1.44,1057.0,HIIT,22.4,2.0,2,1,30.59
59,Female,45.0,1.73,160,136,62,1.47,824.0,Strength,27.7,1.6,2,1,15.04
55,Female,46.4,1.71,170,129,72,0.71,567.0,Strength,24.7,2.5,4,2,15.87
53,Female,55.5,1.79,187,138,55,1.55,998.0,Strength,15.2,2.6,5,3,17.32
37,Male,72.3,1.97,175,165,72,0.84,751.0,Strength,30.8,2.3,2,1,18.63
42,Male,81.6,1.99,177,160,66,1.73,1512.0,Cardio,17.1,3.0,4,3,20.61
24,Female,49.5,1.73,181,146,60,0.94,766.0,Cardio,28.2,2.4,2,1,16.54
47,Female,64.4,1.64,199,123,66,0.7,414.0,HIIT,35.0,2.5,3,1,23.94
55,Male,81.8,1.8,183,147,50,1.18,1067.0,Cardio,20.9,2.8,2,2,25.25
56,Female,60.7,1.8,199,140,56,1.54,936.0,Strength,18.4,2.3,5,3,18.73
52,Female,57.8,1.58,186,125,66,1.92,1097.0,Strength,21.3,1.8,4,3,23.15
54,Male,85.7,1.7,187,134,50,1.76,1101.0,Yoga,13.8,2.9,5,2,29.65
50,Male,70.8,1.79,191,145,68,1.13,899.0,Strength,21.0,3.0,2,1,22.1
55,Female,60.3,1.82,193,124,57,1.75,928.0,Cardio,19.1,2.8,5,3,18.2
29,Male,81.3,1.71,176,156,50,1.2,1009.0,Yoga,17.4,3.7,5,2,27.8
40,Female,51.7,1.71,167,162,67,1.11,707.0,Strength,30.8,2.5,3,1,17.68
19,Female,44.9,1.58,186,123,59,1.22,994.0,HIIT,35.0,1.8,5,1,17.99
23,Male,53.3,2.0,179,134,52,0.6,484.0,HIIT,28.2,2.1,3,1,13.32
25,Female,61.0,1.5,198,132,64,1.26,739.0,Yoga,24.7,2.1,4,3,27.11
34,Male,116.1,1.73,179,169,67,1.5,1266.0,Yoga,23.3,2.1,2,1,38.79
52,Female,73.7,1.78,169,149,74,1.27,775.0,Cardio,28.4,1.6,2,1,23.26
45,Male,88.0,1.97,197,165,53,1.72,1305.0,Yoga,14.1,3.6,5,3,22.68
49,Female,63.6,1.5,198,128,58,1.81,1024.0,Yoga,20.3,2.9,5,3,28.27
51,Male,67.7,1.68,197,149,62,1.41,898.0,Strength,21.1,3.4,2,2,23.99
24,Male,112.7,1.85,180,161,51,0.98,917.0,Strength,20.6,3.3,2,2,32.93
35,Male,84.0,1.62,173,149,59,2.0,1572.0,HIIT,15.4,3.3,5,2,32.01
51,Male,76.8,1.58,192,127,59,1.91,1287.0,Strength,11.9,3.7,4,2,30.76
39,Male,83.6,1.77,188,150,66,1.67,1204.0,Yoga,13.0,3.4,5,2,26.68
55,Female,50.4,1.53,168,168,64,0.61,419.0,Cardio,26.0,1.8,4,1,21.53
56,Female,48.1,1.53,172,143,68,1.34,841.0,HIIT,27.4,2.7,3,1,20.55
54,Male,109.5,1.75,188,126,50,1.11,807.0,Yoga,24.3,3.4,3,2,35.76
51,Male,79.8,1.61,195,120,64,1.84,1082.0,Strength,10.5,3.5,5,3,30.79
32,Female,40.5,1.77,181,122,69,1.47,864.0,Strength,35.0,1.9,2,2,12.93
48,Male,88.8,1.79,161,160,72,1.6,1155.0,HIIT,14.1,3.7,5,2,27.71
48,Male,82.9,1.82,171,160,58,1.86,1347.0,Yoga,15.7,3.7,5,3,25.03
32,Male,41.8,1.97,199,148,52,1.72,1126.0,Cardio,21.7,3.3,2,2,10.77
52,Female,57.5,1.74,167,125,53,1.51,888.0,HIIT,17.3,2.8,3,3,18.99
26,Male,93.7,1.88,191,161,73,1.58,1300.0,Cardio,23.3,2.4,4,1,26.51
59,Female,66.0,1.8,174,129,55,0.53,322.0,Cardio,24.0,1.6,2,1,20.37
32,Female,61.7,1.58,186,120,70,1.57,878.0,Strength,19.0,3.3,5,3,24.72
51,Male,67.7,1.66,186,136,73,1.46,1051.0,Strength,23.7,3.4,5,1,24.57
58,Male,56.8,1.7,168,136,68,1.48,975.0,Strength,20.3,3.1,5,3,19.65
40,Female,56.3,1.55,190,130,54,1.67,1126.0,HIIT,17.5,3.1,4,3,23.43
48,Male,90.2,1.58,164,143,61,1.79,1228.0,Cardio,11.0,3.7,3,3,36.13
54,Male,83.4,1.85,170,145,58,1.63,1038.0,HIIT,11.4,3.3,5,3,24.37
54,Male,69.6,1.81,184,167,55,1.21,904.0,Strength,20.8,2.2,5,3,21.24
24,Female,70.4,1.66,173,159,73,0.68,541.0,Strength,29.8,2.6,2,1,25.55
30,Male,81.1,1.98,181,132,53,1.38,1148.0,Strength,12.1,3.7,3,3,20.69
59,Male,102.9,1.71,175,163,57,1.38,1061.0,Cardio,26.2,3.2,3,1,35.19
49,Female,56.2,1.7,169,154,56,1.1,644.0,Yoga,28.2,2.0,4,2,19.45
28,Male,128.4,1.85,197,146,66,0.83,923.0,HIIT,29.0,2.0,4,1,37.52
55,Female,60.2,1.63,187,167,71,0.94,910.0,Cardio,32.4,2.2,3,1,22.66
54,Female,58.0,1.53,199,120,52,2.0,1097.0,Yoga,19.9,2.7,4,2,24.78
57,Male,69.2,1.96,199,145,67,1.34,1011.0,HIIT,18.0,1.8,4,1,18.01
25,Female,64.2,1.82,175,141,59,1.26,1016.0,Cardio,27.0,2.5,3,2,19.38
18,Female,71.3,1.65,177,163,73,0.9,539.0,Strength,35.0,2.3,2,2,26.19
46,Male,87.8,1.99,160,130,53,1.94,1168.0,Cardio,15.8,3.6,5,2,22.17
55,Female,70.9,1.61,168,142,72,1.59,889.0,HIIT,30.2,2.1,5,3,27.35
25,Female,67.6,1.71,175,162,64,1.11,938.0,Cardio,29.8,2.1,5,3,23.12
36,Female,65.4,1.59,182,154,68,1.21,851.0,Strength,35.0,2.0,3,1,25.87
37,Female,54.4,1.64,198,161,62,1.1,787.0,Cardio,31.3,2.3,5,1,20.23
38,Female,75.0,1.78,168,128,67,0.5,303.0,Cardio,23.9,1.5,2,2,23.67
39,Male,72.7,1.8,199,138,72,1.17,920.0,Cardio,26.5,3.0,2,1,22.44
41,Male,64.9,1.62,162,161,69,1.08,906.0,Cardio,25.9,2.6,2,2,24.73
18,Female,73.2,1.67,199,137,67,1.13,882.0,Strength,32.3,2.7,2,1,26.25
48,Female,60.1,1.78,163,150,56,1.17,860.0,Strength,33.7,2.5,2,2,18.97
41,Female,50.5,1.62,167,131,53,1.0,762.0,HIIT,34.4,2.6,2,2,19.24
59,Male,91.4,1.66,177,146,66,1.75,1239.0,Yoga,11.8,3.3,5,3,33.17
20,Female,75.1,1.54,177,164,71,1.69,1150.0,Strength,33.4,1.9,2,1,31.67
46,Female,67.5,1.76,179,161,65,1.52,1044.0,Cardio,28.6,2.4,2,2,21.79
23,Female,56.6,1.55,178,132,73,1.51,1127.0,Strength,16.2,2.7,5,3,23.56
20,Female,42.6,1.59,160,137,69,0.5,354.0,HIIT,23.9,1.5,4,1,16.85
34,Male,102.1,1.66,191,137,74,0.74,697.0,HIIT,30.1,3.7,2,1,37.05
24,Male,107.1,1.94,176,143,58,1.37,914.0,HIIT,21.6,3.5,2,2,28.46
37,Female,62.6,1.76,186,158,74,1.83,1541.0,Yoga,17.3,2.2,5,3,20.21
37,Female,76.5,1.68,177,128,69,0.5,361.0,Cardio,28.0,2.1,3,2,27.1
34,Female,63.3,1.73,162,147,68,1.96,1474.0,Strength,19.1,3.1,4,3,21.15
37,Female,45.7,1.77,198,159,50,1.5,1184.0,Cardio,33.8,1.6,5,2,14.59
58,Female,80.4,1.69,187,148,66,1.15,768.0,Cardio,30.9,1.7,3,1,28.15
43,Male,86.5,1.93,199,169,54,1.82,1304.0,Yoga,15.6,3.7,4,3,23.22
49,Male,66.9,1.64,175,169,74,1.33,1136.0,HIIT,25.6,2.7,3,2,24.87
36,Male,87.3,1.77,174,143,68,1.87,1486.0,Cardio,11.0,3.7,4,2,27.87
41,Female,56.7,1.74,170,165,74,0.82,786.0,Strength,25.6,1.8,3,2,18.73
42,Female,69.9,1.78,177,157,50,1.14,780.0,Cardio,26.6,2.3,4,3,22.06
19,Female,55.1,1.5,160,160,54,1.37,1201.0,Strength,30.7,1.7,5,3,24.49
38,Male,80.6,1.75,162,129,54,0.91,719.0,Yoga,23.0,2.4,2,2,26.32
21,Male,122.7,1.75,184,140,64,1.03,765.0,Cardio,25.0,2.4,3,1,40.07
35,Male,61.1,1.56,198,131,57,1.07,726.0,Cardio,26.9,3.1,3,2,25.11
30,Male,117.7,1.61,166,134,58,1.01,637.0,HIIT,23.4,2.3,2,3,45.41
26,Male,102.3,1.83,164,152,63,1.26,1004.0,Strength,19.8,2.7,4,1,30.55
52,Male,46.8,1.62,161,157,63,1.29,899.0,Yoga,24.5,2.6,5,2,17.83
19,Male,88.8,1.96,184,133,61,1.86,1362.0,Strength,12.8,3.6,4,3,23.12
42,Female,52.4,1.57,178,130,67,0.61,344.0,Yoga,35.0,3.1,2,2,21.26
45,Female,41.8,1.7,171,139,50,0.65,426.0,Yoga,34.2,2.0,2,1,14.46
32,Male,87.1,1.84,183,129,71,1.64,993.0,Yoga,12.9,3.7,5,3,25.73
37,Female,73.8,1.63,176,133,67,0.96,549.0,Yoga,30.4,1.6,4,1,27.78
23,Male,85.4,1.95,189,138,74,1.82,1415.0,Yoga,13.4,3.7,4,2,22.46
24,Male,88.4,2.0,165,149,57,1.79,1495.0,Cardio,11.3,3.7,3,2,22.1
21,Male,71.1,1.61,163,156,74,1.45,1159.0,Yoga,18.6,2.4,2,2,27.43
21,Female,67.6,1.75,172,124,62,0.71,581.0,Yoga,26.9,1.9,3,1,22.07
59,Male,109.9,1.77,188,130,50,1.01,761.0,Yoga,27.1,2.8,3,3,35.08
28,Female,78.1,1.57,183,134,52,1.53,970.0,HIIT,27.1,1.5,4,1,31.68
32,Female,55.7,1.62,164,169,74,1.55,1327.0,HIIT,14.6,2.8,4,2,21.22
33,Male,123.1,1.67,180,137,74,1.48,979.0,Cardio,23.9,2.2,4,3,44.14
39,Male,66.9,1.82,172,142,62,1.31,772.0,Yoga,26.9,2.6,4,2,20.2
53,Male,56.3,1.81,194,124,50,1.53,847.0,Strength,27.7,2.7,4,1,17.19
54,Female,69.7,1.5,172,139,74,1.44,1029.0,Cardio,18.6,2.8,5,2,30.98
45,Male,83.1,1.76,194,169,63,1.38,1168.0,Cardio,14.8,3.6,3,3,26.83
39,Male,64.7,1.71,179,142,71,1.34,986.0,HIIT,20.2,3.7,3,1,22.13
34,Female,53.5,1.5,168,152,59,1.52,1095.0,Strength,31.7,2.4,3,1,23.78
25,Female,55.7,1.86,192,153,64,1.85,1543.0,Yoga,18.3,2.7,5,3,16.1
46,Female,69.5,1.7,188,166,54,1.13,760.0,Strength,35.0,1.7,4,1,24.05
25,Female,64.1,1.61,192,156,51,0.96,835.0,Cardio,31.4,1.9,3,1,24.73
55,Male,82.2,1.8,176,126,53,1.26,776.0,Cardio,21.2,3.0,3,3,25.37
38,Female,64.5,1.73,174,169,60,1.39,1012.0,Yoga,29.5,2.2,4,2,21.55
56,Male,68.8,1.62,195,166,60,0.6,321.0,Yoga,19.9,2.9,2,1,26.22
25,Female,40.0,1.62,160,136,65,0.5,310.0,HIIT,29.4,1.8,2,1,15.24
33,Male,82.0,1.95,185,137,50,1.53,1307.0,Strength,11.3,2.9,5,3,21.56
35,Male,87.8,1.65,194,147,67,1.7,1564.0,Yoga,14.4,3.3,5,3,32.25
23,Female,73.2,1.85,198,135,68,1.41,867.0,Strength,31.9,2.8,4,1,21.39
56,Male,85.1,1.72,175,164,65,1.92,1126.0,HIIT,16.7,3.7,4,2,28.77
45,Female,56.5,1.64,177,121,58,1.16,514.0,Strength,25.3,2.4,3,2,21.01
23,Female,43.9,1.64,199,123,54,0.5,480.0,Yoga,25.5,2.9,2,2,16.32
18,Female,57.1,1.78,170,132,68,0.5,337.0,HIIT,30.0,1.5,2,2,18.02
49,Male,90.7,1.66,193,168,74,1.71,1572.0,HIIT,11.6,3.4,3,2,32.91
46,Female,52.8,1.71,177,137,74,1.22,954.0,Cardio,29.7,1.5,2,1,18.06
24,Male,68.2,1.66,199,133,65,0.93,769.0,HIIT,20.9,3.6,2,1,24.75
18,Male,79.2,1.86,190,138,52,1.86,1364.0,Yoga,10.2,3.5,3,3,22.89
41,Male,86.1,1.77,188,157,65,1.56,1288.0,Yoga,12.3,3.2,5,2,27.48
18,Female,62.6,1.51,186,120,50,1.93,1082.0,Strength,18.6,2.7,4,3,27.45
48,Female,62.7,1.53,197,129,74,1.45,841.0,Strength,17.9,2.8,3,3,26.78
50,Male,84.2,1.85,186,131,65,1.38,898.0,Strength,24.7,3.5,5,3,24.6
39,Female,55.2,1.81,199,152,60,1.89,1382.0,Yoga,18.1,3.5,5,3,16.85
22,Male,120.0,1.89,194,165,53,0.63,552.0,Yoga,20.7,3.1,2,1,33.59
34,Female,65.2,1.62,187,120,74,1.53,997.0,Strength,15.8,2.3,5,3,24.84
31,Female,75.4,1.78,176,149,54,1.18,946.0,Yoga,24.6,1.5,3,3,23.8
25,Female,64.0,1.66,199,145,53,0.58,321.0,Strength,29.6,1.8,2,1,23.23
18,Male,84.9,1.81,186,146,67,1.73,1368.0,HIIT,15.2,3.3,5,3,25.91
57,Female,77.0,1.61,161,130,63,0.83,491.0,Cardio,31.9,2.4,2,1,29.71
38,Female,62.3,1.58,172,120,54,0.96,601.0,HIIT,29.8,1.7,4,1,24.96
21,Female,57.5,1.54,175,145,73,1.61,1467.0,Yoga,15.2,2.6,5,3,24.25
31,Male,83.3,1.82,176,143,54,1.41,1048.0,Cardio,31.3,2.6,4,2,25.15
43,Female,62.4,1.58,160,159,54,1.86,1375.0,HIIT,15.7,2.5,4,3,25.0
39,Female,74.0,1.68,175,149,58,1.17,684.0,Yoga,28.8,1.9,3,2,26.22
54,Female,66.1,1.59,160,131,67,0.82,554.0,HIIT,29.6,2.3,3,2,26.15
36,Male,82.4,1.58,189,127,71,1.31,962.0,Yoga,30.3,2.8,3,2,33.01
59,Male,123.1,1.91,162,139,55,1.26,669.0,Cardio,26.0,3.2,3,1,33.74
49,Female,70.2,1.69,183,157,70,0.97,849.0,Yoga,31.0,2.0,3,1,24.58
47,Female,72.9,1.77,188,145,53,1.21,803.0,Yoga,28.5,1.7,4,3,23.27
23,Male,75.1,1.98,186,151,69,0.69,619.0,HIIT,25.0,3.7,2,1,19.16
59,Female,53.1,1.55,164,166,60,0.54,528.0,Cardio,30.1,2.0,2,1,22.1
39,Male,61.7,1.97,177,129,59,1.47,906.0,Yoga,26.8,3.7,5,2,15.9
55,Female,62.0,1.68,160,146,64,1.83,1223.0,Cardio,16.8,2.4,3,2,21.97
18,Male,75.3,1.64,162,138,50,1.47,954.0,Cardio,21.2,2.3,4,1,28.0
48,Male,79.6,1.69,180,133,57,1.84,1168.0,Yoga,15.0,3.7,3,3,27.87
45,Female,58.1,1.61,173,126,50,1.95,1004.0,Cardio,19.6,3.2,4,2,22.41
57,Male,122.6,1.83,199,129,68,0.98,539.0,Yoga,20.6,2.3,2,1,36.61
51,Male,60.7,1.7,168,169,57,1.27,914.0,Strength,22.6,2.1,2,1,21.0
51,Female,59.2,1.59,195,120,54,1.99,1105.0,Yoga,19.7,2.3,5,2,23.42
40,Female,76.4,1.77,162,159,70,1.21,879.0,Strength,33.2,2.8,4,1,24.39
28,Male,49.7,1.73,162,165,56,0.62,809.0,Yoga,23.4,3.1,3,2,16.61
59,Male,119.1,1.91,198,122,72,0.53,433.0,HIIT,23.4,3.1,2,2,32.65
49,Female,59.7,1.5,172,133,69,0.99,749.0,HIIT,28.6,2.2,5,3,26.53
42,Female,43.1,1.65,193,140,60,1.01,764.0,HIIT,28.7,2.4,4,2,15.83
27,Female,56.7,1.52,170,126,69,1.53,870.0,Strength,23.2,2.2,4,1,24.54
31,Male,91.0,1.66,179,120,56,1.67,958.0,Strength,12.5,3.6,3,3,33.02
49,Female,72.2,1.77,162,131,62,1.42,785.0,HIIT,29.6,2.4,4,1,23.05
31,Female,60.5,1.87,162,142,74,1.54,884.0,Cardio,25.5,1.5,2,1,17.3
53,Male,69.0,1.91,160,135,69,0.94,648.0,Strength,23.4,2.3,4,1,18.91
18,Male,98.3,1.96,175,138,60,1.43,1198.0,Cardio,26.1,2.2,4,2,25.59
29,Male,54.4,1.68,195,164,54,0.62,454.0,Strength,29.1,2.3,4,2,19.27
45,Male,78.7,1.87,181,136,64,1.14,818.0,Cardio,30.5,3.2,3,1,22.51
38,Male,111.6,1.68,197,146,71,1.0,637.0,HIIT,22.5,3.2,4,1,39.54
32,Female,78.7,1.67,164,155,65,1.39,961.0,HIIT,31.8,1.9,4,2,28.22
46,Female,58.4,1.58,192,130,57,1.96,1114.0,Yoga,16.1,2.6,5,2,23.39
46,Male,86.0,2.0,195,137,54,1.37,877.0,HIIT,25.9,2.1,4,1,21.5
44,Male,57.7,1.93,199,134,74,1.39,1136.0,Cardio,20.2,2.1,2,2,15.49
33,Male,85.3,1.9,196,138,64,2.0,1529.0,Yoga,13.2,3.7,5,3,23.63
18,Female,48.8,1.52,187,134,58,0.74,591.0,Strength,26.8,1.8,2,1,21.12
37,Male,65.0,1.62,184,165,66,1.24,1316.0,Cardio,17.2,3.4,4,1,24.77
56,Male,114.1,1.89,189,166,50,1.26,1131.0,Yoga,30.4,1.9,3,3,31.94
44,Male,97.9,1.74,192,154,50,1.29,836.0,HIIT,24.3,3.4,3,1,32.34
26,Female,74.2,1.72,169,122,70,0.86,527.0,Yoga,30.7,1.5,4,2,25.08
29,Male,65.6,1.63,184,146,59,0.64,643.0,HIIT,28.8,2.4,2,2,24.69
53,Female,76.8,1.62,198,150,73,1.13,745.0,Yoga,35.0,2.4,5,3,29.26
58,Female,65.3,1.64,185,125,71,1.68,985.0,Yoga,16.0,2.6,3,3,24.28
50,Female,60.7,1.56,196,162,63,1.63,1136.0,HIIT,28.9,2.5,3,3,24.94
37,Female,56.4,1.73,185,157,50,1.36,823.0,Yoga,26.9,1.5,3,1,18.84
21,Male,100.2,1.71,197,168,74,0.87,750.0,Cardio,23.8,2.2,2,2,34.27
56,Female,50.7,1.63,184,161,63,1.65,918.0,HIIT,27.4,2.7,3,2,19.08
32,Female,50.6,1.68,189,131,71,1.2,804.0,HIIT,27.9,2.8,3,2,17.93
48,Male,84.9,1.85,195,150,72,1.29,983.0,Strength,27.1,3.0,3,3,24.81
27,Female,53.6,1.53,183,138,72,1.29,920.0,Cardio,35.0,1.5,3,1,22.9
43,Male,78.4,1.84,188,138,64,1.49,985.0,Strength,26.0,3.5,4,2,23.16
30,Female,57.8,1.79,189,165,66,1.86,1512.0,Yoga,18.8,3.3,5,3,18.04
29,Male,124.5,2.0,182,148,67,1.55,1170.0,Strength,25.6,3.2,5,3,31.12
27,Female,60.4,1.52,175,120,53,1.15,778.0,Strength,32.4,1.5,4,3,26.14
49,Female,70.6,1.58,182,151,73,0.83,624.0,HIIT,33.2,2.5,3,1,28.28
57,Female,46.2,1.5,180,163,62,1.42,1036.0,Strength,30.6,1.8,3,2,20.53
26,Male,59.9,1.81,164,138,67,0.5,341.0,Strength,24.2,2.1,4,1,18.28
53,Female,61.6,1.5,174,140,50,0.73,497.0,HIIT,30.6,3.0,4,2,27.38
23,Male,50.6,1.78,199,120,70,1.04,842.0,Strength,21.0,2.4,2,2,15.97
52,Female,41.6,1.5,174,136,68,1.26,589.0,HIIT,30.7,2.1,2,1,18.49
40,Female,67.7,1.64,162,160,56,1.39,1034.0,Cardio,32.7,2.1,4,1,25.17
40,Male,81.7,1.84,187,144,50,1.26,976.0,Yoga,29.0,3.0,4,1,24.13
26,Male,123.5,1.98,181,120,69,1.28,613.0,HIIT,23.0,2.7,2,1,31.5
39,Male,45.0,1.78,192,159,72,0.5,536.0,Strength,28.2,2.7,2,1,14.2
22,Female,53.1,1.58,174,138,74,1.51,929.0,Cardio,35.0,1.5,5,1,21.27
25,Male,94.4,1.67,194,161,68,1.9,1776.0,HIIT,14.7,3.3,5,2,33.85
18,Female,62.4,1.59,188,156,65,1.94,1448.0,HIIT,16.4,2.8,5,3,24.68
50,Female,58.0,1.61,186,133,62,2.0,1255.0,Yoga,18.7,2.8,5,2,22.38
57,Female,57.4,1.72,166,120,61,0.78,386.0,Yoga,28.2,2.9,2,2,19.4
35,Female,43.5,1.66,186,143,69,0.91,896.0,Yoga,31.6,1.5,3,1,15.79
18,Male,83.2,1.93,166,128,56,1.31,998.0,HIIT,23.5,2.7,4,3,22.34
43,Male,52.1,1.87,164,132,56,1.07,825.0,Strength,27.9,2.2,3,1,14.9
33,Male,91.0,1.58,173,142,62,2.0,1508.0,HIIT,13.7,3.6,5,2,36.45
43,Male,93.4,1.87,174,126,67,1.42,872.0,HIIT,27.7,3.2,5,3,26.71
26,Male,122.7,2.0,175,166,61,1.24,1040.0,Cardio,27.6,3.7,4,2,30.68
37,Female,66.8,1.78,162,129,51,1.14,545.0,Strength,33.4,1.8,2,1,21.08
44,Male,84.4,1.81,180,137,59,1.88,1098.0,Cardio,15.2,3.1,5,3,25.76
36,Female,57.9,1.63,188,163,67,0.5,326.0,Cardio,31.1,1.7,2,1,21.79
32,Female,69.5,1.5,191,127,64,1.38,923.0,Cardio,33.5,2.8,4,2,30.89
47,Male,121.0,1.94,172,168,56,1.09,881.0,Yoga,21.1,2.7,3,1,32.15
39,Male,92.8,1.74,193,154,65,1.04,1038.0,HIIT,24.3,3.4,3,2,30.65
48,Female,74.0,1.65,173,158,59,1.46,919.0,Yoga,30.5,2.0,4,1,27.18
52,Female,54.3,1.53,176,147,57,1.17,787.0,HIIT,35.0,2.2,4,1,23.2
43,Female,58.6,1.5,171,140,69,1.15,791.0,Strength,35.0,1.6,3,1,26.04
40,Male,80.6,1.76,165,169,71,1.55,1504.0,Strength,16.0,3.3,5,3,26.02
32,Male,68.0,1.71,188,147,58,0.81,503.0,HIIT,32.4,2.5,2,1,23.26
33,Female,68.5,1.68,175,137,74,1.26,813.0,HIIT,29.6,2.3,5,2,24.27
34,Female,65.7,1.55,199,141,63,1.5,1161.0,Yoga,15.8,3.2,5,3,27.35
33,Female,69.0,1.67,169,120,53,1.04,697.0,Cardio,31.8,2.3,5,3,24.74
53,Male,80.5,1.66,191,132,51,1.61,977.0,Yoga,19.2,2.7,4,2,29.21
34,Male,123.1,1.74,173,162,50,1.72,1277.0,HIIT,29.7,3.7,3,1,40.66
28,Female,75.7,1.59,199,141,74,1.08,733.0,Strength,22.5,1.5,2,1,29.94
56,Male,61.0,1.62,167,126,74,0.5,344.0,Cardio,19.6,3.0,4,1,23.24
52,Male,116.4,1.64,188,139,52,1.37,984.0,Yoga,24.7,2.2,4,3,43.28
44,Male,79.7,1.78,172,159,67,1.47,1141.0,HIIT,10.3,3.7,5,3,25.15
55,Female,56.7,1.54,191,151,70,1.46,1002.0,HIIT,26.9,2.8,2,1,23.91
57,Male,74.6,1.84,166,153,73,1.12,830.0,Yoga,26.7,2.0,3,1,22.03
59,Female,67.2,1.73,175,155,74,1.59,1111.0,HIIT,18.9,2.7,3,3,22.45
43,Female,64.5,1.82,187,166,74,2.0,1358.0,Yoga,19.2,2.0,5,3,19.47
26,Female,42.8,1.75,170,143,58,0.58,557.0,Strength,31.2,2.2,2,1,13.98
23,Male,74.2,1.74,165,128,67,0.87,561.0,Cardio,23.6,1.9,3,2,24.51
29,Male,54.3,1.69,184,127,57,0.87,851.0,Yoga,19.5,3.1,4,1,19.01
23,Male,82.3,1.98,174,148,56,1.7,1277.0,HIIT,15.0,3.4,4,3,20.99
26,Male,79.8,1.59,171,153,66,1.92,1698.0,HIIT,10.6,3.4,4,3,31.57
22,Female,72.9,1.64,185,124,64,0.94,507.0,HIIT,25.8,1.5,4,1,27.1
58,Female,48.3,1.64,185,122,68,1.3,751.0,Strength,29.7,2.3,3,1,17.96
59,Male,88.7,1.67,180,154,62,1.62,1296.0,Yoga,10.1,3.7,4,3,31.8
18,Female,67.8,1.58,197,127,66,1.1,736.0,Cardio,32.3,2.5,2,1,27.16
44,Male,65.1,1.73,185,145,65,0.73,506.0,Yoga,27.8,3.7,3,1,21.75
56,Male,128.2,1.79,183,131,74,1.19,922.0,Strength,18.3,3.1,4,2,40.01
27,Male,80.5,1.75,184,132,58,1.42,1161.0,Cardio,28.3,1.9,5,3,26.29
22,Male,45.9,1.75,197,120,66,1.26,729.0,Strength,25.7,2.4,4,2,14.99
47,Female,63.7,1.69,180,157,60,1.58,1201.0,Cardio,16.7,2.9,4,3,22.3
41,Male,87.4,1.97,197,169,52,1.54,1444.0,Yoga,15.2,3.7,4,3,22.52
31,Female,67.5,1.63,177,152,74,0.51,582.0,Strength,30.7,3.4,2,1,25.41
41,Male,90.4,1.96,183,154,56,1.21,1139.0,Cardio,19.9,2.3,2,2,23.53
19,Female,65.2,1.55,190,122,52,1.05,798.0,Cardio,31.6,1.6,3,1,27.14
56,Male,124.5,1.85,193,126,72,1.31,846.0,Strength,18.3,2.3,3,2,36.38
35,Female,44.6,1.5,191,148,66,0.74,635.0,Yoga,29.3,2.0,3,1,19.82
42,Male,63.7,1.74,160,145,50,0.99,819.0,HIIT,27.5,2.4,4,3,21.04
57,Male,57.0,2.0,171,123,66,1.02,763.0,Strength,26.4,2.3,2,1,14.25
55,Female,62.0,1.52,187,169,67,1.51,1018.0,Strength,33.2,2.0,2,2,26.84
44,Male,107.4,1.72,175,154,64,1.22,952.0,Cardio,26.3,1.7,3,1,36.3
40,Male,71.1,1.95,176,145,66,1.32,884.0,Cardio,27.2,3.2,4,1,18.7
19,Male,80.0,1.85,190,144,72,1.66,1390.0,Cardio,15.5,2.6,4,3,23.37
49,Male,56.8,1.83,188,163,74,1.36,1004.0,Strength,25.6,3.2,4,1,16.96
19,Female,82.8,1.5,178,169,74,1.57,1176.0,Strength,31.6,2.4,3,1,36.8
18,Male,129.9,1.93,190,169,73,1.07,1045.0,Strength,24.0,3.2,3,1,34.87
30,Female,53.7,1.79,172,135,66,1.19,897.0,Strength,27.6,2.6,4,1,16.76
45,Female,69.6,1.62,186,168,50,1.33,1046.0,Strength,22.4,1.7,4,1,26.52
20,Male,98.8,1.93,197,141,74,0.5,414.0,Cardio,19.9,3.1,2,2,26.52
39,Female,40.2,1.72,191,140,52,1.4,922.0,HIIT,35.0,2.1,4,3,13.59
36,Male,104.5,1.76,167,139,50,1.17,968.0,HIIT,26.8,3.7,2,1,33.74
41,Female,57.9,1.84,175,169,58,2.0,1552.0,Yoga,16.5,2.3,3,3,17.1
25,Female,63.1,1.5,198,123,64,1.11,650.0,Strength,23.5,1.7,3,2,28.04
50,Female,40.2,1.5,166,132,66,1.05,652.0,HIIT,32.1,2.5,2,1,17.87
42,Female,74.6,1.77,171,138,54,1.37,889.0,Yoga,33.2,1.9,3,2,23.81
31,Female,61.9,1.78,183,155,64,1.92,1319.0,Yoga,17.2,2.3,3,2,19.54
26,Male,82.6,1.83,190,147,74,1.76,1336.0,Cardio,11.9,2.8,5,3,24.66
35,Male,73.2,1.83,193,147,71,1.02,939.0,Cardio,27.0,3.1,2,2,21.86
56,Female,59.5,1.78,166,120,56,0.75,376.0,Yoga,26.5,3.3,3,1,18.78
56,Male,48.7,1.92,192,169,58,1.08,799.0,Strength,25.7,3.7,4,1,13.21
52,Female,40.0,1.76,194,160,74,1.35,681.0,Cardio,30.6,2.1,5,3,12.91
47,Male,61.8,1.9,178,157,64,1.09,830.0,Yoga,25.4,2.8,4,1,17.12
18,Male,129.9,1.91,171,141,54,0.57,602.0,Cardio,24.2,1.5,2,1,35.61
42,Female,57.5,1.79,199,155,56,1.78,1395.0,Yoga,18.2,2.6,5,2,17.95
59,Female,71.0,1.62,180,160,51,1.2,1000.0,Strength,33.7,3.1,5,1,27.05
35,Female,43.4,1.73,179,135,50,1.3,842.0,Strength,26.4,2.3,2,1,14.5
55,Female,40.0,1.82,163,157,72,1.41,847.0,Yoga,24.7,1.6,4,2,12.08
40,Female,61.6,1.51,183,137,59,1.6,993.0,Yoga,19.7,2.8,4,3,27.02
28,Male,118.4,2.0,165,134,66,0.78,467.0,Yoga,23.7,2.8,2,1,29.6
25,Male,56.8,1.63,195,126,72,1.34,773.0,Yoga,23.0,1.7,3,3,21.38
38,Female,64.6,1.5,197,136,64,0.89,515.0,Cardio,33.6,2.6,2,1,28.71
20,Male,56.7,1.69,177,136,74,0.9,729.0,Strength,18.1,2.6,3,1,19.85
44,Male,105.8,1.73,187,142,60,0.77,619.0,Strength,26.1,2.5,2,2,35.35
26,Male,89.1,1.87,180,155,67,1.74,1427.0,HIIT,10.9,2.9,5,3,25.48
41,Male,70.2,1.78,194,142,69,1.15,775.0,Cardio,25.7,2.6,2,1,22.16
18,Male,99.1,1.62,194,162,73,0.86,801.0,Cardio,19.0,2.2,3,1,37.76
38,Female,69.4,1.73,193,125,56,1.34,674.0,Strength,26.9,2.4,2,2,23.19
28,Female,76.9,1.76,190,140,50,1.26,936.0,Cardio,27.2,2.3,4,1,24.83
19,Male,89.6,1.65,199,120,63,1.64,1125.0,HIIT,10.6,3.6,5,3,32.91
48,Male,44.1,1.86,191,158,56,1.35,1162.0,Cardio,28.9,3.7,4,1,12.75
50,Male,55.3,1.96,171,132,50,1.15,552.0,Yoga,27.7,2.7,3,1,14.4
25,Male,76.9,1.6,181,129,72,1.14,824.0,Yoga,33.7,2.5,3,2,30.04
41,Female,73.9,1.85,167,137,59,1.48,912.0,Yoga,33.5,2.0,5,3,21.59
23,Male,105.0,1.87,191,153,67,1.42,1202.0,Cardio,30.7,2.8,5,1,30.03
56,Male,81.6,1.66,196,123,56,1.69,1193.0,Strength,11.0,3.5,4,3,29.61
50,Male,122.0,1.9,168,141,70,0.66,343.0,Strength,31.2,2.9,2,2,33.8
22,Female,57.2,1.71,169,125,66,1.15,754.0,Yoga,32.2,1.6,4,2,19.56
29,Male,125.3,1.88,199,143,58,0.94,838.0,HIIT,27.5,3.1,3,2,35.45
35,Female,74.5,1.59,178,153,54,1.52,1039.0,Cardio,31.6,2.4,2,2,29.47
31,Male,85.6,1.82,167,137,67,1.57,1178.0,Cardio,13.9,3.1,5,2,25.84
59,Female,72.8,1.66,187,123,67,0.99,658.0,Cardio,35.0,2.4,3,3,26.42
18,Male,94.9,1.72,183,151,69,0.96,817.0,Cardio,27.5,3.7,2,1,32.08
54,Female,59.7,1.62,189,169,64,1.45,1131.0,Strength,35.0,1.8,4,1,22.75
54,Male,92.0,1.65,173,148,53,1.33,1038.0,Strength,29.5,3.0,3,1,33.79
50,Female,63.3,1.54,194,137,58,1.82,1143.0,Yoga,13.9,2.1,5,3,26.69
28,Male,77.2,1.58,197,122,69,1.46,988.0,Yoga,30.2,2.9,2,1,30.92
49,Male,90.2,1.77,197,164,65,1.6,1387.0,HIIT,11.1,2.9,5,2,28.79
28,Male,89.2,1.95,180,147,66,2.0,1371.0,Cardio,11.5,3.0,4,3,23.46
27,Male,95.5,1.84,168,141,53,0.63,526.0,Yoga,29.1,2.4,3,1,28.21
22,Female,51.9,1.57,183,143,56,1.32,944.0,Yoga,34.2,3.0,3,3,21.06
24,Male,128.5,1.98,185,121,71,1.11,783.0,HIIT,24.5,2.4,3,1,32.78
23,Male,82.5,1.98,179,151,55,1.8,1374.0,HIIT,15.2,3.6,5,2,21.04
45,Male,64.9,1.89,172,120,54,1.24,642.0,Cardio,27.8,2.7,2,1,18.17
23,Female,72.7,1.55,181,150,71,1.12,912.0,Cardio,33.6,2.1,3,2,30.26
42,Male,58.5,1.83,175,152,55,1.48,1162.0,Strength,29.4,2.2,3,1,17.47
22,Male,129.9,1.93,162,146,60,0.72,516.0,Cardio,25.6,1.5,2,1,34.87
23,Female,42.2,1.69,184,139,74,1.11,806.0,Yoga,31.6,2.6,2,2,14.78
50,Male,81.9,1.85,191,158,53,1.16,825.0,Cardio,25.7,3.6,3,1,23.93
53,Male,84.7,1.86,167,120,73,2.0,1186.0,Yoga,10.3,3.7,5,3,24.48
37,Male,56.9,1.88,160,140,58,1.37,1026.0,Cardio,29.5,3.7,3,2,16.1
36,Male,87.6,1.76,185,158,70,1.9,1611.0,HIIT,14.2,3.7,5,2,28.28
53,Female,63.6,1.82,197,131,69,1.3,611.0,HIIT,32.5,2.5,3,2,19.2
47,Male,118.7,1.91,165,126,61,1.2,798.0,HIIT,31.1,3.4,2,2,32.54
19,Male,105.2,1.93,199,120,74,1.44,860.0,HIIT,23.9,2.4,2,2,28.24
23,Female,62.1,1.65,192,126,53,1.87,1320.0,Cardio,18.0,2.2,5,3,22.81
22,Male,80.5,1.88,190,142,55,1.77,1445.0,Yoga,13.6,3.2,3,2,22.78
46,Female,70.5,1.75,182,154,55,1.44,1043.0,HIIT,31.3,1.7,5,3,23.02
50,Male,89.2,1.87,192,139,69,1.61,1153.0,Strength,10.0,3.2,5,3,25.51
23,Male,87.7,1.93,194,155,65,1.82,1295.0,Strength,11.8,3.4,4,3,23.54
22,Male,96.3,1.87,189,144,50,1.14,848.0,Yoga,23.2,1.8,4,2,27.54
51,Female,76.9,1.58,198,146,71,0.9,694.0,Yoga,32.2,2.3,4,2,30.8
40,Male,106.1,1.91,168,155,63,0.95,622.0,Strength,32.7,3.7,3,1,29.08
23,Female,64.4,1.76,177,135,62,1.45,998.0,Cardio,26.5,2.3,5,2,20.79
32,Female,40.0,1.75,180,126,69,1.33,979.0,Strength,34.3,1.9,4,2,13.06
28,Female,42.1,1.6,161,159,68,0.98,893.0,Cardio,25.6,1.6,4,2,16.45
19,Female,73.1,1.61,177,167,61,0.89,810.0,Strength,32.2,1.7,3,3,28.2
23,Male,116.1,1.59,180,162,58,1.47,1364.0,Cardio,20.2,2.5,3,3,45.92
52,Male,80.4,1.81,197,148,70,1.19,949.0,Strength,28.9,3.0,3,2,24.54
35,Female,61.8,1.82,170,163,65,0.68,411.0,Cardio,25.6,1.9,2,1,18.66
28,Female,54.5,1.5,186,152,72,1.07,825.0,Cardio,31.0,2.6,2,1,24.22
37,Male,96.1,1.85,194,123,61,1.36,936.0,HIIT,20.5,3.1,2,1,28.08
54,Female,47.3,1.81,167,153,74,1.0,787.0,HIIT,29.0,1.6,4,3,14.44
40,Female,69.8,1.66,160,152,57,1.39,941.0,HIIT,30.1,2.5,4,2,25.33
43,Female,61.4,1.51,194,135,59,1.8,1213.0,Yoga,16.4,3.3,3,3,26.93
21,Male,86.1,1.61,178,164,71,1.91,1667.0,Strength,11.6,3.5,5,3,33.22
23,Male,79.4,1.59,162,138,50,1.52,939.0,Cardio,20.0,3.3,5,1,31.41
18,Female,52.5,1.64,198,143,62,1.15,793.0,Strength,28.6,2.1,2,2,19.52
32,Female,66.8,1.57,193,161,58,1.94,1345.0,HIIT,13.7,3.0,5,3,27.1
37,Male,66.8,1.68,166,131,67,1.17,778.0,Strength,27.8,2.7,4,1,23.67
25,Male,68.9,1.63,166,150,71,1.36,1102.0,Yoga,22.7,2.4,4,2,25.93
31,Male,74.5,1.64,190,125,67,1.15,992.0,Yoga,29.4,3.1,4,2,27.7
43,Female,67.8,1.59,196,127,71,1.71,1180.0,Yoga,19.4,3.0,3,3,26.82
32,Male,68.3,1.96,199,135,57,0.57,503.0,Yoga,25.1,2.4,2,2,17.78
24,Male,102.9,1.96,169,157,63,1.42,1173.0,Cardio,20.6,1.6,2,3,26.79
53,Female,67.6,1.8,167,166,72,1.1,657.0,Yoga,32.5,2.8,3,3,20.86
46,Male,75.5,1.59,191,134,70,0.5,459.0,Strength,28.3,3.7,3,2,29.86
27,Male,85.5,2.0,161,161,71,1.49,1412.0,Yoga,11.7,3.5,5,2,21.38
59,Male,87.2,1.72,195,120,58,1.14,681.0,Strength,26.3,3.1,2,3,29.48
27,Female,63.1,1.74,166,146,68,1.72,1330.0,Strength,20.4,2.7,4,2,20.84
45,Male,98.9,2.0,184,132,66,1.21,783.0,HIIT,27.5,3.7,3,1,24.72
47,Female,77.6,1.61,189,131,74,1.05,523.0,Strength,32.0,2.6,2,1,29.94
34,Female,61.7,1.69,170,167,66,1.05,877.0,HIIT,26.5,2.6,5,1,21.6
28,Male,70.4,1.93,181,158,54,1.22,983.0,HIIT,25.1,2.7,4,2,18.9
31,Male,100.4,1.94,178,160,66,0.77,686.0,Cardio,18.1,2.7,2,1,26.68
39,Female,57.3,1.78,177,148,73,1.33,877.0,Cardio,27.1,1.5,2,1,18.08
50,Male,107.5,1.55,191,137,65,1.43,1006.0,HIIT,23.8,3.5,4,1,44.75
27,Female,82.3,1.66,194,134,69,1.23,730.0,Strength,24.9,1.8,2,2,29.87
25,Male,65.0,1.68,166,153,73,1.37,1149.0,Yoga,23.5,2.1,4,3,23.03
39,Male,71.1,1.84,169,147,71,1.54,1081.0,Cardio,27.8,2.4,3,1,21.0
35,Male,72.4,1.9,162,138,69,0.67,449.0,Cardio,19.9,3.0,2,1,20.06
53,Female,81.1,1.59,196,139,74,1.2,745.0,Yoga,32.5,2.5,3,2,32.08
18,Female,42.4,1.55,175,138,68,1.26,1043.0,Strength,34.3,2.7,4,1,17.65
45,Male,122.1,1.75,195,163,74,0.66,536.0,Strength,24.7,3.0,2,1,39.87
53,Male,111.0,1.62,189,165,70,1.19,1075.0,Cardio,22.4,3.1,3,3,42.3
36,Male,87.7,1.89,186,134,59,1.85,1340.0,Strength,16.1,3.4,5,3,24.55
48,Female,43.2,1.69,193,127,70,1.08,809.0,HIIT,25.8,1.6,4,2,15.13
18,Female,55.6,1.79,177,141,71,0.5,473.0,HIIT,30.8,2.9,3,2,17.35
45,Female,46.2,1.66,181,147,61,1.48,961.0,HIIT,24.7,1.7,3,2,16.77
26,Female,69.1,1.54,168,122,66,0.95,682.0,Yoga,34.6,2.5,4,1,29.14
59,Female,58.9,1.61,165,169,60,1.61,1322.0,Strength,21.3,3.1,3,2,22.72
59,Male,83.2,1.75,192,152,65,1.03,798.0,Strength,27.0,3.3,5,1,27.17
46,Male,69.6,1.75,176,134,50,1.46,934.0,Strength,28.2,3.7,2,1,22.73
32,Female,81.6,1.7,169,133,74,1.45,796.0,Yoga,32.2,2.6,3,1,28.24
51,Female,71.1,1.82,167,164,74,1.15,765.0,Yoga,32.6,1.6,4,3,21.46
37,Male,61.7,1.75,173,150,58,1.43,1087.0,Strength,29.5,1.9,3,1,20.15
54,Male,108.2,1.73,187,161,66,0.5,419.0,Strength,29.5,3.2,3,2,36.15
23,Female,62.9,1.5,184,133,72,1.27,780.0,Cardio,30.4,2.1,4,2,27.96
20,Female,75.5,1.72,193,165,71,1.34,937.0,HIIT,34.7,2.3,4,1,25.52
34,Female,60.5,1.75,193,145,69,1.8,1321.0,Yoga,16.0,3.1,4,3,19.76
46,Female,58.7,1.5,193,144,66,1.71,1165.0,Cardio,19.7,2.5,5,3,26.09
27,Male,85.0,1.88,185,167,55,0.63,600.0,Strength,26.7,3.4,3,1,24.05
33,Female,60.0,1.67,175,137,74,2.0,1281.0,Strength,18.7,3.1,5,2,21.51
32,Female,71.5,1.8,174,148,54,1.21,973.0,Yoga,28.4,2.3,4,2,22.07
28,Male,49.7,1.91,165,120,70,1.15,803.0,Yoga,29.4,1.5,3,1,13.62
55,Male,41.7,1.74,199,130,68,0.59,702.0,Cardio,26.8,3.7,3,1,13.77
44,Male,91.1,2.0,191,139,55,1.32,984.0,HIIT,30.0,2.2,3,3,22.78
41,Male,69.8,1.75,167,155,54,1.34,828.0,HIIT,26.5,2.3,2,3,22.79
41,Male,66.1,1.68,187,147,65,0.76,444.0,Yoga,26.6,3.7,2,2,23.42
57,Female,69.0,1.57,197,149,72,1.11,798.0,HIIT,25.5,2.2,5,3,27.99
22,Male,72.6,1.99,163,137,50,1.31,1140.0,Yoga,23.4,3.0,5,1,18.33
53,Female,64.1,1.68,177,153,73,1.26,1027.0,HIIT,32.1,1.5,4,3,22.71
54,Female,75.2,1.64,190,165,64,1.07,830.0,Cardio,27.2,1.5,3,2,27.96
41,Female,75.5,1.51,184,142,68,1.08,909.0,Cardio,31.7,1.6,2,1,33.11
44,Female,67.7,1.66,175,164,74,0.78,535.0,HIIT,29.9,2.0,3,1,24.57
48,Male,78.7,1.75,190,127,73,1.34,867.0,Yoga,30.5,3.0,3,2,25.7
41,Female,54.5,1.63,173,128,54,2.0,1023.0,Cardio,21.0,2.2,4,2,20.51
30,Male,49.0,1.77,199,123,65,0.85,794.0,Strength,26.9,2.3,3,3,15.64
29,Male,46.1,1.98,199,144,54,1.22,1101.0,Cardio,20.8,3.2,2,2,11.76
29,Female,63.2,1.61,165,169,72,1.59,1335.0,HIIT,12.2,2.3,3,3,24.38
52,Female,61.1,1.58,187,149,53,1.29,923.0,Cardio,30.9,2.2,5,3,24.48
59,Male,92.0,1.71,187,157,67,1.05,758.0,Yoga,25.8,3.5,2,1,31.46
34,Female,49.9,1.63,168,153,56,1.44,1145.0,Yoga,32.3,2.6,4,3,18.78
59,Female,63.6,1.51,173,135,50,1.73,1042.0,Strength,17.0,2.8,4,3,27.89
32,Female,69.2,1.74,181,148,72,0.73,627.0,Strength,29.8,1.5,2,1,22.86
53,Female,62.8,1.68,194,128,71,1.06,728.0,HIIT,31.8,1.5,2,1,22.25
40,Male,85.6,1.81,187,149,68,1.63,1150.0,Yoga,13.9,3.0,4,3,26.13
28,Female,55.6,1.77,178,146,60,0.95,827.0,Strength,34.4,2.5,4,3,17.75
53,Female,68.0,1.52,171,155,58,1.3,1096.0,Strength,29.2,1.6,5,2,29.43
26,Female,69.9,1.77,179,129,65,0.77,604.0,Yoga,31.1,1.5,3,1,22.31
55,Female,54.9,1.58,166,147,68,1.72,1096.0,HIIT,16.5,2.4,4,3,21.99
18,Female,51.6,1.67,190,144,66,1.37,863.0,Yoga,28.6,2.0,4,1,18.5
51,Female,68.3,1.76,199,127,58,1.3,672.0,HIIT,29.1,2.8,2,2,22.05
48,Female,51.6,1.5,176,146,59,1.42,802.0,HIIT,32.4,2.3,3,2,22.93
55,Female,56.5,1.82,176,120,72,0.94,603.0,Yoga,31.5,2.4,5,2,17.06
40,Female,57.1,1.56,186,129,53,1.65,1173.0,HIIT,15.0,3.1,5,2,23.46
46,Male,57.6,1.7,171,147,58,1.33,903.0,Strength,20.0,2.2,4,1,19.93
25,Male,74.1,1.68,172,134,62,0.74,574.0,Cardio,24.0,2.2,3,1,26.25
36,Female,56.8,1.74,178,144,59,2.0,1511.0,Yoga,22.2,2.8,4,3,18.76
48,Male,77.6,1.83,165,153,74,1.48,1118.0,HIIT,18.2,3.7,5,3,23.17
52,Male,89.6,1.64,171,120,70,0.89,437.0,Cardio,23.6,2.3,2,1,33.31
32,Female,75.7,1.69,186,132,58,1.04,915.0,HIIT,32.1,1.9,3,2,26.5
49,Male,91.4,1.69,171,152,63,0.89,645.0,Yoga,23.1,3.0,3,2,32.0
31,Female,65.1,1.72,185,157,50,0.82,684.0,Cardio,28.9,2.6,2,2,22.01
51,Female,81.2,1.65,197,146,73,0.87,755.0,Yoga,35.0,2.6,4,3,29.83
57,Female,75.5,1.69,180,157,67,0.91,650.0,Cardio,30.2,2.0,3,3,26.43
35,Male,128.1,1.83,182,163,66,1.22,1132.0,Strength,30.2,2.9,4,3,38.25
30,Male,109.5,1.84,174,120,72,1.32,924.0,Cardio,27.7,2.1,5,1,32.34
59,Male,85.9,1.75,186,129,50,1.71,1167.0,Yoga,11.4,3.2,4,3,28.05
41,Female,66.9,1.57,171,135,63,0.89,553.0,Yoga,30.0,2.2,3,2,27.14
52,Female,76.9,1.5,160,158,59,1.4,980.0,Strength,27.3,1.5,3,3,34.18
40,Male,97.6,1.87,193,140,50,0.72,585.0,Yoga,20.9,1.7,4,1,27.91
38,Male,74.5,1.98,163,162,50,0.64,398.0,Yoga,26.2,3.1,2,1,19.0
49,Female,70.7,1.74,177,147,50,1.24,819.0,Cardio,30.3,2.1,4,1,23.35
38,Male,50.3,1.63,194,125,72,0.84,718.0,HIIT,22.2,3.7,3,2,18.93
51,Male,74.0,1.6,176,155,50,1.58,893.0,Cardio,26.7,3.7,2,2,28.91
38,Male,103.5,1.94,179,168,54,0.59,389.0,Cardio,29.2,3.7,3,1,27.5
35,Male,70.0,1.65,166,132,60,0.63,529.0,Cardio,25.3,3.7,2,1,25.71
29,Male,85.3,1.91,182,127,69,1.36,940.0,Yoga,10.6,3.1,5,3,23.38
36,Female,80.5,1.74,187,134,57,1.03,740.0,Cardio,24.3,1.9,4,2,26.59
54,Female,44.9,1.64,188,125,70,1.37,859.0,Strength,33.6,1.9,4,2,16.69
43,Female,73.7,1.79,199,169,53,1.5,1116.0,HIIT,26.6,1.9,2,1,23.0
31,Female,61.1,1.59,175,130,63,1.12,710.0,Strength,32.5,1.5,2,3,24.17
32,Female,75.6,1.66,179,122,73,1.35,834.0,Yoga,28.5,2.4,3,3,27.44
21,Male,80.5,1.8,187,154,68,1.79,1407.0,HIIT,13.7,3.3,5,2,24.85
55,Male,46.5,1.78,185,135,67,1.17,689.0,Yoga,25.8,3.0,2,3,14.68
27,Female,53.2,1.5,184,161,56,1.58,1392.0,Cardio,21.9,2.1,5,2,23.64
40,Male,85.4,1.79,173,160,71,1.46,1163.0,HIIT,11.2,3.1,4,2,26.65
36,Female,67.2,1.67,181,120,73,1.56,959.0,Strength,12.2,3.0,5,2,24.1
55,Female,71.2,1.77,162,153,70,1.31,860.0,Cardio,25.9,1.5,2,1,22.73
44,Male,81.0,1.85,188,135,63,1.82,1083.0,HIIT,14.7,3.5,4,3,23.67
27,Female,78.3,1.6,193,135,68,1.24,843.0,Strength,28.9,1.8,2,2,30.59
29,Male,120.0,1.85,178,123,50,0.97,638.0,Cardio,22.7,2.2,2,2,35.06
49,Male,84.7,1.76,177,154,53,1.82,1290.0,Yoga,15.0,3.7,3,2,27.34
28,Male,121.3,1.83,180,120,52,1.2,586.0,Cardio,17.3,2.2,3,2,36.22
58,Male,76.7,1.89,160,142,72,1.23,889.0,Yoga,27.5,2.6,3,2,21.47
20,Female,60.4,1.68,181,131,54,1.5,959.0,HIIT,34.7,3.0,2,2,21.4
46,Male,57.2,2.0,187,165,65,0.96,688.0,HIIT,26.5,3.1,4,1,14.3
24,Male,112.0,1.8,184,120,70,1.06,786.0,HIIT,23.2,2.3,4,1,34.57
40,Male,89.8,2.0,185,135,66,1.46,1219.0,Yoga,10.0,3.7,5,3,22.45
59,Male,82.0,1.63,183,160,60,1.39,875.0,Strength,23.8,3.5,4,2,30.86
52,Female,71.3,1.67,182,155,70,0.94,843.0,Yoga,33.6,2.4,3,1,25.57
48,Female,68.8,1.53,162,139,55,0.61,496.0,Strength,30.7,2.6,2,1,29.39
32,Male,127.9,1.86,196,149,58,1.24,885.0,HIIT,28.0,2.4,2,2,36.97
39,Female,68.2,1.77,180,123,50,1.43,867.0,Strength,24.5,2.5,3,1,21.77
53,Female,51.7,1.77,191,145,55,1.54,1028.0,Strength,18.6,2.3,5,2,16.5
23,Female,57.1,1.79,190,139,62,1.64,1231.0,Yoga,20.5,2.6,5,2,17.82
38,Male,91.4,1.85,195,134,56,1.84,1502.0,Strength,11.5,3.1,5,3,26.71
59,Male,123.4,1.8,172,160,67,1.54,1049.0,HIIT,21.9,2.9,4,1,38.09
28,Female,44.3,1.62,162,165,58,1.08,903.0,HIIT,30.8,1.6,2,2,16.88
28,Female,67.6,1.52,175,136,72,1.68,1226.0,Cardio,20.3,2.8,5,3,29.26
59,Female,66.0,1.58,162,120,51,1.13,641.0,HIIT,30.4,2.0,2,1,26.44
45,Female,40.0,1.76,193,139,55,1.49,909.0,HIIT,34.2,1.5,3,3,12.91
22,Female,56.3,1.57,181,133,74,1.5,1072.0,Strength,14.4,2.3,4,3,22.84
43,Male,83.3,1.75,165,135,54,0.88,605.0,Yoga,28.3,3.3,2,1,27.2
33,Male,102.1,1.65,188,146,55,1.29,1069.0,HIIT,30.9,2.2,3,3,37.5
53,Male,83.7,1.84,166,128,74,1.98,1244.0,Yoga,12.1,3.3,5,2,24.72
21,Female,60.6,1.5,199,132,63,1.06,856.0,Yoga,27.7,1.7,3,1,26.93
24,Female,58.8,1.74,191,144,59,1.75,1274.0,Yoga,17.4,2.7,5,2,19.42
21,Male,86.7,1.96,161,143,74,1.64,1309.0,HIIT,11.1,3.5,4,3,22.57
52,Female,70.2,1.6,196,158,68,1.21,807.0,Cardio,32.6,2.3,4,2,27.42
43,Female,56.8,1.72,182,152,58,1.48,1118.0,Cardio,17.2,2.8,3,3,19.2
19,Male,61.7,1.88,162,144,67,0.58,509.0,Strength,22.8,2.3,2,2,17.46
23,Male,81.8,1.83,179,124,56,1.57,1071.0,Cardio,10.2,3.7,4,3,24.43
30,Male,82.2,1.76,186,143,50,1.57,1351.0,Yoga,17.0,3.4,4,3,26.54
24,Female,72.1,1.58,161,164,53,1.05,885.0,HIIT,27.2,1.5,2,1,28.88
49,Female,45.9,1.66,178,134,67,0.5,305.0,Cardio,25.4,1.7,4,1,16.66
37,Female,78.3,1.68,179,132,51,1.37,870.0,HIIT,31.4,1.8,4,1,27.74
46,Male,60.5,1.73,194,141,64,1.31,888.0,Cardio,22.8,3.1,3,1,20.21
48,Male,89.7,1.87,174,160,60,1.78,1392.0,Yoga,15.2,3.2,4,3,25.65
27,Female,73.2,1.83,178,151,60,1.2,997.0,Yoga,26.9,1.8,3,3,21.86
21,Female,60.2,1.61,173,151,68,1.99,1390.0,Yoga,13.6,3.7,5,3,23.22
18,Female,71.9,1.62,182,124,56,1.51,800.0,HIIT,26.2,1.5,2,1,27.4
46,Male,54.9,1.85,175,156,54,1.36,1166.0,Cardio,26.2,2.9,5,3,16.04
53,Male,79.5,1.83,166,138,57,1.6,1160.0,HIIT,12.8,3.5,5,2,23.74
53,Male,112.5,1.95,166,128,62,1.42,897.0,HIIT,28.7,2.9,3,2,29.59
19,Female,67.3,1.77,168,169,74,1.12,977.0,Strength,23.1,1.9,2,2,21.48
44,Female,61.3,1.62,193,142,73,2.0,1366.0,Cardio,18.3,3.0,5,3,23.36
26,Male,98.5,1.83,168,139,67,1.02,857.0,Cardio,27.9,3.1,4,2,29.41
30,Male,89.9,1.87,177,132,54,1.47,1300.0,Yoga,10.0,3.7,4,3,25.71
28,Male,79.7,1.58,175,151,50,1.21,982.0,Yoga,19.3,3.5,4,3,31.93
40,Male,77.2,1.82,172,162,74,1.44,1458.0,Strength,13.4,3.4,4,2,23.31
18,Female,73.8,1.76,196,129,50,1.53,961.0,HIIT,26.1,2.0,3,3,23.82
35,Female,78.7,1.77,194,140,63,1.01,695.0,Cardio,25.0,2.0,4,2,25.12
58,Male,91.6,1.69,180,155,58,1.57,1406.0,Yoga,10.3,3.5,4,3,32.07
20,Male,66.0,1.57,199,142,67,0.66,611.0,HIIT,23.7,3.3,2,1,26.78
54,Female,50.5,1.55,165,154,65,0.96,759.0,HIIT,27.9,2.5,2,1,21.02
28,Female,63.4,1.68,199,160,67,1.04,736.0,Cardio,29.1,2.0,2,1,22.46
55,Male,71.1,1.6,173,145,50,1.43,1060.0,Cardio,23.6,3.7,4,3,27.77
18,Female,46.5,1.68,182,126,65,1.04,962.0,HIIT,34.7,1.5,3,2,16.48
34,Female,72.4,1.5,198,135,63,0.61,447.0,Cardio,31.0,1.5,3,1,32.18
59,Male,88.4,1.7,174,149,68,1.72,1263.0,Yoga,10.0,3.7,5,2,30.59
32,Male,97.6,1.74,194,148,74,1.33,1033.0,Strength,24.9,2.4,4,1,32.24
51,Female,72.0,1.52,179,139,58,1.29,774.0,Yoga,27.3,1.9,2,2,31.16
24,Male,97.6,1.93,193,162,74,1.72,1310.0,Cardio,24.4,1.9,4,1,26.2
18,Male,56.5,1.58,173,164,68,1.0,991.0,Yoga,23.0,3.4,4,1,22.63
29,Male,115.0,1.89,184,169,54,1.21,983.0,Strength,19.1,3.7,4,1,32.19
35,Male,55.9,1.79,171,128,55,1.25,971.0,Strength,21.2,2.5,4,3,17.45
39,Female,64.4,1.61,195,147,66,1.63,1161.0,Yoga,17.6,3.4,5,3,24.84
21,Female,68.3,1.65,183,120,63,1.38,866.0,HIIT,22.3,1.8,2,1,25.09
48,Female,69.7,1.71,165,169,73,0.89,796.0,Yoga,35.0,2.0,3,1,23.84
31,Male,85.4,1.62,181,120,70,1.68,1319.0,Cardio,15.4,3.6,4,3,32.54
47,Male,85.9,1.88,168,160,66,1.36,1138.0,Yoga,24.0,3.7,2,3,24.3
24,Female,65.5,1.63,182,156,69,1.42,1004.0,HIIT,34.6,2.2,2,2,24.65
49,Female,63.9,1.62,162,130,62,0.99,488.0,HIIT,35.0,2.5,2,1,24.35
53,Female,61.8,1.72,179,154,69,1.49,894.0,HIIT,33.5,1.5,3,2,20.89
19,Male,83.1,1.88,182,133,56,1.89,1309.0,Strength,10.6,3.6,4,3,23.51
24,Female,60.6,1.58,183,145,52,1.63,1000.0,Yoga,27.3,2.7,4,2,24.27
38,Male,71.8,1.68,183,135,67,0.63,461.0,Strength,25.8,3.1,4,1,25.44
27,Female,40.0,1.63,173,168,58,1.07,854.0,HIIT,32.9,1.5,2,1,15.06
38,Female,46.9,1.64,196,146,61,1.17,772.0,HIIT,31.7,2.5,4,1,17.44
48,Male,63.9,1.66,169,148,57,1.49,984.0,Strength,21.1,2.7,3,2,23.19
58,Male,90.2,1.75,170,150,62,1.68,1069.0,Cardio,26.5,3.7,2,2,29.45
54,Male,102.2,1.76,181,130,50,1.12,795.0,Yoga,28.0,3.1,2,2,32.99
35,Male,102.9,1.52,188,147,74,1.35,1067.0,Strength,27.4,3.3,4,3,44.54
30,Male,77.0,1.72,172,125,60,1.56,917.0,HIIT,21.8,2.7,5,1,26.03
56,Female,62.0,1.66,176,143,66,1.2,708.0,Strength,25.9,2.1,2,1,22.5
59,Male,83.0,1.77,191,169,74,1.32,1104.0,Strength,26.3,2.8,2,3,26.49
43,Female,67.4,1.63,188,147,67,1.18,874.0,Strength,33.7,2.4,2,1,25.37
53,Female,70.4,1.51,177,139,62,0.55,422.0,HIIT,23.9,1.5,3,1,30.88
38,Female,50.4,1.69,199,122,72,1.43,761.0,Strength,33.8,1.5,2,2,17.65
25,Male,86.8,1.93,181,141,63,1.84,1478.0,Cardio,14.3,3.7,5,3,23.3
21,Male,85.6,1.91,164,131,60,1.82,1331.0,HIIT,11.4,3.4,5,2,23.46
35,Male,72.2,1.89,178,143,74,1.19,971.0,Strength,27.2,2.7,5,2,20.21
27,Male,110.9,1.82,186,169,56,1.23,926.0,Strength,24.1,3.0,2,2,33.48
45,Female,69.1,1.56,195,169,52,1.67,1013.0,Strength,26.7,1.9,4,3,28.39
48,Male,81.5,1.95,189,163,74,2.0,1517.0,Yoga,14.7,3.7,4,3,21.43
30,Female,69.8,1.65,164,126,54,1.32,659.0,Cardio,32.0,2.2,5,2,25.64
53,Female,40.7,1.5,175,127,73,0.99,739.0,HIIT,30.3,1.7,4,1,18.09
45,Female,40.0,1.72,187,141,55,1.47,906.0,HIIT,35.0,1.9,2,1,13.52
39,Male,79.6,1.75,164,165,73,1.63,1629.0,Strength,12.6,3.7,4,3,25.99
58,Female,45.9,1.51,188,154,61,1.12,811.0,HIIT,31.4,2.2,4,1,20.13
50,Male,86.0,2.0,186,156,62,1.9,1428.0,HIIT,11.4,3.7,5,3,21.5
30,Female,56.8,1.73,193,125,70,1.29,787.0,HIIT,31.6,3.0,2,1,18.98
30,Male,77.5,1.59,165,162,67,1.09,1085.0,Strength,19.6,2.6,2,2,30.66
50,Female,47.4,1.6,176,156,51,1.22,786.0,Cardio,25.8,1.9,5,2,18.52
29,Male,77.7,1.81,162,130,64,0.58,565.0,Cardio,28.8,2.4,3,1,23.72
48,Male,98.2,1.93,199,149,63,0.87,588.0,HIIT,21.3,2.3,2,1,26.36
40,Female,51.6,1.59,185,153,65,1.65,1261.0,Yoga,17.6,2.8,3,2,20.41
55,Male,56.9,1.71,163,158,71,0.94,537.0,Cardio,25.2,2.9,3,1,19.46
44,Female,42.5,1.66,160,154,62,1.41,915.0,Cardio,33.9,2.3,3,1,15.42
53,Female,63.1,1.57,171,125,50,1.71,1076.0,Strength,15.1,3.6,4,3,25.6
32,Female,61.6,1.78,194,126,59,0.75,440.0,Yoga,29.8,2.3,3,2,19.44
43,Male,72.4,1.99,184,164,67,1.44,1054.0,HIIT,24.0,3.3,3,3,18.28
46,Female,58.5,1.55,164,145,54,1.9,1194.0,HIIT,17.7,2.4,4,3,24.35
30,Male,91.5,1.89,169,143,51,0.6,482.0,Yoga,30.2,2.6,2,2,25.62
30,Female,63.0,1.66,182,120,74,1.83,960.0,Strength,14.2,2.2,5,3,22.86
33,Male,88.9,1.67,186,156,69,1.87,1582.0,HIIT,10.0,3.5,5,3,31.88
30,Female,68.9,1.68,189,127,71,0.8,486.0,HIIT,28.6,1.5,2,1,24.41
22,Female,75.0,1.73,195,165,65,1.18,1103.0,HIIT,35.0,2.4,4,2,25.06
36,Male,44.7,1.91,195,140,50,1.35,1181.0,Cardio,20.4,2.9,4,2,12.25
50,Male,50.8,1.76,171,137,70,0.91,525.0,HIIT,25.2,1.7,3,1,16.4
34,Female,74.7,1.59,181,122,55,1.54,707.0,Strength,24.5,1.5,3,2,29.55
59,Male,84.4,1.81,179,120,56,1.24,697.0,Cardio,24.4,2.3,2,2,25.76
29,Male,103.3,1.85,178,120,54,1.43,966.0,Cardio,20.6,3.0,3,2,30.18
55,Female,75.3,1.66,186,150,56,1.32,979.0,Yoga,34.9,2.8,3,1,27.33
35,Male,114.3,1.65,167,128,59,0.81,834.0,HIIT,26.8,2.5,2,1,41.98
54,Male,61.4,1.64,172,126,74,0.5,311.0,Cardio,19.1,3.5,3,1,22.83
45,Female,58.6,1.71,187,146,58,1.05,794.0,Yoga,35.0,2.4,2,2,20.04
48,Female,50.6,1.78,187,127,55,0.78,388.0,Cardio,25.1,2.9,2,1,15.97
34,Female,70.1,1.53,174,131,61,1.08,560.0,Yoga,35.0,2.1,4,3,29.95
25,Female,73.3,1.55,183,120,59,1.55,784.0,HIIT,26.2,1.8,2,1,30.51
49,Male,54.5,1.91,178,164,57,1.5,1031.0,Cardio,26.7,2.6,3,3,14.94
22,Female,74.1,1.62,199,135,69,1.02,704.0,Strength,25.1,2.4,3,1,28.24
59,Male,108.6,1.65,189,122,50,1.25,639.0,Yoga,25.4,3.1,3,2,39.89
42,Male,80.5,1.69,173,145,70,2.0,1411.0,HIIT,10.0,3.6,5,2,28.19
39,Male,56.9,1.95,166,137,60,1.26,959.0,Cardio,29.3,3.7,5,2,14.96
59,Female,54.7,1.65,191,130,71,1.47,860.0,Strength,33.4,2.4,4,3,20.09
53,Male,79.4,1.85,198,151,71,1.32,955.0,Strength,30.5,3.3,3,2,23.2
24,Female,66.3,1.71,182,162,64,1.07,969.0,HIIT,24.3,1.5,2,1,22.67
31,Female,46.7,1.75,168,146,67,1.16,917.0,Strength,34.5,1.6,4,1,15.25
40,Male,82.1,1.68,167,129,59,0.96,642.0,Cardio,26.3,3.2,3,3,29.09
26,Male,90.4,2.0,163,152,54,1.85,1510.0,Cardio,10.0,3.2,5,2,22.6
26,Male,65.8,1.9,170,130,68,1.03,821.0,HIIT,21.8,2.9,2,1,18.23
53,Male,74.8,1.62,193,148,63,1.59,972.0,Strength,20.1,2.1,4,3,28.5
37,Male,91.8,1.58,172,138,50,1.04,837.0,Cardio,23.7,2.4,3,1,36.77
43,Male,96.1,1.86,174,120,71,1.23,707.0,HIIT,25.4,3.0,4,2,27.78
18,Female,70.5,1.68,184,166,74,0.74,647.0,Strength,35.0,2.3,3,1,24.98
24,Male,111.3,1.85,191,131,51,0.67,585.0,Yoga,24.3,2.9,2,1,32.52
24,Female,59.6,1.55,167,154,64,1.35,1119.0,Yoga,29.1,2.1,3,2,24.81
40,Male,83.0,1.77,188,139,68,1.67,1380.0,Yoga,10.9,3.7,5,2,26.49
24,Female,75.8,1.64,165,157,66,1.25,980.0,Strength,31.3,1.5,5,2,28.18
23,Male,105.1,1.81,183,124,52,1.34,835.0,Cardio,19.2,3.4,2,1,32.08
48,Male,102.7,1.58,188,123,52,1.24,855.0,Yoga,23.6,2.6,5,1,41.14
43,Female,66.5,1.75,197,150,70,0.96,666.0,HIIT,28.5,2.2,3,1,21.71
53,Male,129.9,1.99,160,123,63,1.09,690.0,Strength,25.9,3.6,2,1,32.8
54,Female,58.5,1.7,199,152,70,1.78,1299.0,HIIT,14.7,2.1,4,3,20.24
29,Male,128.3,1.77,165,162,66,1.46,1131.0,Strength,29.6,3.2,2,1,40.95
37,Male,107.5,1.97,196,139,50,0.9,699.0,Yoga,25.0,2.4,2,1,27.7
35,Male,111.2,1.68,168,133,56,0.92,861.0,Cardio,26.0,3.5,3,2,39.4
31,Female,51.3,1.79,190,122,63,0.9,485.0,Yoga,33.6,2.6,4,1,16.01
22,Male,70.4,1.96,199,153,61,1.21,966.0,Yoga,23.9,3.5,3,3,18.33
19,Male,112.8,1.83,179,124,68,1.1,733.0,Strength,26.7,2.9,4,1,33.68
43,Male,92.3,1.66,160,140,63,0.67,551.0,Strength,29.0,3.7,2,2,33.5
29,Male,129.9,1.79,169,156,74,1.04,893.0,Strength,23.1,3.6,3,2,40.54
46,Male,44.9,1.61,170,142,67,1.25,746.0,Strength,22.9,1.8,2,1,17.32
51,Female,50.1,1.67,181,152,64,1.33,961.0,HIIT,24.5,1.7,2,1,17.96
48,Male,83.8,1.78,194,140,63,1.72,1098.0,Strength,10.6,3.5,5,3,26.45
35,Female,71.4,1.67,160,122,70,1.23,711.0,HIIT,31.7,1.9,3,2,25.6
51,Male,88.6,1.54,160,136,70,1.64,952.0,Cardio,10.6,3.7,5,3,37.36
42,Male,51.2,1.66,164,151,58,1.19,784.0,Strength,17.6,2.7,5,1,18.58
21,Female,57.1,1.51,183,162,65,1.07,823.0,Cardio,31.2,2.5,2,1,25.04
21,Female,72.5,1.53,171,167,56,1.15,873.0,HIIT,24.1,2.0,3,1,30.97
45,Female,52.0,1.78,167,161,50,1.27,994.0,Strength,29.8,1.8,2,3,16.41
58,Male,84.4,1.92,174,160,50,2.0,1504.0,Strength,14.2,3.2,5,2,22.89
49,Male,104.8,1.8,190,133,59,1.29,774.0,HIIT,17.3,3.7,3,1,32.35
48,Female,69.3,1.66,186,169,51,0.87,675.0,Strength,32.0,2.3,2,1,25.15
18,Female,76.0,1.66,179,150,66,1.0,811.0,Strength,28.3,2.7,4,2,27.58
40,Female,67.0,1.7,166,153,61,1.27,974.0,Yoga,29.5,2.3,2,1,23.18
56,Female,57.1,1.69,160,149,66,1.67,1138.0,Cardio,14.3,3.0,3,3,19.99
58,Male,86.0,1.65,194,149,65,1.12,839.0,Strength,29.8,3.2,4,3,31.59
50,Male,75.5,1.6,193,135,55,1.38,932.0,Yoga,20.8,2.4,4,2,29.49
29,Male,116.3,1.95,182,132,74,1.61,1010.0,Cardio,23.0,2.4,2,2,30.59
21,Female,44.1,1.77,160,169,67,1.29,1076.0,HIIT,26.2,2.4,4,3,14.08
24,Female,76.1,1.73,174,141,63,1.39,956.0,Strength,31.5,1.7,3,1,25.43
22,Male,119.7,1.65,187,131,65,0.65,696.0,Cardio,26.6,1.9,4,1,43.97
57,Male,56.4,1.69,166,140,52,1.37,907.0,Cardio,23.8,3.7,3,3,19.75
38,Female,67.7,1.65,190,160,69,0.99,845.0,Cardio,34.7,1.8,3,1,24.87
33,Male,119.5,1.98,171,140,67,0.69,466.0,Yoga,22.5,2.7,2,1,30.48
50,Male,57.7,1.87,184,133,67,1.12,711.0,Yoga,28.5,2.3,3,1,16.5
36,Male,70.9,1.77,199,147,72,1.0,702.0,HIIT,31.3,2.9,3,2,22.63
52,Male,48.2,1.78,165,120,74,1.18,860.0,Yoga,24.1,2.3,5,3,15.21
51,Female,46.0,1.81,160,154,74,1.27,986.0,Yoga,25.3,1.5,4,3,14.04
21,Female,73.5,1.6,161,169,57,1.0,955.0,HIIT,22.4,1.7,3,2,28.71
23,Male,104.8,1.91,165,136,65,1.14,716.0,Yoga,29.3,2.9,2,2,28.73
34,Male,129.9,1.6,188,125,70,0.95,633.0,Strength,25.4,2.7,4,2,50.74
21,Male,86.4,1.96,174,141,57,1.47,1259.0,Cardio,10.0,3.7,5,3,22.49
44,Female,57.8,1.67,178,154,53,1.08,1000.0,HIIT,30.3,3.0,4,2,20.73
58,Female,68.1,1.5,170,138,69,1.19,1012.0,HIIT,29.1,1.6,4,3,30.27
18,Male,114.2,2.0,198,127,63,1.16,701.0,Cardio,22.9,2.1,4,2,28.55
36,Male,129.9,1.82,174,167,74,1.2,1171.0,Strength,27.9,3.3,4,2,39.22
46,Female,69.3,1.57,173,153,55,1.42,889.0,Strength,27.4,2.5,2,1,28.11
25,Female,57.3,1.52,186,156,55,1.35,1310.0,Cardio,19.4,2.7,5,3,24.8
20,Male,81.5,1.96,185,150,63,1.85,1468.0,HIIT,14.7,3.4,3,3,21.22
32,Female,48.9,1.58,199,150,55,1.18,854.0,Cardio,25.8,1.7,3,2,19.59
50,Male,56.2,1.71,164,157,71,0.71,501.0,Cardio,25.7,3.2,2,1,19.22
59,Female,64.5,1.73,189,157,52,0.82,809.0,Yoga,32.7,2.3,2,2,21.55
52,Male,128.4,1.77,191,149,57,0.73,506.0,Yoga,20.7,3.4,3,1,40.98
55,Female,72.1,1.57,162,129,67,1.46,779.0,HIIT,30.0,2.0,5,3,29.25
26,Female,62.0,1.5,183,138,74,1.5,1355.0,Cardio,20.2,2.1,5,3,27.56
48,Male,91.1,1.61,167,128,74,1.58,1063.0,Cardio,10.0,3.4,4,3,35.15
48,Male,68.0,1.96,164,135,69,1.18,647.0,Strength,24.0,1.8,2,1,17.7
19,Male,72.2,1.7,184,120,74,1.4,771.0,Yoga,26.8,3.0,3,2,24.98
28,Male,103.2,1.83,199,120,60,1.43,1031.0,HIIT,26.4,3.7,3,3,30.82
19,Female,55.7,1.81,184,142,53,1.41,917.0,HIIT,33.0,2.7,3,1,17.0
41,Female,62.8,1.83,183,163,74,2.0,1448.0,Yoga,20.8,2.6,4,2,18.75
30,Female,61.5,1.65,191,126,74,1.52,941.0,Strength,17.0,3.2,4,3,22.59
22,Male,115.2,1.97,190,123,59,1.09,800.0,Cardio,26.1,2.8,4,2,29.68
54,Female,63.1,1.6,162,121,56,0.97,643.0,HIIT,21.0,2.0,3,3,24.65
30,Male,122.0,1.81,188,130,51,1.31,873.0,HIIT,22.1,3.4,4,2,37.24
55,Male,68.9,1.82,174,169,60,1.23,1015.0,Strength,22.3,2.3,5,1,20.8
23,Female,66.0,1.72,166,163,72,1.43,1031.0,Strength,27.2,1.5,2,2,22.31
23,Male,105.6,1.84,169,135,52,0.85,632.0,Yoga,29.1,2.7,5,2,31.19
42,Female,55.5,1.76,169,162,65,1.69,1242.0,Cardio,14.2,2.4,4,2,17.92
22,Male,80.8,1.99,188,134,74,1.91,1475.0,Yoga,14.2,3.2,3,3,20.4
38,Male,66.1,1.61,199,163,59,0.75,648.0,Yoga,30.3,1.5,3,1,25.5
42,Female,64.6,1.53,170,120,52,0.99,480.0,HIIT,24.9,1.9,3,3,27.6
36,Female,57.3,1.58,190,130,56,1.0,782.0,Cardio,31.9,2.1,3,2,22.95
19,Female,61.7,1.75,195,127,65,1.26,714.0,Cardio,30.5,1.5,3,1,20.15
19,Female,53.4,1.77,175,137,68,0.5,367.0,HIIT,32.2,1.9,2,1,17.04
52,Male,109.7,1.68,184,166,69,1.3,1046.0,Cardio,18.5,3.2,2,3,38.87
28,Female,60.0,1.6,194,140,54,1.48,998.0,Yoga,24.5,1.9,4,1,23.44
34,Female,53.4,1.52,166,152,60,1.43,1003.0,Strength,32.2,2.1,2,2,23.11
42,Male,74.0,1.93,179,140,61,1.24,884.0,Cardio,31.5,3.2,2,1,19.87
56,Male,126.2,1.95,162,131,66,1.02,531.0,Strength,25.5,3.3,2,2,33.19
28,Female,76.7,1.62,199,135,69,0.82,734.0,Strength,27.2,2.0,3,1,29.23
31,Female,57.1,1.51,190,138,55,1.63,1245.0,Strength,19.2,3.1,5,3,25.04
55,Male,89.2,1.57,198,124,61,1.28,845.0,Strength,19.8,3.7,4,1,36.19
29,Male,88.7,1.62,193,160,68,1.76,1604.0,HIIT,13.2,3.7,3,3,33.8
47,Male,110.0,1.63,199,154,63,1.23,994.0,Cardio,29.1,3.0,3,3,41.4
35,Male,105.4,1.56,183,146,70,1.63,1144.0,Strength,28.1,3.2,5,1,43.31
44,Female,63.4,1.74,170,160,50,1.02,718.0,Yoga,26.7,2.7,3,1,20.94
56,Female,61.6,1.52,193,157,68,1.36,956.0,Strength,32.9,2.0,2,2,26.66
20,Female,72.6,1.78,181,121,59,0.89,526.0,HIIT,29.9,1.5,3,2,22.91
18,Male,127.3,1.66,172,150,64,1.66,1237.0,Yoga,15.3,2.3,4,3,46.2
31,Female,81.7,1.79,164,127,60,1.35,1001.0,Cardio,26.4,2.6,5,1,25.5
43,Female,75.5,1.64,174,156,52,1.44,939.0,Strength,23.6,1.8,3,1,28.07
36,Male,85.3,1.61,179,122,72,1.55,1112.0,Cardio,14.2,3.4,4,3,32.91
47,Male,85.3,2.0,190,160,64,1.87,1512.0,HIIT,13.8,3.3,4,2,21.32
45,Male,82.6,1.83,192,157,63,1.79,1230.0,Yoga,12.5,3.7,4,2,24.66
59,Female,48.5,1.81,161,130,70,0.8,425.0,Strength,27.2,3.0,2,1,14.8
20,Male,121.7,1.74,177,131,69,0.96,714.0,Strength,26.2,3.2,4,3,40.2
53,Male,85.7,1.56,194,120,58,1.77,1166.0,Strength,12.5,3.6,5,3,35.22
27,Male,111.0,1.97,189,129,72,1.19,1114.0,Cardio,24.8,2.5,3,1,28.6
59,Male,60.1,1.86,195,139,56,1.32,925.0,Strength,23.0,3.2,4,1,17.37
54,Female,62.6,1.62,172,126,53,1.31,917.0,Yoga,32.1,2.5,3,2,23.85
32,Male,84.4,1.95,165,120,50,1.86,1241.0,HIIT,12.7,2.9,5,2,22.2
46,Male,86.5,1.87,186,143,54,1.29,869.0,Yoga,27.9,3.2,5,3,24.74
26,Female,62.6,1.67,199,159,63,1.02,779.0,Cardio,30.3,1.8,3,1,22.45
28,Female,66.6,1.66,176,155,74,0.5,400.0,Strength,26.2,1.8,3,2,24.17
50,Female,62.4,1.56,193,135,62,1.76,1214.0,Yoga,17.5,2.3,3,2,25.64
45,Male,71.5,1.86,190,159,65,1.59,976.0,HIIT,23.3,3.7,4,2,20.67
30,Male,107.3,1.63,179,149,74,1.63,1130.0,Strength,24.6,3.7,4,2,40.39
55,Female,60.2,1.69,164,152,63,1.92,1142.0,Cardio,16.0,3.0,3,3,21.08
27,Male,95.7,1.85,176,139,55,0.77,489.0,Yoga,25.9,2.6,3,2,27.96
18,Male,60.2,1.82,160,125,56,0.78,473.0,Strength,25.0,3.5,2,2,18.17
32,Female,78.0,1.68,182,163,62,1.24,999.0,Cardio,30.0,2.3,5,2,27.64
52,Female,75.0,1.76,165,137,68,1.17,846.0,HIIT,29.1,2.3,3,2,24.21
58,Female,58.4,1.7,171,154,72,1.63,1160.0,HIIT,13.8,2.3,5,3,20.21
49,Female,58.7,1.6,198,161,69,1.37,1175.0,HIIT,29.1,2.6,4,2,22.93
55,Female,64.8,1.54,188,137,56,1.27,808.0,Cardio,22.8,2.1,5,3,27.32
40,Female,62.4,1.71,180,129,55,1.76,1179.0,Strength,16.6,2.5,5,3,21.34
50,Male,88.6,1.99,177,154,72,2.0,1528.0,Strength,13.2,3.5,5,2,22.37
57,Male,105.3,1.83,179,134,64,0.67,463.0,Cardio,24.3,2.8,4,1,31.44
37,Male,79.0,1.68,191,142,58,1.54,1165.0,HIIT,10.0,3.5,4,2,27.99
18,Male,125.8,1.78,198,144,65,1.3,982.0,Cardio,23.3,3.7,2,2,39.7
54,Female,69.4,1.54,199,161,69,1.35,835.0,Cardio,32.6,2.0,3,2,29.26
47,Male,114.3,1.86,178,142,53,1.26,937.0,Cardio,20.1,3.7,3,2,33.04
18,Female,64.4,1.64,198,127,61,2.0,1176.0,Cardio,17.8,2.5,5,2,23.94
43,Male,125.2,1.61,169,154,57,1.13,766.0,Cardio,25.6,3.1,4,2,48.3
43,Female,52.3,1.62,165,140,50,1.48,785.0,Strength,29.5,2.3,2,1,19.93
37,Male,113.5,1.59,168,137,62,1.23,758.0,Cardio,26.2,2.8,3,3,44.9
39,Male,60.6,1.93,173,141,52,1.27,1135.0,Cardio,24.3,3.0,4,1,16.27
26,Male,67.5,1.58,188,145,58,0.83,653.0,HIIT,26.1,2.8,3,2,27.04
23,Male,48.6,1.96,161,121,68,1.07,873.0,Yoga,27.1,1.9,3,2,12.65
49,Female,67.7,1.67,175,155,69,0.97,639.0,HIIT,28.6,2.1,4,2,24.27
30,Male,118.5,1.67,168,127,57,1.06,830.0,HIIT,22.8,2.7,4,2,42.49
51,Female,78.5,1.5,193,137,50,0.63,423.0,Strength,28.0,3.2,3,2,34.89
47,Male,87.8,1.87,187,142,50,1.2,763.0,Yoga,28.4,3.7,4,2,25.11
57,Male,85.5,1.64,187,132,50,1.56,1054.0,Yoga,10.9,3.6,4,2,31.79
25,Male,73.2,1.9,190,143,55,1.24,1022.0,HIIT,29.5,2.5,3,1,20.28
31,Female,66.6,1.8,176,120,62,0.72,538.0,Strength,35.0,2.1,4,2,20.56
44,Male,114.9,1.88,179,142,54,1.4,968.0,Cardio,21.4,3.7,4,1,32.51
29,Male,64.1,1.9,179,155,58,1.02,1027.0,HIIT,25.6,3.2,3,1,17.76
36,Male,73.8,1.77,184,127,61,1.25,942.0,HIIT,28.7,1.5,3,2,23.56
21,Male,84.4,1.96,185,131,66,1.69,1041.0,Cardio,26.1,3.4,3,1,21.97
30,Male,120.7,1.82,199,166,65,0.91,697.0,Yoga,27.8,3.2,2,2,36.44
27,Male,81.3,1.77,178,121,58,1.78,1045.0,Cardio,11.8,3.7,5,3,25.95
59,Female,64.7,1.54,166,157,63,1.49,967.0,Yoga,33.8,2.1,2,1,27.28
28,Male,126.4,1.76,165,164,59,1.34,1177.0,Strength,26.8,2.2,2,1,40.81
34,Male,59.4,1.64,199,158,55,1.33,1171.0,Strength,19.0,2.7,4,1,22.09
48,Male,91.8,1.65,177,154,58,1.05,841.0,Yoga,24.5,3.4,3,2,33.72
46,Female,40.9,1.78,163,131,69,1.24,563.0,Strength,32.9,1.6,4,2,12.91
20,Female,71.7,1.59,165,169,54,1.07,882.0,HIIT,26.4,1.5,2,1,28.36
33,Male,76.4,1.64,167,125,66,1.25,731.0,Strength,26.8,2.7,4,2,28.41
41,Male,84.7,1.88,161,138,57,0.7,602.0,Strength,29.0,3.7,3,2,23.96
38,Male,70.8,1.92,174,154,74,1.29,1022.0,Cardio,30.4,2.5,4,1,19.21
31,Female,49.6,1.52,171,131,57,1.38,886.0,Yoga,27.1,2.6,4,3,21.47
46,Male,97.9,1.65,175,137,50,1.11,873.0,Strength,20.6,2.7,5,1,35.96
54,Female,69.2,1.67,183,139,50,1.2,847.0,HIIT,30.9,2.0,2,2,24.81
51,Female,67.4,1.57,160,143,57,0.64,529.0,Strength,29.0,2.7,2,1,27.34
31,Female,48.4,1.5,194,129,58,1.48,1011.0,Cardio,28.0,1.8,3,1,21.51
48,Male,105.3,1.78,198,126,62,1.22,711.0,HIIT,23.2,3.1,3,1,33.23
35,Male,129.9,1.76,174,160,69,1.43,1168.0,Strength,29.0,2.2,3,3,41.94
51,Male,89.6,1.88,168,164,61,1.6,1188.0,Yoga,22.1,3.7,2,2,25.35
23,Female,47.8,1.65,186,128,61,1.3,837.0,HIIT,33.0,1.6,3,2,17.56
29,Female,67.0,1.67,177,159,74,0.58,431.0,Strength,28.3,1.5,3,1,24.02
45,Male,115.3,1.85,173,137,52,1.34,1074.0,Cardio,19.7,3.6,2,2,33.69
32,Female,51.5,1.51,196,130,61,1.53,988.0,Cardio,28.1,1.7,2,2,22.59
24,Male,75.8,1.64,165,158,66,1.14,1032.0,Strength,20.8,3.0,4,2,28.18
19,Female,63.4,1.79,186,131,60,1.59,1225.0,Cardio,19.4,2.8,3,3,19.79
45,Male,96.1,1.84,194,150,67,0.77,596.0,HIIT,23.5,3.1,2,1,28.38
56,Male,67.2,1.54,172,149,55,1.3,972.0,Strength,21.0,2.0,3,2,28.34
48,Female,62.4,1.65,172,150,72,1.59,1084.0,HIIT,14.3,2.8,5,2,22.92
18,Female,67.5,1.67,199,126,55,1.82,1109.0,Cardio,18.2,2.9,4,3,24.2
21,Female,77.0,1.73,194,133,63,1.38,810.0,Strength,33.7,2.4,3,2,25.73
33,Female,53.5,1.5,184,120,57,1.0,632.0,Cardio,28.1,2.7,3,2,23.78
23,Female,59.6,1.64,192,124,50,1.6,1059.0,HIIT,17.5,2.4,5,2,22.16
20,Male,85.1,1.9,163,129,59,1.6,985.0,HIIT,19.0,2.6,4,3,23.57
38,Male,117.1,1.91,192,136,52,1.3,1092.0,Cardio,21.6,2.7,2,3,32.1
40,Male,122.7,1.63,169,155,55,1.2,885.0,Cardio,25.4,3.5,3,2,46.18
52,Female,50.9,1.5,187,143,57,1.23,724.0,HIIT,33.5,2.3,3,1,22.62
55,Male,84.7,1.91,196,143,62,1.39,866.0,Yoga,28.1,3.7,2,1,23.22
56,Male,82.2,1.64,193,134,52,1.08,910.0,Yoga,23.1,2.5,3,1,30.56
35,Male,71.3,1.75,179,127,60,1.02,727.0,Cardio,30.5,2.4,4,3,23.28
52,Female,62.6,1.79,192,130,71,0.89,619.0,HIIT,33.9,3.4,5,3,19.54
29,Male,121.9,1.78,199,162,64,0.73,749.0,Yoga,27.1,3.6,2,1,38.47
43,Male,86.8,1.67,177,159,52,1.92,1544.0,Strength,15.9,3.3,3,3,31.12
26,Male,68.2,1.64,199,142,72,0.96,700.0,HIIT,20.3,3.6,2,2,25.36
42,Male,75.2,1.87,174,139,61,1.3,849.0,Cardio,26.9,3.4,3,2,21.5
31,Male,110.8,1.97,166,124,62,1.31,928.0,Strength,29.8,2.9,2,2,28.55
43,Female,55.9,1.68,160,132,64,1.67,1024.0,Cardio,15.1,2.5,5,2,19.81
19,Male,89.8,1.72,196,158,72,1.15,1232.0,Cardio,23.2,3.3,2,2,30.35
50,Male,49.9,1.94,170,124,51,0.93,579.0,Yoga,28.6,2.7,3,1,13.26
23,Female,53.8,1.58,167,168,59,1.28,1068.0,HIIT,35.0,2.9,2,1,21.55
20,Female,58.3,1.5,184,155,71,0.94,819.0,Cardio,31.7,2.3,2,1,25.91
20,Female,70.9,1.54,170,120,53,0.78,472.0,Cardio,26.9,2.1,4,2,29.9
38,Male,63.0,1.74,182,141,66,0.72,506.0,Yoga,25.9,3.6,3,2,20.81
38,Male,95.9,1.69,187,145,73,1.29,1104.0,Strength,21.8,3.1,3,1,33.58
58,Female,76.0,1.58,181,151,53,0.8,589.0,Strength,29.9,2.1,5,3,30.44
26,Female,51.4,1.5,179,138,71,1.49,869.0,Cardio,31.4,1.5,5,2,22.84
42,Female,42.3,1.77,193,142,52,1.52,859.0,HIIT,32.4,2.4,2,1,13.5
30,Female,79.8,1.61,175,129,58,1.53,953.0,HIIT,28.0,1.5,3,2,30.79
23,Male,71.0,1.9,197,154,60,1.24,982.0,Yoga,22.8,3.4,2,3,19.67
27,Female,69.6,1.64,169,125,53,1.55,853.0,Strength,35.0,2.2,2,1,25.88
56,Female,65.4,1.5,191,142,55,1.07,784.0,Cardio,28.0,1.9,3,3,29.07
35,Female,62.0,1.74,182,123,60,1.84,1295.0,Strength,17.5,2.4,5,3,20.48
25,Female,58.5,1.64,185,120,50,1.86,1182.0,HIIT,20.9,2.9,5,3,21.75
34,Female,71.7,1.5,196,132,65,0.73,459.0,Cardio,32.5,3.3,2,1,31.87
34,Male,57.5,2.0,180,146,50,1.36,1109.0,Cardio,22.6,2.7,4,1,14.38
34,Female,77.6,1.67,174,132,62,0.5,303.0,Cardio,29.2,1.6,2,1,27.82
49,Female,71.8,1.56,193,160,50,1.31,1011.0,Strength,24.8,2.4,4,2,29.5
24,Female,65.4,1.74,171,139,58,1.27,859.0,Cardio,23.4,2.4,2,1,21.6
32,Male,46.1,1.89,190,143,50,1.21,1158.0,Cardio,24.1,3.5,2,2,12.91
18,Male,98.7,1.7,164,151,63,1.3,1145.0,Strength,22.7,3.1,2,1,34.15
44,Female,53.4,1.8,178,161,64,1.9,1443.0,Yoga,17.8,2.7,5,3,16.48
43,Male,83.8,1.53,183,132,60,1.89,1183.0,HIIT,15.1,3.7,5,2,35.8
54,Male,56.4,2.0,175,125,70,1.08,715.0,Strength,20.5,2.4,4,3,14.1
59,Female,73.3,1.63,187,150,68,0.92,691.0,Cardio,31.2,1.6,4,1,27.59
49,Female,55.6,1.6,197,120,50,1.99,1032.0,Yoga,17.6,2.2,5,2,21.72
58,Male,128.9,1.75,171,144,64,1.19,904.0,Strength,32.2,2.8,3,2,42.09
32,Female,81.3,1.62,179,151,60,1.27,897.0,Strength,31.5,1.5,3,1,30.98
18,Male,90.2,1.8,177,133,74,1.53,965.0,Strength,30.9,3.7,5,1,27.84
56,Male,96.0,1.77,199,147,53,1.13,966.0,Cardio,18.9,2.1,3,1,30.64
41,Female,59.8,1.71,197,142,69,0.92,760.0,Cardio,30.6,1.7,3,2,20.45
40,Male,85.3,1.96,199,130,56,1.9,1494.0,Strength,10.0,3.3,4,3,22.2
29,Male,54.2,1.57,178,151,50,0.58,416.0,Strength,20.8,2.5,2,1,21.99
30,Male,55.8,1.98,169,130,56,0.74,541.0,HIIT,30.4,1.9,2,1,14.23
30,Male,68.4,1.83,177,148,67,0.63,469.0,Yoga,22.9,2.5,3,2,20.42
31,Female,75.1,1.61,188,156,59,1.04,881.0,Strength,33.2,2.1,2,1,28.97
59,Female,57.7,1.59,186,160,58,1.3,908.0,Cardio,35.0,2.0,5,2,22.82
47,Female,50.8,1.69,174,135,70,0.9,345.0,Yoga,32.6,1.5,2,1,17.79
45,Female,70.1,1.76,164,132,62,1.45,780.0,Strength,30.6,2.2,4,1,22.63
59,Male,81.6,1.88,183,125,51,0.67,379.0,Cardio,25.5,2.9,2,1,23.09
25,Female,59.1,1.52,196,138,60,1.25,798.0,Yoga,29.0,1.8,4,2,25.58
28,Male,98.6,1.87,171,140,53,1.01,475.0,Yoga,25.5,2.3,2,1,28.2
45,Male,85.0,1.99,182,160,73,1.87,1561.0,Cardio,15.4,3.3,4,3,21.46
43,Male,56.6,1.64,166,143,62,0.99,778.0,Strength,18.8,2.3,4,3,21.04
39,Male,62.9,1.59,160,162,66,1.13,895.0,Cardio,27.1,2.9,2,2,24.88
32,Male,76.3,1.64,161,163,70,1.15,1079.0,Strength,20.4,2.4,2,1,28.37
34,Female,52.3,1.56,181,147,73,0.8,365.0,Strength,31.7,2.5,2,1,21.49
24,Female,59.3,1.77,174,165,63,1.88,1770.0,Cardio,16.4,3.0,5,2,18.93
35,Female,65.1,1.67,179,130,50,1.47,943.0,Cardio,18.7,2.9,3,3,23.34
22,Male,106.8,1.9,198,121,74,1.38,927.0,HIIT,25.0,3.0,2,1,29.58
43,Female,43.0,1.52,177,131,61,1.23,644.0,HIIT,26.3,1.9,2,2,18.61
34,Female,60.1,1.76,186,120,60,0.64,379.0,Cardio,35.0,2.1,3,1,19.4
46,Male,66.0,1.76,168,126,63,1.36,736.0,Yoga,28.4,1.8,5,3,21.31
34,Male,86.5,1.88,180,132,56,1.97,1386.0,Strength,15.1,3.4,5,3,24.47
42,Male,83.7,2.0,194,167,65,1.6,1482.0,HIIT,14.8,3.7,4,2,20.92
29,Female,40.6,1.66,187,138,70,1.16,779.0,Yoga,30.5,2.3,4,1,14.73
57,Male,75.7,1.82,174,142,58,1.21,756.0,Yoga,22.1,3.5,5,1,22.85
21,Male,80.8,1.94,181,150,68,1.7,1488.0,HIIT,14.4,2.8,4,3,21.47
55,Male,82.3,1.8,192,150,54,1.3,845.0,Cardio,23.5,3.1,2,2,25.4
59,Female,52.8,1.69,185,127,70,1.17,831.0,Strength,34.8,2.5,5,2,18.49
55,Female,45.6,1.74,163,146,74,0.99,662.0,HIIT,31.5,1.5,3,2,15.06
23,Male,80.5,1.77,184,122,60,1.75,1121.0,Cardio,14.8,3.7,5,3,25.7
23,Male,56.0,1.67,172,130,72,0.98,715.0,Strength,25.0,2.8,3,2,20.08
18,Female,66.6,1.57,188,152,74,1.18,878.0,Cardio,32.6,1.5,2,1,27.02
27,Female,55.7,1.79,160,143,71,1.26,990.0,Cardio,23.9,2.1,2,1,17.38
41,Male,117.9,1.98,179,164,59,0.83,845.0,Yoga,26.4,2.6,3,2,30.07
52,Male,103.9,1.65,199,158,61,1.07,934.0,Cardio,26.3,2.9,4,2,38.16
52,Female,70.5,1.59,192,162,54,1.64,947.0,Strength,29.1,1.9,4,1,27.89
54,Male,90.7,1.78,189,162,72,1.58,1261.0,Yoga,29.2,2.9,4,3,28.63
36,Female,53.6,1.52,165,161,72,1.94,1362.0,HIIT,18.8,2.7,4,2,23.2
59,Male,47.2,1.83,170,153,50,0.63,493.0,HIIT,33.0,2.6,3,2,14.09
23,Male,90.2,1.75,191,155,71,1.28,1169.0,Cardio,21.6,3.7,3,2,29.45
41,Male,119.1,1.91,179,164,62,1.08,867.0,Yoga,25.3,2.5,3,3,32.65
28,Male,67.5,1.77,178,163,69,1.15,1153.0,Yoga,25.7,3.4,2,1,21.55
53,Male,107.5,1.62,184,140,59,1.51,906.0,HIIT,27.2,3.5,4,1,40.96
46,Male,84.5,1.62,160,142,52,1.08,770.0,Cardio,33.9,1.7,4,1,32.2
42,Male,107.5,1.77,198,147,53,0.9,907.0,Yoga,18.3,3.2,2,2,34.31
21,Female,53.3,1.5,182,155,67,0.88,830.0,Cardio,32.8,2.7,3,1,23.69
59,Male,52.6,1.82,173,163,54,0.85,923.0,HIIT,26.8,2.8,4,1,15.88
31,Male,57.3,1.62,172,133,53,1.45,1005.0,Strength,27.6,2.5,4,1,21.83
49,Male,62.1,1.53,176,124,73,0.76,326.0,Cardio,21.2,3.7,4,1,26.53
56,Male,85.4,1.76,170,135,70,1.63,1236.0,Cardio,14.4,3.7,5,2,27.57
54,Male,93.4,1.72,195,150,54,0.87,542.0,HIIT,26.8,1.9,3,1,31.57
44,Male,63.0,1.86,177,140,57,1.31,940.0,Cardio,26.5,2.6,3,1,18.21
22,Female,42.3,1.6,162,129,68,0.6,376.0,HIIT,27.5,1.9,4,1,16.52
26,Male,86.1,1.89,163,127,62,2.0,1166.0,HIIT,11.8,3.7,5,3,24.1
46,Female,48.3,1.6,162,165,66,1.5,873.0,Strength,33.3,2.7,3,3,18.87
21,Male,75.3,1.6,164,138,54,1.26,894.0,Cardio,21.1,2.5,3,1,29.41
46,Male,76.6,1.98,190,160,50,1.47,1004.0,Yoga,22.4,2.8,3,2,19.54
24,Female,45.3,1.65,191,145,55,0.77,621.0,Cardio,26.2,1.7,2,1,16.64
24,Female,70.6,1.58,186,130,53,1.5,907.0,Cardio,28.9,1.8,2,1,28.28
32,Male,86.1,1.71,168,128,68,1.25,877.0,HIIT,23.1,3.6,5,2,29.44
37,Female,57.5,1.66,167,160,71,1.06,970.0,Strength,24.2,2.1,5,3,20.87
38,Female,63.4,1.78,185,120,59,0.78,538.0,Cardio,35.0,2.1,2,1,20.01
31,Male,101.7,1.58,165,167,61,1.08,998.0,Cardio,26.2,3.0,2,2,40.74
50,Female,68.2,1.5,175,137,53,1.49,838.0,Yoga,23.5,1.6,2,1,30.31
21,Female,41.2,1.6,180,132,63,1.58,897.0,HIIT,33.0,1.5,3,1,16.09
36,Male,85.2,1.75,183,159,74,1.58,1629.0,HIIT,13.3,3.7,5,3,27.82
42,Female,57.3,1.5,194,152,74,0.95,683.0,Strength,29.4,1.9,4,1,25.47
18,Male,103.6,1.82,160,149,65,1.26,1061.0,Strength,22.6,3.0,4,3,31.28
35,Female,52.0,1.67,172,128,65,1.05,823.0,Strength,25.5,1.9,4,2,18.65
39,Female,68.7,1.56,189,143,62,1.33,939.0,Cardio,30.9,1.6,4,3,28.23
56,Female,62.8,1.71,187,124,65,1.07,634.0,Strength,35.0,3.0,4,2,21.48
49,Female,67.0,1.6,179,153,67,1.12,799.0,Strength,25.9,2.7,2,2,26.17
28,Male,55.4,2.0,199,140,62,1.16,972.0,Strength,30.6,2.6,3,2,13.85
39,Male,57.0,1.94,198,144,74,1.52,1044.0,Cardio,22.6,2.2,3,3,15.15
26,Male,79.3,1.66,175,130,74,1.2,847.0,Yoga,28.1,3.2,2,1,28.78
35,Male,74.6,2.0,182,138,52,1.64,1194.0,Strength,10.0,3.5,4,3,18.65
28,Male,86.5,1.76,195,121,64,1.21,730.0,Yoga,31.6,3.7,2,1,27.92
58,Female,77.0,1.72,160,151,74,1.45,915.0,Cardio,29.3,1.5,3,2,26.03
44,Female,62.5,1.69,170,128,64,1.87,1141.0,Yoga,20.4,3.0,4,2,21.88
59,Female,64.7,1.57,166,168,63,1.67,1026.0,Yoga,35.0,2.6,3,3,26.25
28,Male,85.3,1.97,161,149,67,1.67,1472.0,Yoga,10.0,3.7,5,3,21.98
42,Female,77.0,1.79,183,148,54,1.3,761.0,Yoga,23.9,1.9,3,1,24.03
40,Male,69.2,1.87,169,127,60,1.27,638.0,Cardio,28.3,3.7,3,1,19.79
56,Female,76.3,1.65,168,123,50,1.1,622.0,HIIT,34.8,2.5,4,1,28.03
23,Male,110.7,1.84,160,147,50,1.49,1099.0,Strength,27.5,2.9,2,1,32.7
55,Male,54.5,1.67,168,156,65,0.94,575.0,Cardio,20.3,2.6,2,2,19.54
18,Female,51.1,1.5,179,149,50,1.46,916.0,Yoga,33.1,2.7,4,3,22.71
24,Male,86.9,1.65,192,120,65,1.86,1232.0,HIIT,14.3,3.5,4,3,31.92
24,Female,75.2,1.52,181,120,50,0.5,347.0,Yoga,33.2,1.5,2,1,32.55
36,Female,64.2,1.76,170,147,64,1.77,1275.0,Strength,19.7,2.3,5,2,20.73
24,Female,48.4,1.74,180,129,73,1.09,760.0,HIIT,35.0,1.8,4,3,15.99
18,Female,49.2,1.75,174,152,66,0.98,819.0,Yoga,26.9,2.0,2,2,16.07
55,Female,47.8,1.5,199,144,64,1.29,849.0,Cardio,31.6,2.1,4,3,21.24
33,Male,86.4,1.67,173,121,56,1.44,969.0,Strength,13.5,2.8,4,3,30.98
46,Female,63.6,1.55,186,128,59,0.74,451.0,Cardio,32.9,2.2,2,1,26.47
23,Male,117.2,1.75,175,126,70,1.14,747.0,Strength,24.0,3.4,3,1,38.27
22,Male,96.2,1.88,195,139,50,1.17,978.0,Yoga,25.7,2.2,3,1,27.22
31,Male,121.8,1.95,180,126,50,1.06,741.0,Strength,28.1,2.4,4,3,32.03
24,Male,61.0,1.59,160,150,70,1.37,1122.0,Yoga,22.0,2.0,3,1,24.13
22,Female,47.0,1.52,187,141,53,1.25,637.0,Strength,28.4,1.5,3,2,20.34
36,Female,53.1,1.62,161,158,52,1.15,1142.0,Yoga,27.8,2.5,4,2,20.23
22,Male,112.3,1.67,177,138,60,1.31,939.0,Yoga,27.1,2.5,4,2,40.27
24,Male,120.7,1.84,174,124,50,1.02,771.0,Cardio,23.4,2.9,2,1,35.65
37,Male,77.9,1.98,184,147,74,1.11,904.0,Strength,27.4,2.4,4,2,19.87
54,Male,46.3,1.91,184,129,66,0.91,592.0,Yoga,23.8,2.8,2,2,12.69
54,Male,80.0,1.89,170,142,73,0.97,566.0,Yoga,19.4,3.5,2,1,22.4
19,Male,103.4,1.93,166,139,53,1.0,831.0,HIIT,20.2,3.6,4,3,27.76
39,Female,69.9,1.56,173,127,67,0.71,555.0,Yoga,28.1,1.6,3,1,28.72
26,Female,59.0,1.51,178,120,51,1.26,657.0,Strength,32.3,1.5,2,2,25.88
38,Female,52.2,1.58,168,152,66,1.08,875.0,Strength,22.9,1.5,4,3,20.91
18,Male,128.7,1.85,199,142,67,1.01,978.0,Cardio,24.1,2.6,4,3,37.6
48,Male,82.2,1.68,199,157,70,1.98,1457.0,HIIT,10.0,3.4,4,3,29.12
47,Male,85.7,1.94,169,120,70,2.0,1224.0,Yoga,11.2,3.7,5,3,22.77
57,Female,57.5,1.72,179,156,55,1.12,729.0,Yoga,32.6,2.1,3,3,19.44
24,Male,57.9,1.87,160,140,63,0.5,473.0,Strength,25.0,1.9,3,2,16.56
41,Male,97.3,1.84,190,132,52,1.0,814.0,Cardio,24.6,3.5,4,3,28.74
26,Female,46.9,1.63,188,137,64,0.86,834.0,Cardio,35.0,2.2,4,2,17.65
50,Female,67.4,1.78,199,148,57,1.12,839.0,Strength,34.9,2.2,2,1,21.27
26,Female,54.8,1.75,188,124,74,0.62,373.0,HIIT,32.9,1.8,2,1,17.89
37,Female,47.8,1.61,196,166,66,0.96,902.0,Strength,30.9,1.8,2,1,18.44
53,Female,46.6,1.52,179,166,56,1.21,918.0,Strength,29.8,1.6,2,1,20.17
27,Male,121.0,1.95,190,130,50,0.88,770.0,Strength,31.2,2.4,5,3,31.82
52,Female,55.6,1.5,189,132,56,1.4,807.0,HIIT,30.1,1.5,3,1,24.71
34,Female,56.8,1.64,179,154,57,1.09,756.0,Cardio,29.3,2.4,3,1,21.12
20,Male,84.0,1.83,191,147,66,1.95,1413.0,HIIT,14.0,3.4,4,3,25.08
51,Male,84.4,1.77,175,157,65,1.0,706.0,Yoga,26.7,2.3,3,3,26.94
30,Male,69.1,1.98,183,151,70,0.93,673.0,HIIT,25.2,3.1,4,1,17.63
48,Female,60.6,1.57,190,120,58,1.92,934.0,Cardio,19.4,2.3,5,3,24.59
50,Male,59.1,1.82,186,127,64,1.43,727.0,Strength,22.1,2.6,3,3,17.84
39,Female,71.8,1.65,176,152,60,1.05,839.0,Yoga,35.0,2.5,2,1,26.37
19,Male,110.3,1.94,176,159,50,1.08,836.0,Cardio,30.5,3.6,4,3,29.31
21,Male,69.9,1.73,196,139,70,1.0,660.0,HIIT,21.5,3.7,3,1,23.36
40,Female,68.6,1.65,160,120,72,1.13,668.0,HIIT,27.6,2.1,3,2,25.2
25,Male,48.8,2.0,170,134,55,0.72,474.0,HIIT,24.8,2.2,2,1,12.2
21,Female,63.3,1.5,180,161,54,1.61,1394.0,Cardio,18.6,2.9,5,2,28.13
54,Female,63.2,1.81,181,157,72,1.61,1024.0,HIIT,15.9,3.2,3,3,19.29
21,Male,69.4,1.61,164,152,73,1.2,1036.0,Yoga,22.0,2.2,3,3,26.77
50,Female,59.4,1.7,178,158,61,1.66,1156.0,Cardio,16.7,2.4,5,3,20.55
20,Male,91.6,1.81,179,126,74,1.51,1090.0,Strength,28.4,3.7,4,3,27.96
38,Female,65.7,1.73,175,122,56,1.86,1116.0,Strength,18.8,2.9,5,3,21.95
38,Male,89.3,1.78,179,160,69,1.82,1659.0,HIIT,10.5,3.6,5,3,28.18
26,Female,50.4,1.61,166,162,67,1.37,1126.0,Yoga,26.2,2.0,3,1,19.44
27,Male,84.0,2.0,162,158,69,1.65,1309.0,Yoga,10.2,3.7,5,3,21.0
22,Female,63.0,1.5,192,136,63,1.74,1132.0,Strength,18.7,2.7,5,3,28.0
34,Male,78.8,1.61,173,151,59,1.96,1617.0,HIIT,17.4,3.4,5,2,30.4
35,Female,83.5,1.62,192,166,67,1.36,1060.0,Cardio,23.1,2.8,3,1,31.82
33,Male,85.0,1.94,169,143,60,1.57,1170.0,Cardio,10.0,3.1,5,2,22.58
54,Male,83.2,1.8,172,121,50,1.17,727.0,Cardio,21.5,2.1,2,3,25.68
33,Male,90.1,1.84,199,131,55,1.6,1219.0,Cardio,10.7,3.4,4,2,26.61
53,Female,75.8,1.58,188,148,50,0.89,645.0,Strength,33.2,2.0,5,3,30.36
40,Male,97.2,1.78,189,125,54,1.33,805.0,Cardio,22.6,3.7,3,3,30.68
24,Female,75.2,1.63,181,123,61,1.57,815.0,HIIT,25.1,1.9,3,1,28.3
57,Female,44.3,1.79,163,158,74,1.42,1020.0,Yoga,25.3,1.8,3,3,13.83
32,Female,42.3,1.66,193,139,53,1.23,882.0,Yoga,35.0,1.5,4,2,15.35
34,Female,66.1,1.52,189,158,71,0.93,845.0,Cardio,35.0,1.5,5,3,28.61
40,Female,44.0,1.73,178,134,50,1.15,743.0,Strength,26.2,2.1,2,1,14.7
31,Male,72.1,1.77,187,129,61,1.05,795.0,Cardio,29.5,2.0,4,1,23.01
53,Male,55.9,1.7,161,143,59,1.2,922.0,Cardio,29.3,3.7,5,2,19.34
27,Female,58.3,1.62,199,166,73,1.47,1278.0,Cardio,17.1,2.4,4,3,22.21
34,Female,54.4,1.66,192,124,72,1.27,928.0,HIIT,30.8,2.3,3,2,19.74
43,Male,86.7,1.85,199,136,55,1.94,1448.0,Strength,10.0,3.7,5,2,25.33
27,Male,93.0,1.87,174,145,50,0.66,475.0,Yoga,27.5,2.1,2,1,26.59
48,Female,48.8,1.88,186,131,60,0.82,409.0,Cardio,27.4,2.0,3,1,13.81
58,Female,77.3,1.72,176,164,52,1.36,1007.0,Strength,33.7,2.6,4,2,26.13
46,Female,40.0,1.56,167,126,71,1.23,646.0,HIIT,24.7,2.1,4,1,16.44
40,Male,86.5,1.82,194,143,62,2.0,1504.0,Yoga,12.8,3.7,4,3,26.11
39,Male,127.4,1.78,174,164,71,1.31,1079.0,Strength,29.8,2.8,3,1,40.21
24,Female,47.4,1.77,171,162,64,1.47,1206.0,HIIT,26.7,2.4,5,2,15.13
43,Female,72.7,1.54,169,134,64,1.37,952.0,Yoga,28.3,2.7,3,2,30.65
45,Male,69.1,1.77,160,164,60,1.23,1288.0,HIIT,28.3,2.1,2,3,22.06
50,Male,73.4,1.74,175,155,74,1.28,762.0,Yoga,28.0,3.3,2,1,24.24
28,Male,88.1,1.99,199,169,68,2.0,1730.0,Strength,10.6,3.5,4,3,22.25
24,Female,44.6,1.57,199,153,50,0.66,567.0,Strength,32.2,1.5,4,2,18.09
54,Female,54.1,1.74,197,152,65,1.57,1294.0,HIIT,17.2,2.6,5,3,17.87
40,Male,64.1,2.0,178,131,59,1.53,973.0,Yoga,28.8,3.1,5,1,16.02
59,Female,75.9,1.62,161,134,64,0.63,309.0,Cardio,30.6,2.5,2,1,28.92
55,Male,61.6,1.7,174,157,60,1.38,866.0,HIIT,25.7,2.6,2,2,21.31
41,Female,49.7,1.5,175,125,67,0.95,740.0,HIIT,27.3,1.5,4,2,22.09
50,Male,58.1,1.89,181,133,61,1.06,809.0,Strength,20.2,2.8,4,2,16.26
51,Female,43.9,1.72,164,151,69,1.07,932.0,Strength,32.6,1.7,2,3,14.84
43,Male,84.4,1.67,177,138,73,2.0,1374.0,HIIT,13.2,3.7,4,3,30.26
48,Male,47.6,1.84,173,130,65,1.09,682.0,Yoga,26.1,2.8,2,1,14.06
33,Female,56.6,1.54,170,146,65,1.3,944.0,Strength,33.6,2.9,4,1,23.87
48,Male,83.7,1.99,184,156,69,1.82,1523.0,Yoga,15.1,3.5,4,3,21.14
38,Male,60.6,1.9,160,132,57,1.22,998.0,Cardio,27.4,3.7,5,3,16.79
18,Male,69.9,1.69,160,157,70,1.46,1068.0,Yoga,20.0,2.0,2,2,24.47
23,Male,85.9,1.84,172,155,63,1.71,1624.0,HIIT,13.0,3.5,4,3,25.37
22,Male,78.5,1.71,170,132,53,1.35,1002.0,Cardio,21.7,3.0,4,2,26.85
28,Female,70.6,1.63,178,120,54,1.13,613.0,Strength,27.4,2.3,3,1,26.57
26,Male,81.5,1.69,183,163,68,2.0,1588.0,Strength,13.1,3.4,5,2,28.54
46,Male,74.2,1.61,190,130,66,0.5,389.0,Strength,30.1,3.2,4,1,28.63
46,Male,129.9,1.65,198,161,63,0.92,864.0,Yoga,17.3,2.8,3,3,47.71
50,Female,72.5,1.78,160,123,58,0.65,362.0,Cardio,29.5,2.8,2,1,22.88
44,Male,58.5,2.0,192,136,74,1.74,1145.0,Cardio,21.7,2.4,3,2,14.62
35,Male,101.9,1.7,183,145,70,0.52,398.0,Cardio,27.5,3.3,2,2,35.26
57,Male,57.5,1.73,163,134,58,1.4,918.0,Cardio,26.9,3.2,3,2,19.21
33,Female,63.6,1.6,187,133,56,2.0,1314.0,HIIT,16.8,3.1,4,3,24.84
34,Female,60.1,1.79,172,126,56,0.97,593.0,Strength,35.0,2.5,2,1,18.76
43,Male,84.7,2.0,195,168,70,1.88,1444.0,HIIT,10.8,3.5,4,2,21.18
31,Male,93.7,1.91,193,169,71,2.0,1779.0,Strength,10.0,3.4,5,3,25.68
49,Male,83.3,1.84,185,153,55,1.02,972.0,HIIT,21.7,2.4,3,3,24.6
22,Male,93.9,1.67,180,142,70,0.98,852.0,Cardio,26.5,3.0,2,1,33.67
44,Male,53.4,1.72,189,164,70,0.74,639.0,Cardio,25.1,2.6,3,1,18.05
48,Female,40.0,1.68,188,150,74,0.95,675.0,Yoga,35.0,2.5,4,1,14.17
30,Female,75.0,1.66,191,138,53,1.11,850.0,Cardio,23.4,1.9,5,2,27.22
57,Female,45.4,1.55,170,156,57,1.18,880.0,Cardio,26.2,1.9,4,3,18.9
24,Male,87.5,1.81,196,120,58,1.27,822.0,Yoga,28.6,3.7,3,2,26.71
58,Male,89.3,1.75,184,149,68,1.43,859.0,Yoga,24.4,3.4,2,1,29.16
52,Female,73.8,1.58,181,135,55,1.39,1026.0,Yoga,26.1,1.9,4,1,29.56
36,Female,43.6,1.63,178,147,64,1.29,904.0,Yoga,29.9,1.5,3,2,16.41
40,Female,55.6,1.71,162,146,59,1.96,1373.0,Strength,15.9,2.8,5,3,19.01
49,Female,73.1,1.76,170,133,63,1.45,734.0,HIIT,23.6,2.3,4,2,23.6
22,Female,55.2,1.54,184,127,71,1.45,942.0,Cardio,32.5,1.5,5,3,23.28
34,Female,66.9,1.7,192,162,50,0.88,607.0,Cardio,25.6,2.0,2,2,23.15
48,Female,70.7,1.57,160,145,56,0.77,511.0,Strength,30.9,3.1,2,1,28.68
57,Female,56.1,1.62,174,150,74,1.29,865.0,HIIT,27.7,2.5,2,2,21.38
29,Male,124.4,2.0,182,148,68,1.53,1127.0,Strength,25.3,3.1,3,3,31.1
23,Female,70.9,1.77,167,125,70,1.0,581.0,Strength,32.7,2.0,2,2,22.63
43,Male,107.4,1.92,199,134,73,0.7,578.0,HIIT,24.9,2.3,2,1,29.13
48,Male,62.8,1.54,187,120,69,1.46,818.0,HIIT,27.1,1.5,3,1,26.48
46,Male,129.9,1.6,196,169,62,0.98,808.0,Yoga,20.5,2.0,5,2,50.74
46,Male,84.2,1.71,186,158,64,1.59,1148.0,Yoga,10.0,3.7,5,3,28.8
23,Female,51.1,1.64,197,144,66,1.34,1007.0,Strength,29.2,1.5,3,1,19.0
26,Male,118.4,1.81,173,122,54,0.93,520.0,Cardio,19.5,2.7,4,2,36.14
30,Male,87.1,1.83,197,140,52,1.72,1400.0,Cardio,14.1,3.4,5,2,26.01
21,Male,88.7,1.93,166,145,73,1.64,1249.0,HIIT,12.0,3.3,5,3,23.81
56,Male,54.6,1.93,170,154,52,0.76,522.0,HIIT,29.3,3.4,4,1,14.66
48,Female,52.9,1.5,191,142,62,1.96,1102.0,Cardio,12.2,2.8,4,2,23.51
36,Male,127.2,1.72,167,164,50,1.62,1331.0,HIIT,26.4,2.6,2,1,43.0
30,Female,56.2,1.55,175,120,70,1.44,880.0,Strength,29.4,2.0,4,1,23.39
53,Female,68.6,1.5,173,145,50,1.03,527.0,HIIT,33.5,2.1,2,2,30.49
28,Male,87.6,1.86,172,148,68,1.48,1226.0,Cardio,11.4,2.9,4,3,25.32
41,Female,40.0,1.75,192,145,52,1.53,937.0,HIIT,31.9,2.7,3,1,13.06
52,Male,59.5,2.0,184,132,66,1.01,554.0,Yoga,29.7,2.7,3,1,14.88
41,Female,59.2,1.53,175,132,67,0.61,472.0,Yoga,33.1,2.5,2,1,25.29
28,Female,81.9,1.5,190,143,58,1.07,717.0,Cardio,26.8,2.0,3,1,36.4
41,Male,90.6,1.79,198,169,67,1.76,1240.0,HIIT,13.0,3.4,3,3,28.28
48,Male,46.2,1.96,168,124,56,0.68,543.0,Yoga,28.2,3.1,2,2,12.03
31,Male,77.7,1.65,160,164,68,1.18,1045.0,Strength,20.9,2.2,3,3,28.54
47,Male,103.0,1.77,198,125,55,1.26,692.0,HIIT,21.7,3.6,3,1,32.88
59,Male,82.8,1.95,176,142,55,1.65,1247.0,HIIT,11.4,3.7,5,3,21.78
48,Male,92.3,1.68,168,153,62,1.09,771.0,Yoga,20.8,2.9,3,2,32.7
18,Male,125.1,1.64,193,164,57,1.22,1201.0,HIIT,30.2,3.3,3,2,46.51
37,Male,58.2,2.0,198,133,74,1.64,1061.0,Cardio,24.5,2.2,2,3,14.55
50,Female,63.9,1.53,192,135,74,1.41,698.0,HIIT,34.3,1.7,2,1,27.3
31,Male,84.9,1.82,182,132,55,1.73,1081.0,Strength,15.6,3.6,5,2,25.63
59,Female,55.8,1.52,185,125,64,1.89,1044.0,Cardio,18.9,2.7,5,3,24.15
18,Male,122.6,1.76,197,162,56,1.3,1171.0,HIIT,30.3,3.4,2,1,39.58
45,Female,58.7,1.67,160,134,63,1.8,1096.0,Cardio,19.2,1.9,5,2,21.05
31,Male,100.3,1.62,160,163,60,1.02,949.0,Cardio,29.7,2.9,2,2,38.22
23,Male,79.6,1.72,197,155,55,0.92,863.0,HIIT,29.7,2.0,4,2,26.91
39,Female,64.4,1.63,161,148,55,2.0,1325.0,HIIT,15.3,2.5,5,3,24.24
18,Male,83.5,1.8,196,151,64,2.0,1415.0,HIIT,14.8,3.7,4,3,25.77
19,Male,124.9,1.84,162,133,56,0.81,609.0,HIIT,25.7,2.0,3,2,36.89
48,Female,63.8,1.5,182,139,59,1.54,1007.0,Yoga,18.9,2.3,5,3,28.36
34,Female,63.0,1.57,185,138,54,1.8,1250.0,HIIT,14.8,2.8,5,2,25.56
46,Male,57.3,1.73,188,155,72,0.79,723.0,Cardio,27.3,3.3,2,2,19.15
51,Male,72.9,1.88,192,135,70,0.77,647.0,Yoga,28.0,3.4,4,2,20.63
18,Male,86.6,1.89,189,152,64,1.79,1503.0,HIIT,14.0,3.7,5,3,24.24
58,Male,87.8,1.86,182,123,50,1.25,735.0,Cardio,27.7,2.7,3,1,25.38
35,Female,64.5,1.57,177,146,62,1.2,903.0,Strength,33.0,2.3,2,1,26.17
27,Male,107.8,1.81,186,120,67,1.26,888.0,HIIT,20.7,2.1,5,3,32.9
36,Male,104.4,1.63,160,158,58,0.99,975.0,Cardio,25.3,2.9,3,1,39.29
43,Female,45.7,1.79,185,141,62,0.75,478.0,Yoga,27.9,2.7,2,1,14.26
32,Female,63.6,1.76,186,154,67,1.84,1459.0,Yoga,18.8,3.3,3,3,20.53
48,Female,45.1,1.76,173,162,66,1.41,1053.0,Strength,23.3,2.2,3,2,14.56
40,Female,60.6,1.55,182,135,57,1.68,1016.0,HIIT,18.0,2.9,5,3,25.22
42,Male,125.6,1.61,160,169,64,1.3,1224.0,Yoga,22.2,2.1,4,3,48.45
43,Male,120.0,1.93,177,162,56,0.85,898.0,Yoga,25.2,2.3,4,1,32.22
45,Female,65.3,1.84,175,155,67,1.69,1033.0,Cardio,34.9,2.0,2,2,19.29
26,Male,112.4,1.89,188,169,53,1.2,885.0,Strength,21.5,3.6,2,2,31.47
52,Female,83.1,1.57,199,162,69,1.18,807.0,Cardio,27.1,1.6,3,1,33.71
27,Male,119.2,1.99,185,157,64,1.03,1227.0,Cardio,28.9,3.2,4,3,30.1
37,Male,49.6,1.78,166,145,64,1.17,955.0,Yoga,23.9,2.7,3,1,15.65
53,Female,65.7,1.68,182,133,60,0.95,659.0,HIIT,24.6,2.6,4,2,23.28
19,Male,128.3,1.64,199,160,59,1.26,1164.0,HIIT,26.4,3.6,3,1,47.7
55,Male,55.1,1.76,167,167,55,1.06,1069.0,HIIT,32.3,2.8,3,1,17.79
26,Female,71.4,1.55,193,120,65,1.14,711.0,Cardio,22.2,2.7,3,2,29.72
41,Male,59.5,1.75,190,156,64,1.16,979.0,HIIT,23.0,3.2,3,1,19.43
26,Female,46.8,1.63,198,143,68,1.46,1048.0,Yoga,30.6,1.7,4,3,17.61
32,Male,122.3,1.68,188,143,74,1.44,956.0,Cardio,21.8,2.1,3,2,43.33
18,Female,72.7,1.79,176,126,58,0.93,615.0,Yoga,24.4,1.5,3,2,22.69
26,Male,68.4,1.63,196,140,72,0.97,743.0,HIIT,22.8,3.5,2,1,25.74
37,Male,53.3,1.83,162,128,57,1.0,588.0,Strength,27.3,2.1,3,1,15.92
39,Female,57.4,1.81,183,124,58,1.1,619.0,Strength,35.0,2.3,2,2,17.52
59,Female,56.6,1.5,187,129,64,1.86,1041.0,Cardio,15.9,2.8,5,2,25.16
37,Male,49.2,1.75,199,169,63,1.11,935.0,Strength,18.4,2.8,4,2,16.07
23,Female,58.8,1.5,183,155,64,1.09,832.0,Cardio,28.7,2.6,3,2,26.13
38,Male,69.2,1.66,171,129,67,1.3,888.0,Strength,25.4,2.3,2,1,25.11
40,Female,66.1,1.67,164,146,56,1.49,936.0,HIIT,33.0,2.4,4,2,23.7
45,Male,85.1,1.75,193,163,68,1.56,1256.0,HIIT,14.1,3.7,3,3,27.79
38,Male,63.3,1.62,199,167,57,1.19,1278.0,Strength,21.0,2.6,2,1,24.12
23,Male,76.1,1.63,179,125,73,1.27,803.0,Yoga,26.6,2.8,2,3,28.64
28,Female,61.5,1.7,161,167,68,0.97,861.0,HIIT,26.7,2.7,3,3,21.28
22,Female,68.7,1.6,184,157,68,1.16,1050.0,HIIT,35.0,2.1,3,1,26.84
48,Male,118.8,1.82,170,136,53,1.07,945.0,Cardio,22.8,3.7,4,2,35.87
38,Female,42.0,1.8,181,132,54,1.34,739.0,Strength,29.1,2.2,3,1,12.96
38,Female,75.8,1.72,169,129,67,0.53,346.0,Cardio,28.7,1.5,2,1,25.62
55,Female,77.8,1.58,185,153,53,0.91,624.0,Strength,30.5,2.3,3,2,31.16
45,Female,40.8,1.71,164,162,73,1.21,875.0,Strength,30.0,2.2,3,1,13.95
35,Female,58.8,1.57,179,146,55,1.23,880.0,Yoga,30.1,2.2,4,1,23.85
39,Male,69.7,1.83,167,120,56,1.05,713.0,Cardio,26.7,3.6,2,1,20.81
51,Female,52.4,1.74,177,149,60,1.56,1015.0,HIIT,26.5,1.7,2,2,17.31
48,Female,42.9,1.54,177,130,73,1.05,614.0,HIIT,27.6,1.6,2,1,18.09
18,Male,91.8,1.76,191,165,50,1.37,1304.0,Yoga,20.8,3.2,2,2,29.64
45,Male,67.7,1.7,161,169,58,1.67,1221.0,HIIT,27.4,2.5,2,2,23.43
53,Male,126.2,1.84,188,133,71,1.03,858.0,Strength,21.0,2.5,5,1,37.28
55,Female,77.7,1.72,176,162,53,1.26,970.0,Strength,34.6,2.0,5,2,26.26
37,Male,52.9,1.78,164,123,57,1.07,750.0,Strength,26.4,1.8,5,2,16.7
39,Female,66.7,1.59,190,133,66,1.82,1205.0,Yoga,18.0,2.2,3,3,26.38
19,Female,73.2,1.78,194,134,66,1.31,841.0,Strength,31.9,2.3,4,2,23.1
56,Female,40.7,1.88,193,161,69,1.09,972.0,Cardio,28.6,2.0,5,2,11.52
44,Male,56.3,1.76,194,155,74,1.0,738.0,Cardio,25.4,2.4,2,1,18.18
53,Male,87.9,1.81,160,143,56,1.7,1223.0,Cardio,10.0,2.4,3,2,26.83
29,Female,51.9,1.78,184,147,71,1.78,1417.0,Yoga,15.5,2.6,3,2,16.38
42,Male,112.2,1.71,191,135,65,0.72,454.0,Strength,22.1,2.3,3,2,38.37
19,Female,41.9,1.6,177,120,70,1.34,655.0,HIIT,33.3,2.2,2,2,16.37
47,Male,90.4,1.71,173,127,72,0.89,546.0,Cardio,21.4,2.6,3,1,30.92
46,Female,60.3,1.74,184,155,57,1.59,1029.0,Strength,17.7,2.6,4,3,19.92
20,Male,64.6,1.78,169,152,65,1.42,1106.0,Strength,30.9,3.7,4,2,20.39
50,Male,85.8,1.84,186,162,55,1.16,950.0,HIIT,23.7,2.6,5,3,25.34
24,Male,88.8,1.96,162,155,52,1.62,1543.0,Cardio,10.9,3.0,5,2,23.12
45,Female,67.7,1.77,160,138,70,1.47,885.0,Strength,29.2,2.0,2,1,21.61
24,Male,128.8,1.81,173,152,74,1.18,941.0,Strength,23.7,2.7,4,1,39.32
25,Female,73.1,1.68,191,136,63,1.39,1036.0,Strength,23.7,1.5,3,2,25.9
59,Male,88.3,1.7,183,159,62,1.71,1317.0,Yoga,14.3,2.9,5,3,30.55
24,Female,49.3,1.57,187,169,64,0.56,368.0,Yoga,29.0,1.5,3,2,20.0
58,Male,95.8,1.84,168,142,74,1.1,758.0,Strength,28.3,2.1,2,2,28.3
35,Female,66.5,1.65,181,123,55,1.58,989.0,Cardio,17.9,2.0,5,2,24.43
26,Male,75.2,1.79,162,138,68,0.64,517.0,Cardio,26.8,2.3,3,1,23.47
34,Male,74.0,1.79,174,166,73,1.52,1431.0,Cardio,19.6,2.3,3,2,23.1
30,Female,58.0,1.53,172,126,50,1.43,692.0,Strength,31.8,1.5,2,2,24.78
27,Male,102.1,1.94,177,157,70,1.38,1092.0,Cardio,20.5,2.2,2,2,27.13
32,Male,50.3,1.68,183,156,54,0.5,373.0,Strength,20.9,3.1,2,2,17.82
30,Female,61.1,1.6,199,141,62,2.0,1257.0,Yoga,21.8,3.0,4,2,23.87
55,Female,58.4,1.57,199,169,62,1.46,1114.0,HIIT,33.2,2.1,4,1,23.69
22,Male,102.5,1.86,176,144,58,1.41,1049.0,Cardio,30.2,2.7,4,3,29.63
52,Male,84.1,1.8,191,151,74,1.54,988.0,Strength,26.8,3.0,5,2,25.96
56,Female,67.7,1.57,187,162,66,1.03,789.0,HIIT,32.8,2.0,2,3,27.47
20,Male,110.2,1.9,171,162,50,0.75,959.0,Cardio,26.5,3.2,4,2,30.53
45,Female,58.9,1.57,189,154,71,1.07,828.0,Strength,25.6,2.0,2,1,23.9
18,Male,70.0,1.6,195,137,67,0.75,581.0,HIIT,22.1,3.3,2,1,27.34
43,Female,51.6,1.62,188,152,68,0.89,664.0,Yoga,32.6,2.0,3,1,19.66
47,Male,64.4,1.75,198,135,65,0.66,496.0,HIIT,26.8,2.0,3,2,21.03
20,Male,86.4,1.84,161,132,62,1.36,986.0,HIIT,21.6,2.3,3,3,25.52
50,Male,65.0,1.67,177,169,72,1.52,1262.0,HIIT,22.4,3.0,2,1,23.31
49,Male,41.0,1.67,167,157,61,1.5,1057.0,Yoga,26.1,2.9,3,3,14.7
36,Female,58.4,1.74,179,147,65,1.65,1143.0,Strength,20.3,2.4,3,3,19.29
30,Male,124.1,2.0,188,157,67,1.6,1196.0,Strength,23.2,2.8,5,1,31.02
49,Female,53.3,1.69,176,142,52,1.33,947.0,Strength,28.9,2.1,2,1,18.66
24,Female,79.1,1.71,199,159,72,1.13,1091.0,HIIT,34.8,2.8,3,3,27.05
53,Female,78.5,1.7,165,129,53,1.09,632.0,HIIT,34.8,1.6,2,2,27.16
25,Female,53.2,1.58,196,138,70,1.6,904.0,Strength,27.1,2.1,3,3,21.31
18,Female,57.5,1.81,195,132,72,1.11,694.0,Cardio,30.5,2.6,2,1,17.55
43,Male,77.2,1.91,175,141,50,1.37,1028.0,Cardio,26.2,3.3,2,1,21.16
19,Male,128.3,1.83,167,128,57,0.97,589.0,HIIT,26.3,2.1,3,1,38.31
19,Male,115.5,1.79,182,128,66,0.89,710.0,Strength,25.0,3.0,3,1,36.05
18,Male,115.5,1.62,194,137,71,1.02,701.0,Cardio,23.1,2.8,2,1,44.01
46,Male,77.5,1.58,166,154,53,1.09,784.0,Strength,27.3,3.7,3,1,31.04
27,Male,122.3,1.96,166,139,63,0.86,527.0,Yoga,21.6,2.9,2,2,31.84
28,Male,76.1,1.98,183,161,57,1.1,968.0,Strength,26.5,3.2,2,1,19.41
45,Female,56.6,1.69,189,151,54,1.1,765.0,Yoga,34.3,2.5,2,1,19.82
49,Male,123.5,1.64,195,157,63,0.75,588.0,Cardio,26.6,3.2,2,1,45.92
58,Male,77.4,1.84,186,123,74,1.38,978.0,Yoga,10.0,3.0,5,3,22.86
46,Male,124.9,1.89,181,120,66,1.39,688.0,Strength,24.1,3.7,3,2,34.97
46,Male,67.2,1.84,180,140,63,0.96,753.0,Yoga,26.4,1.9,4,1,19.85
45,Female,69.5,1.75,160,133,70,1.47,848.0,Strength,27.3,2.5,4,1,22.69
24,Female,61.4,1.63,176,144,62,1.29,792.0,Cardio,25.9,2.4,2,1,23.11
54,Female,41.8,1.51,186,157,59,1.01,681.0,HIIT,33.8,2.1,4,1,18.33
18,Male,90.6,1.96,170,127,67,0.9,713.0,HIIT,24.4,2.5,3,2,23.58
34,Male,91.1,1.78,188,134,71,1.74,1368.0,Yoga,11.4,3.7,5,3,28.75
54,Male,126.8,1.93,166,133,74,0.51,324.0,Strength,28.6,2.8,3,1,34.04
22,Female,64.8,1.81,188,135,59,1.55,1232.0,Cardio,18.2,2.6,3,3,19.78
55,Male,94.3,1.76,183,150,58,0.51,392.0,Yoga,27.8,3.2,3,1,30.44
36,Female,69.0,1.81,183,150,73,0.75,644.0,Strength,26.4,2.1,2,1,21.06
58,Male,112.1,1.96,187,137,67,1.49,752.0,HIIT,21.1,2.9,3,2,29.18
39,Male,57.6,1.87,177,135,65,1.3,984.0,Cardio,26.5,3.0,2,1,16.47
30,Male,88.7,1.67,178,124,54,1.54,959.0,Strength,14.8,3.2,5,3,31.8
59,Male,127.7,1.68,171,151,66,1.13,888.0,Strength,31.4,3.3,2,1,45.25
37,Male,50.7,1.81,160,156,70,0.98,830.0,Strength,23.0,3.1,3,2,15.48
57,Male,87.0,1.69,195,145,58,0.95,723.0,HIIT,31.3,1.9,3,2,30.46
41,Female,72.9,1.68,179,127,69,0.59,426.0,Cardio,25.7,1.6,2,2,25.83
39,Male,69.0,1.77,184,120,62,1.25,752.0,Cardio,28.3,2.2,2,2,22.02
18,Female,60.5,1.67,175,146,68,1.85,1429.0,Yoga,11.9,2.2,5,3,21.69
59,Male,86.8,1.74,199,153,58,0.88,696.0,HIIT,29.9,1.8,3,1,28.67
46,Female,75.5,1.79,182,151,50,1.02,754.0,Cardio,28.8,2.7,4,1,23.56
48,Female,65.1,1.76,166,137,66,1.37,819.0,Strength,24.2,2.9,3,2,21.02
35,Male,86.2,1.69,184,124,70,1.91,1304.0,Cardio,12.5,3.6,4,3,30.18
55,Male,82.2,1.77,179,122,53,1.23,682.0,Cardio,24.6,2.4,3,3,26.24
36,Male,68.6,1.95,174,149,71,1.36,1147.0,Cardio,28.7,2.9,4,2,18.04
22,Male,87.1,1.93,168,141,57,1.63,1305.0,Cardio,10.0,3.2,5,3,23.38
25,Male,56.6,2.0,197,134,63,1.29,941.0,Strength,28.6,3.0,4,2,14.15
53,Female,54.5,1.6,199,169,61,1.58,1020.0,HIIT,28.5,1.5,2,1,21.29
22,Female,75.2,1.81,174,137,63,1.17,800.0,Cardio,29.8,1.8,3,1,22.95
22,Male,111.5,1.91,196,120,70,1.37,899.0,HIIT,22.3,2.5,2,1,30.56
51,Female,75.1,1.82,164,155,69,1.13,898.0,Cardio,24.4,1.9,3,1,22.67
56,Female,43.6,1.74,183,162,74,1.6,1078.0,Cardio,23.3,1.9,2,1,14.4
35,Female,56.5,1.52,187,135,57,1.24,774.0,Cardio,28.7,2.1,3,1,24.45
43,Female,68.5,1.71,165,147,55,1.28,896.0,Yoga,28.3,2.4,2,1,23.43
26,Male,65.2,1.69,196,149,62,0.78,475.0,HIIT,33.3,2.7,3,1,22.83
31,Male,88.2,1.88,175,144,64,1.57,1168.0,Cardio,13.2,3.5,5,3,24.95
29,Female,65.9,1.79,167,161,68,0.56,451.0,Cardio,26.3,2.0,2,2,20.57
54,Male,102.6,1.61,169,164,60,1.38,1209.0,Cardio,25.0,3.5,4,2,39.58
19,Male,61.7,1.91,163,121,56,0.71,500.0,Strength,22.7,3.1,3,2,16.91
27,Female,56.7,1.54,186,149,50,1.26,950.0,Yoga,23.4,2.5,2,3,23.91
30,Male,102.3,2.0,166,122,59,1.16,945.0,Strength,26.3,2.0,3,2,25.58
22,Female,53.6,1.53,192,140,57,1.0,604.0,Strength,29.3,1.5,2,1,22.9
22,Female,71.9,1.61,190,157,67,1.35,1133.0,HIIT,34.8,1.5,2,2,27.74
24,Female,45.8,1.65,199,156,64,1.08,788.0,HIIT,32.7,1.6,3,2,16.82
25,Female,44.2,1.73,180,147,56,0.86,625.0,Cardio,29.3,2.5,2,1,14.77
59,Male,81.4,1.62,182,156,61,1.3,784.0,Strength,27.0,3.3,5,1,31.02
55,Female,63.6,1.59,194,139,54,1.4,952.0,Strength,29.9,1.7,2,1,25.16
55,Male,59.8,1.7,168,120,72,0.83,385.0,Cardio,21.7,3.5,2,1,20.69
36,Male,77.7,1.65,193,124,70,1.31,901.0,Yoga,29.4,3.2,3,1,28.54
38,Male,120.1,1.6,160,167,65,1.52,1097.0,Yoga,19.6,2.3,3,1,46.91
45,Male,83.5,1.92,195,137,69,1.38,1067.0,Yoga,22.5,2.2,3,3,22.65
49,Male,80.5,1.73,192,169,66,1.66,1286.0,Cardio,14.2,2.7,3,3,26.9
33,Male,87.8,1.73,184,154,70,1.86,1650.0,HIIT,12.0,3.3,4,3,29.34
44,Female,61.2,1.64,179,169,55,1.1,1052.0,HIIT,34.9,2.5,3,2,22.75
28,Female,53.0,1.58,165,127,51,1.36,844.0,Yoga,27.1,2.3,2,1,21.23
53,Male,88.7,1.67,178,160,65,1.44,1313.0,HIIT,14.5,3.3,4,3,31.8
57,Female,57.2,1.6,199,158,66,1.67,1091.0,HIIT,30.0,2.6,3,1,22.34
49,Female,69.2,1.65,185,152,68,0.84,723.0,Strength,30.1,2.0,2,1,25.42
46,Male,87.7,1.65,177,135,74,1.9,1186.0,Cardio,11.9,3.7,5,3,32.21
48,Female,74.7,1.54,169,168,64,1.18,711.0,Cardio,30.5,2.0,2,2,31.5
49,Female,60.7,1.51,198,136,58,1.61,928.0,Yoga,16.4,2.3,4,3,26.62
48,Male,120.9,2.0,182,168,63,1.2,900.0,Yoga,25.7,2.5,2,2,30.22
39,Male,109.0,1.66,163,161,71,1.2,1126.0,HIIT,20.4,3.4,5,1,39.56
34,Female,72.3,1.73,175,130,68,0.58,303.0,Cardio,27.3,1.5,2,2,24.16
28,Male,100.9,1.66,187,131,62,1.55,1072.0,Strength,28.0,3.1,4,3,36.62
37,Male,121.2,1.68,184,141,70,1.39,1003.0,Cardio,21.7,1.7,5,2,42.94
51,Male,86.4,1.87,179,156,51,1.44,1128.0,HIIT,23.3,1.9,3,2,24.71
49,Male,113.0,1.62,196,150,50,0.5,355.0,Cardio,25.2,2.3,2,1,43.06
48,Male,84.7,1.73,188,150,71,2.0,1331.0,Strength,11.2,2.9,4,3,28.3
26,Female,50.2,1.54,164,129,54,1.12,867.0,Yoga,26.5,2.6,3,3,21.17
58,Male,129.5,1.77,167,151,67,1.09,910.0,Strength,29.0,2.9,2,1,41.34
29,Male,112.3,2.0,166,131,54,1.51,980.0,Strength,30.0,3.0,3,1,28.08
27,Female,40.7,1.75,169,144,57,0.97,641.0,Yoga,24.3,2.0,2,1,13.29
44,Male,80.5,1.92,193,164,50,1.1,1034.0,Yoga,16.8,2.5,2,1,21.84
52,Female,46.9,1.51,169,164,58,1.46,1040.0,Strength,30.6,1.6,2,2,20.57
28,Male,116.1,1.78,176,124,52,1.18,657.0,Cardio,21.9,3.4,2,3,36.64
22,Male,62.3,1.81,160,155,64,1.41,1012.0,Strength,24.6,3.4,4,1,19.02
51,Female,52.7,1.56,175,120,68,1.89,1172.0,Strength,17.3,3.0,3,3,21.66
49,Female,63.0,1.58,194,134,64,1.64,1076.0,HIIT,17.9,2.4,3,3,25.24
36,Male,93.6,2.0,197,169,69,1.94,1783.0,Strength,12.0,3.3,4,3,23.4
46,Female,70.7,1.77,160,140,67,1.3,881.0,Strength,28.0,2.2,4,2,22.57
35,Female,47.8,1.79,171,127,72,1.17,855.0,Strength,28.3,1.8,5,2,14.92
55,Male,73.1,1.84,160,150,66,1.13,834.0,Yoga,27.0,2.2,3,3,21.59
59,Female,49.2,1.67,188,125,66,1.27,817.0,Yoga,26.1,1.5,3,2,17.64
40,Female,69.7,1.7,165,145,55,0.89,681.0,Strength,35.0,2.3,3,2,24.12
57,Female,52.5,1.62,174,156,53,1.11,707.0,Cardio,27.9,2.4,2,1,20.0
40,Female,47.7,1.67,185,150,52,1.15,889.0,Yoga,27.2,2.2,3,2,17.1
28,Female,61.8,1.66,196,152,56,0.61,544.0,Strength,27.6,2.3,2,1,22.43
59,Male,89.0,1.63,182,158,63,1.11,879.0,Yoga,24.4,3.6,3,1,33.5
52,Male,50.0,1.72,182,131,63,1.35,736.0,Strength,20.6,3.7,3,2,16.9
55,Female,54.0,1.54,182,167,74,1.17,881.0,Cardio,35.0,1.5,3,2,22.77
26,Male,88.0,1.87,166,158,63,1.7,1320.0,Strength,12.3,3.5,5,2,25.17
27,Male,109.3,1.93,193,122,70,1.45,905.0,HIIT,25.5,3.0,3,2,29.34
20,Male,67.9,1.62,160,121,74,0.56,446.0,Cardio,29.8,1.9,3,2,25.87
53,Male,56.0,1.96,180,161,68,1.08,765.0,HIIT,23.8,2.7,3,1,14.58
31,Female,64.7,1.75,163,141,67,1.46,807.0,Yoga,26.9,2.4,4,3,21.13
22,Female,55.2,1.5,187,123,68,1.76,1251.0,Strength,12.0,2.6,5,3,24.53
41,Female,66.9,1.69,179,154,65,1.07,572.0,Yoga,26.7,2.4,4,3,23.42
44,Male,73.2,1.88,182,159,69,1.38,1246.0,HIIT,20.9,3.7,2,3,20.71
55,Female,76.9,1.82,166,145,64,1.06,606.0,Cardio,25.2,2.6,4,2,23.22
37,Male,110.5,1.78,191,133,63,1.6,1084.0,Cardio,20.3,3.7,2,2,34.88
48,Female,67.9,1.77,161,148,53,1.23,705.0,Yoga,35.0,1.9,3,2,21.67
21,Female,62.4,1.67,173,139,63,1.13,851.0,Cardio,24.6,2.3,2,2,22.37
45,Male,78.2,1.51,164,154,50,1.04,819.0,Strength,25.8,3.7,2,3,34.3
24,Male,83.3,1.95,188,124,57,1.9,1251.0,Strength,10.6,3.4,5,3,21.91
43,Female,67.9,1.51,195,133,56,0.65,346.0,Cardio,34.4,2.8,2,1,29.78
36,Male,120.9,1.81,187,169,66,1.52,1173.0,Yoga,25.7,1.9,2,2,36.9
23,Female,43.0,1.64,185,142,69,0.91,686.0,HIIT,28.7,2.7,3,1,15.99
44,Female,45.2,1.73,166,163,50,1.25,996.0,Strength,28.5,1.5,4,1,15.1
30,Male,85.6,1.79,194,127,59,1.46,974.0,Strength,24.8,2.5,2,2,26.72
59,Female,48.3,1.65,187,123,73,1.4,701.0,Yoga,25.0,1.5,3,2,17.74
34,Female,55.4,1.78,189,143,61,1.65,1229.0,Cardio,15.4,1.5,5,3,17.49
22,Female,61.6,1.5,185,162,53,1.29,970.0,Strength,33.3,1.7,3,1,27.38
52,Female,65.9,1.57,160,137,63,1.42,761.0,HIIT,26.7,2.0,3,2,26.74
22,Male,86.8,1.75,189,161,74,1.89,1707.0,Strength,12.8,3.7,4,2,28.34
49,Female,42.7,1.77,175,131,66,0.69,496.0,Strength,25.5,2.4,2,1,13.63
41,Female,52.2,1.63,191,137,68,1.17,986.0,HIIT,24.7,1.8,3,2,19.65
25,Male,73.6,1.96,188,147,58,1.23,1005.0,HIIT,27.4,2.3,4,3,19.16
34,Male,110.2,1.65,168,135,55,1.05,852.0,Cardio,27.3,3.0,4,3,40.48
26,Female,55.9,1.72,189,160,66,1.98,1512.0,Yoga,17.2,3.2,5,2,18.9
44,Female,70.4,1.7,174,163,56,1.61,1036.0,HIIT,33.1,1.6,5,3,24.36
32,Male,83.9,1.76,199,125,58,1.1,847.0,Yoga,27.3,3.7,3,2,27.09
30,Female,66.2,1.71,177,151,71,0.76,418.0,Strength,27.5,2.6,4,1,22.64
32,Female,68.7,1.6,166,125,64,1.16,638.0,Yoga,35.0,2.2,3,2,26.84
37,Female,58.1,1.56,199,142,74,1.74,1436.0,Cardio,18.8,3.0,5,3,23.87
36,Male,129.9,1.83,196,149,59,1.18,1016.0,HIIT,27.9,2.4,3,1,38.79
42,Male,97.9,1.93,193,134,74,0.91,626.0,Strength,26.5,3.2,2,2,26.28
55,Female,81.5,1.6,177,162,71,0.9,696.0,Cardio,30.8,2.4,2,2,31.84
19,Male,116.1,1.99,189,126,59,1.09,717.0,Cardio,29.1,2.0,2,1,29.32
21,Female,45.7,1.7,169,128,53,1.63,941.0,Cardio,29.1,2.2,4,2,15.81
18,Female,76.0,1.77,172,143,65,1.22,838.0,Cardio,28.5,1.5,3,3,24.26
20,Male,117.8,1.8,199,158,58,1.28,1203.0,Yoga,25.8,3.7,3,3,36.36
29,Female,60.0,1.76,193,153,65,1.98,1397.0,Yoga,19.4,3.2,4,2,19.37
21,Male,127.8,1.89,181,165,67,1.17,1243.0,Strength,18.4,2.8,3,1,35.78
28,Female,78.9,1.63,181,151,59,1.1,827.0,Strength,32.0,1.6,4,3,29.7
44,Male,129.2,1.77,196,154,72,0.58,510.0,Strength,23.5,3.0,3,1,41.24
22,Male,99.3,1.86,188,160,72,1.18,1374.0,Cardio,23.2,2.5,4,2,28.7
34,Male,112.6,1.85,162,131,63,1.24,857.0,HIIT,25.8,3.1,3,3,32.9
26,Female,74.4,1.53,177,164,63,1.15,1133.0,Cardio,30.4,2.6,3,1,31.78
47,Female,58.0,1.79,196,125,74,1.42,732.0,Yoga,30.8,1.6,3,1,18.1
49,Male,59.9,1.64,164,124,71,0.52,326.0,Cardio,18.9,3.0,2,2,22.27
38,Male,89.0,1.83,189,140,53,1.77,1359.0,Strength,15.0,2.6,4,3,26.58
33,Male,62.7,1.86,176,137,69,0.5,397.0,Yoga,25.7,1.8,2,1,18.12
39,Male,64.6,1.95,170,169,65,0.91,820.0,Yoga,23.8,3.0,3,1,16.99
26,Male,126.7,1.72,173,159,63,1.23,955.0,Yoga,27.1,3.7,5,3,42.83
39,Male,127.7,1.68,170,158,57,1.07,847.0,Cardio,25.9,3.2,2,2,45.25
30,Female,55.4,1.56,169,164,70,1.68,1266.0,HIIT,19.6,2.6,3,3,22.76
41,Male,79.2,1.96,181,133,65,1.15,791.0,Yoga,26.0,3.7,3,2,20.62
58,Male,85.5,1.82,192,169,74,1.26,1113.0,Strength,24.1,3.3,2,1,25.81
19,Male,102.3,1.89,177,130,50,1.13,922.0,Yoga,25.1,2.8,2,1,28.64
24,Male,100.9,1.82,198,126,59,1.47,947.0,HIIT,29.0,3.7,2,3,30.46
21,Female,62.7,1.54,191,161,71,1.15,847.0,Cardio,30.1,1.7,3,2,26.44
51,Male,125.6,1.93,199,130,73,1.23,798.0,Strength,28.0,2.6,3,2,33.72
31,Female,52.3,1.8,186,124,61,0.5,479.0,Yoga,31.2,3.0,2,1,16.14
57,Female,62.5,1.58,172,139,74,1.62,929.0,Cardio,18.3,2.7,4,3,25.04
57,Male,118.6,1.71,160,169,69,0.91,645.0,Strength,24.6,2.5,2,1,40.56
45,Male,44.5,1.94,170,162,68,1.37,930.0,Cardio,25.6,1.5,3,1,11.82
40,Male,65.8,1.87,170,144,72,1.3,1053.0,Cardio,27.1,2.8,5,3,18.82
59,Female,78.7,1.77,171,131,56,1.29,865.0,Strength,32.8,1.5,4,1,25.12
28,Male,59.7,1.98,195,135,63,1.43,891.0,Strength,28.0,3.4,3,1,15.23
38,Female,72.7,1.65,160,155,51,1.2,1037.0,Cardio,32.9,1.6,4,3,26.7
38,Female,70.0,1.7,189,154,56,0.96,638.0,Cardio,27.0,2.1,4,1,24.22
24,Female,70.4,1.65,164,158,54,1.3,1040.0,Strength,34.5,1.7,2,2,25.86
30,Male,89.3,2.0,162,155,57,1.89,1580.0,Cardio,13.2,3.5,4,2,22.32
33,Female,60.1,1.81,180,125,64,0.99,474.0,Cardio,35.0,2.0,3,1,18.34
29,Female,57.2,1.69,193,127,72,1.17,802.0,Yoga,24.0,2.3,3,2,20.03
27,Female,70.9,1.73,191,151,72,1.11,823.0,Cardio,32.6,2.1,3,2,23.69
18,Female,69.5,1.54,178,131,52,0.8,540.0,Cardio,29.0,1.6,3,2,29.31
48,Female,55.8,1.73,178,120,74,1.31,615.0,Yoga,35.0,2.6,3,3,18.64
44,Male,89.1,1.76,199,162,70,1.6,1278.0,HIIT,12.9,3.7,4,3,28.76
56,Female,75.4,1.69,186,125,67,1.05,645.0,Cardio,35.0,2.2,4,1,26.4
41,Male,96.7,1.89,191,126,52,1.27,861.0,Cardio,23.8,3.5,4,1,27.07
41,Female,49.7,1.63,167,132,52,1.44,992.0,Strength,30.0,2.5,2,1,18.71
42,Male,74.9,1.85,183,159,62,1.33,1142.0,HIIT,18.8,3.2,3,3,21.88
33,Male,103.8,1.72,183,145,53,1.52,1027.0,HIIT,30.3,2.4,3,1,35.09
40,Male,80.0,1.9,181,138,50,1.29,907.0,Yoga,28.6,3.1,5,2,22.16
53,Male,125.5,1.93,166,142,67,0.5,344.0,Strength,30.4,3.0,2,2,33.69
18,Male,59.7,1.83,163,125,56,1.08,525.0,Strength,23.6,2.5,3,1,17.83
59,Female,75.6,1.78,169,131,51,1.5,804.0,Strength,32.7,1.8,4,1,23.86
46,Male,68.6,1.94,170,136,61,1.14,844.0,Cardio,28.2,3.4,4,1,18.23
25,Female,46.7,1.66,199,125,56,0.56,377.0,Yoga,27.9,2.6,2,2,16.95
41,Male,64.3,1.92,180,161,70,1.45,1310.0,Strength,22.8,2.7,5,1,17.44
44,Male,50.1,1.86,160,160,69,0.82,725.0,Strength,20.5,3.1,2,1,14.48
59,Female,60.4,1.78,167,130,58,0.65,322.0,Cardio,28.6,1.9,2,1,19.06
40,Female,70.3,1.5,179,132,71,1.45,806.0,Yoga,29.9,2.1,5,1,31.24
37,Female,56.0,1.73,179,151,55,2.0,1398.0,Yoga,17.0,2.8,4,3,18.71
56,Male,120.0,1.66,169,149,55,1.12,782.0,HIIT,21.7,2.2,5,2,43.55
59,Male,96.1,1.65,192,120,59,1.63,972.0,Strength,23.6,3.7,3,1,35.3
55,Female,44.6,1.66,165,124,57,1.19,712.0,Yoga,25.1,1.7,5,2,16.19
41,Female,58.8,1.82,189,142,63,1.89,1538.0,Yoga,23.2,3.4,5,2,17.75
53,Female,66.0,1.66,193,133,61,1.99,1176.0,Cardio,18.7,2.4,4,3,23.95
45,Male,60.3,1.92,179,167,67,1.04,807.0,Yoga,24.9,2.5,4,1,16.36
52,Female,64.6,1.52,164,164,72,1.9,1413.0,HIIT,16.1,3.0,4,3,27.96
29,Male,83.7,1.77,177,141,55,1.23,1036.0,Cardio,31.2,2.7,4,3,26.72
55,Male,52.9,1.87,174,168,55,1.02,958.0,HIIT,31.9,3.2,2,1,15.13
34,Male,81.0,1.79,184,128,58,1.25,873.0,Yoga,28.9,2.9,5,2,25.28
39,Male,78.6,1.81,188,127,54,1.58,943.0,Strength,26.0,2.5,3,3,23.99
44,Male,53.1,1.87,184,157,69,1.28,983.0,Strength,25.6,2.7,2,1,15.18
52,Male,93.0,1.69,172,146,55,1.62,883.0,Strength,33.6,2.5,2,2,32.56
37,Female,54.6,1.5,193,125,70,0.77,644.0,Cardio,30.8,2.6,2,1,24.27
45,Male,86.7,1.78,183,162,71,1.61,1386.0,Strength,11.7,3.1,4,2,27.36
57,Male,87.8,1.73,183,156,68,1.31,1099.0,Yoga,29.1,3.2,4,2,29.34
50,Male,56.4,1.66,170,164,57,1.03,1015.0,Strength,21.9,2.1,3,1,20.47
55,Male,90.6,1.79,182,169,74,1.56,1156.0,Strength,27.6,2.5,2,3,28.28
18,Male,109.7,1.97,169,162,54,0.93,838.0,Cardio,26.0,3.2,4,1,28.27
54,Female,48.1,1.71,171,132,74,0.86,471.0,Strength,27.1,2.4,3,1,16.45
46,Male,126.2,1.89,175,128,70,1.41,882.0,Strength,24.1,3.7,3,2,35.33
52,Male,92.1,1.81,169,147,69,1.47,1039.0,Cardio,23.1,3.2,3,2,28.11
26,Male,81.1,2.0,163,130,52,1.58,982.0,Strength,30.0,2.4,2,1,20.27
40,Male,86.9,1.85,160,142,61,0.68,613.0,Strength,30.9,3.7,3,2,25.39
50,Female,66.4,1.61,190,164,52,1.27,998.0,Strength,26.1,1.9,3,1,25.62
28,Male,86.8,1.83,175,142,64,1.3,1188.0,Cardio,12.0,3.7,5,3,25.92
32,Male,71.2,1.98,194,131,58,0.5,563.0,Yoga,21.9,2.8,3,2,18.16
38,Male,76.4,1.78,185,123,62,1.21,990.0,Yoga,30.7,3.7,4,2,24.11
25,Male,98.9,1.9,195,134,74,0.5,329.0,Cardio,19.2,1.7,2,1,27.4
42,Male,57.0,1.89,175,148,63,1.26,1094.0,Strength,26.9,2.3,4,1,15.96
19,Male,84.6,1.95,168,130,61,1.7,1290.0,Cardio,10.2,3.7,5,3,22.25
56,Male,90.7,1.6,196,125,63,1.48,940.0,Strength,23.4,3.7,2,1,35.43
53,Female,56.0,1.74,196,151,70,1.7,1283.0,HIIT,14.5,3.2,5,3,18.5
39,Male,67.7,1.61,160,161,69,0.89,827.0,Cardio,23.7,2.7,4,3,26.12
33,Male,94.0,1.96,191,132,50,1.31,907.0,HIIT,22.9,3.4,4,3,24.47
51,Female,75.1,1.55,160,143,58,0.85,425.0,Strength,29.5,2.9,2,1,31.26
21,Male,120.8,1.9,192,163,56,0.85,731.0,Yoga,23.0,3.7,2,1,33.46
49,Male,59.4,1.62,170,146,60,1.02,875.0,Strength,20.6,2.6,4,2,22.63
59,Female,40.6,1.62,174,134,55,1.14,668.0,Strength,35.0,2.7,3,2,15.47
30,Male,111.7,1.86,161,136,65,1.23,894.0,HIIT,20.7,3.0,3,3,32.29
23,Female,61.9,1.5,191,158,54,1.6,1270.0,Cardio,19.0,2.8,5,3,27.51
47,Female,56.6,1.5,178,144,65,1.59,900.0,Cardio,29.5,2.5,2,2,25.16
33,Female,60.3,1.76,193,135,74,1.14,745.0,Yoga,25.1,1.7,2,1,19.47
43,Female,77.9,1.76,173,129,58,1.4,777.0,Yoga,34.8,2.1,3,1,25.15
22,Male,121.2,1.83,190,151,60,1.13,1015.0,Cardio,17.5,3.3,3,3,36.19
59,Male,79.2,1.69,193,142,72,1.88,1460.0,Cardio,14.0,3.1,5,3,27.73
57,Male,105.7,1.66,184,165,66,1.37,1026.0,Cardio,21.1,3.0,3,1,38.36
59,Female,65.9,1.74,166,122,61,0.51,355.0,Cardio,25.3,1.5,2,1,21.77
22,Male,111.1,1.7,199,129,56,1.0,725.0,Yoga,27.6,3.3,3,1,38.44
28,Male,81.4,1.75,182,140,55,1.52,1461.0,Yoga,15.4,3.5,3,3,26.58
44,Male,81.0,1.88,168,127,59,2.0,1173.0,HIIT,12.2,3.5,4,3,22.92
47,Female,61.0,1.68,175,152,72,1.28,917.0,HIIT,29.3,2.4,3,2,21.61
46,Male,66.3,1.75,180,138,61,1.26,782.0,Yoga,27.1,2.0,4,1,21.65
40,Female,59.2,1.71,173,163,58,1.83,1261.0,Cardio,14.7,2.9,5,2,20.25
51,Female,59.6,1.5,181,138,63,1.44,885.0,Cardio,28.9,2.5,2,2,26.49
58,Male,89.6,1.68,182,157,52,1.35,1010.0,Strength,27.6,1.9,3,2,31.75
54,Male,45.7,1.68,169,159,58,1.52,1101.0,Yoga,26.0,3.1,3,3,16.19
36,Female,58.8,1.69,164,156,66,1.18,918.0,Strength,24.6,1.6,5,1,20.59
21,Female,43.9,1.63,177,126,68,0.95,678.0,HIIT,33.5,2.5,2,1,16.52
23,Male,99.3,1.85,189,154,69,1.5,1380.0,Cardio,21.7,2.3,4,2,29.01
38,Male,76.2,2.0,184,135,70,1.16,870.0,Yoga,19.1,3.7,5,2,19.05
18,Female,65.9,1.62,182,159,71,1.08,911.0,Cardio,31.8,1.9,2,1,25.11
33,Female,58.7,1.57,190,122,73,1.62,949.0,Strength,15.6,2.7,5,2,23.81
20,Male,56.9,1.79,161,138,61,0.55,445.0,Strength,22.2,2.8,4,1,17.76
37,Male,88.0,1.79,179,140,64,1.49,1425.0,Yoga,13.3,3.1,4,3,27.46
47,Male,89.6,1.79,195,164,67,1.56,1213.0,HIIT,13.7,3.2,4,2,27.96
38,Male,60.0,1.68,183,147,70,1.29,1079.0,HIIT,21.6,3.3,3,2,21.26
18,Female,64.3,1.5,170,169,59,1.51,1131.0,HIIT,27.5,2.3,2,2,28.58
22,Female,60.6,1.62,199,131,60,1.64,1147.0,Cardio,18.2,2.6,5,3,23.09
29,Female,71.1,1.65,161,121,56,1.15,713.0,Cardio,32.8,2.7,5,1,26.12
20,Female,40.0,1.74,173,141,60,1.03,564.0,Yoga,28.0,2.5,2,1,13.21
44,Female,48.4,1.71,162,159,54,1.4,910.0,Strength,29.3,2.0,2,1,16.55
26,Male,120.0,1.94,175,160,58,1.3,1090.0,Cardio,34.3,3.0,4,2,31.88
28,Female,54.9,1.73,195,131,67,1.1,722.0,Yoga,25.2,1.6,2,3,18.34
51,Female,54.9,1.53,181,128,54,1.55,679.0,HIIT,33.8,2.6,4,1,23.45
51,Male,92.4,1.87,166,158,66,1.5,1129.0,Cardio,25.5,3.0,2,1,26.42
54,Male,62.9,1.95,162,135,68,0.96,670.0,Strength,25.2,1.8,2,1,16.54
49,Female,61.8,1.59,195,132,71,1.32,709.0,HIIT,32.3,1.5,3,1,24.45
18,Female,73.4,1.68,178,120,59,0.69,489.0,Cardio,27.4,1.5,2,1,26.01
55,Female,51.9,1.57,163,152,67,1.62,1152.0,HIIT,17.5,3.4,3,2,21.06
22,Male,119.0,1.72,169,139,58,1.17,965.0,Yoga,29.9,2.7,3,3,40.22
35,Female,64.2,1.56,183,136,66,1.46,800.0,HIIT,30.6,3.2,2,3,26.38
43,Female,66.2,1.56,184,148,69,1.03,770.0,Strength,35.0,2.4,2,1,27.2
27,Female,69.4,1.71,179,130,65,0.86,583.0,Yoga,28.7,1.5,3,1,23.73
21,Female,74.0,1.69,164,151,61,1.45,1104.0,Yoga,25.1,2.0,2,3,25.91
45,Female,73.6,1.62,179,137,67,1.19,714.0,Yoga,28.1,1.9,4,2,28.04
57,Female,48.7,1.78,189,159,72,1.25,916.0,Strength,33.2,2.1,3,1,15.37
58,Male,108.1,1.66,188,163,63,1.31,1055.0,Cardio,21.0,3.3,3,1,39.23
56,Male,53.3,1.77,171,137,69,1.0,446.0,HIIT,24.8,2.1,2,1,17.01
54,Male,60.0,1.59,165,127,74,0.5,303.0,Cardio,22.3,3.7,3,1,23.73
19,Female,74.1,1.76,179,126,62,0.76,473.0,HIIT,28.6,1.5,2,1,23.92
46,Male,82.8,1.82,169,121,74,1.98,1068.0,Yoga,13.9,2.8,5,3,25.0
49,Female,52.2,1.72,167,144,70,1.03,703.0,HIIT,27.9,1.5,3,2,17.64
50,Male,104.4,1.85,180,126,64,0.73,508.0,Cardio,25.2,2.5,2,1,30.5
33,Male,123.5,1.89,182,131,50,1.38,890.0,HIIT,25.2,3.6,3,2,34.57
23,Male,107.1,1.82,183,122,50,1.36,1011.0,Cardio,19.1,3.2,2,1,32.33
52,Female,70.2,1.66,198,162,69,1.09,870.0,Cardio,30.1,1.6,2,1,25.48
59,Female,64.9,1.6,166,120,57,1.23,620.0,HIIT,24.6,1.6,3,3,25.35
53,Female,76.4,1.72,199,155,56,1.0,676.0,Cardio,24.8,2.2,2,1,25.82
33,Female,79.0,1.73,192,141,62,0.91,666.0,Cardio,24.8,2.3,3,1,26.4
22,Male,119.0,1.62,184,134,67,1.09,668.0,Cardio,27.8,2.9,3,1,45.34
18,Male,128.6,1.97,170,148,56,0.73,434.0,Cardio,23.5,2.1,3,2,33.14
25,Male,79.4,1.94,174,169,58,1.04,1046.0,Strength,20.5,2.8,2,1,21.1
23,Male,98.1,1.85,193,140,72,0.5,443.0,Cardio,20.8,2.6,3,2,28.66
18,Female,64.6,1.6,198,134,54,1.86,1223.0,Cardio,17.4,3.0,5,2,25.23
19,Male,75.9,1.74,189,121,69,1.3,851.0,Yoga,28.9,3.1,2,3,25.07
47,Female,59.7,1.64,198,129,74,1.35,742.0,HIIT,32.4,1.5,2,2,22.2
53,Male,80.2,1.7,167,127,53,0.97,720.0,Strength,31.4,1.8,4,2,27.75
22,Female,60.2,1.63,192,169,68,1.62,1330.0,Cardio,19.5,2.9,5,3,22.66
57,Female,75.0,1.58,193,162,67,0.87,759.0,Cardio,35.0,2.3,4,1,30.04
43,Male,73.7,1.71,186,136,72,0.5,358.0,Strength,27.4,2.9,3,2,25.2
38,Male,80.5,1.66,181,137,74,1.9,1326.0,HIIT,12.0,3.4,5,3,29.21
51,Male,77.0,1.78,178,136,50,1.48,981.0,Strength,24.2,3.7,3,1,24.3
36,Female,78.7,1.64,194,169,60,1.11,985.0,Strength,29.8,2.8,3,3,29.26
31,Female,67.4,1.55,188,126,74,1.74,996.0,Strength,17.6,2.0,4,3,28.05
26,Female,41.3,1.67,167,162,59,1.01,789.0,HIIT,29.5,1.9,3,1,14.81
51,Male,71.3,1.73,188,140,71,1.31,1030.0,Strength,24.8,2.8,4,1,23.82
51,Male,49.9,1.78,164,130,65,0.89,595.0,HIIT,27.2,2.1,2,1,15.75
21,Female,40.8,1.66,190,149,62,1.57,1006.0,Yoga,28.1,2.6,5,3,14.81
58,Female,75.0,1.65,166,133,64,0.62,366.0,Cardio,30.3,1.8,2,1,27.55
33,Male,101.3,1.75,180,133,60,1.43,1064.0,Strength,27.4,2.5,3,3,33.08
47,Female,63.0,1.64,196,132,63,0.54,303.0,Cardio,35.0,2.7,2,2,23.42
26,Female,62.3,1.5,180,142,73,1.88,1125.0,Cardio,21.2,3.0,4,2,27.69
47,Male,107.6,1.73,170,144,63,1.19,982.0,Cardio,25.0,1.8,2,1,35.95
34,Male,98.4,1.98,183,141,74,1.33,1094.0,Yoga,21.7,2.3,4,1,25.1
45,Female,73.3,1.66,170,147,64,1.28,908.0,Strength,32.3,1.5,2,2,26.6
52,Male,85.7,1.84,175,150,67,1.97,1381.0,HIIT,10.6,3.7,4,3,25.31
37,Male,104.4,2.0,199,136,74,0.71,497.0,HIIT,28.3,2.7,2,2,26.1
45,Female,71.2,1.62,188,121,64,1.12,529.0,HIIT,27.7,2.2,5,2,27.13
32,Male,65.0,1.67,191,153,58,0.59,665.0,HIIT,29.1,3.0,2,2,23.31
34,Female,42.8,1.62,165,159,71,1.23,889.0,Cardio,28.6,1.7,4,1,16.31
53,Male,85.9,1.62,166,162,68,1.52,1336.0,HIIT,11.7,3.5,5,2,32.73
46,Male,96.1,1.71,186,122,58,1.49,895.0,Strength,25.4,2.6,3,2,32.86
46,Female,77.8,1.79,182,142,65,1.01,743.0,Yoga,27.3,2.2,2,1,24.28
55,Male,94.3,1.77,197,139,51,1.04,999.0,Cardio,21.0,3.1,3,3,30.1
28,Male,71.6,1.65,160,162,70,1.16,961.0,Strength,18.5,3.0,3,2,26.3
27,Female,53.5,1.73,194,159,69,2.0,1576.0,Yoga,17.2,3.0,5,3,17.88
24,Male,126.1,1.71,195,164,57,1.36,1285.0,HIIT,28.1,3.5,2,3,43.12
22,Female,58.1,1.75,186,131,74,0.66,364.0,HIIT,29.9,2.2,4,1,18.97
36,Female,71.4,1.5,165,168,71,0.97,712.0,Yoga,30.2,1.5,2,1,31.73
34,Male,121.2,1.73,184,142,73,1.34,1032.0,Cardio,19.3,2.1,4,3,40.5
18,Female,58.4,1.52,186,167,50,1.77,1430.0,Cardio,20.3,3.0,4,3,25.28
26,Female,68.8,1.63,188,134,50,1.27,962.0,Cardio,28.1,2.2,4,2,25.89
46,Male,55.8,1.85,183,158,72,1.19,975.0,Strength,25.0,3.0,4,2,16.3
43,Female,41.5,1.75,160,130,69,0.94,547.0,Strength,31.4,1.5,3,1,13.55
35,Female,70.7,1.61,173,125,59,0.95,789.0,Strength,31.3,1.7,2,2,27.28
34,Female,61.2,1.75,179,120,58,0.82,512.0,Cardio,30.4,1.9,2,2,19.98
40,Male,88.5,1.64,165,163,74,1.51,1150.0,Cardio,22.0,3.7,3,2,32.9
58,Female,64.6,1.73,184,137,61,2.0,1280.0,Cardio,17.4,2.7,4,2,21.58
54,Male,117.0,1.93,195,163,50,1.36,1006.0,Yoga,26.0,1.8,3,3,31.41
49,Female,64.1,1.61,192,129,56,0.8,444.0,Cardio,35.0,1.6,3,1,24.73
28,Female,68.7,1.65,173,160,74,0.6,460.0,Strength,31.2,2.3,3,1,25.23
57,Male,100.8,1.79,198,138,50,1.36,944.0,Cardio,20.4,2.9,3,3,31.46
45,Female,55.3,1.76,185,153,56,1.5,1094.0,Strength,18.6,2.8,4,2,17.85
53,Female,56.8,1.67,194,167,69,1.45,1155.0,HIIT,29.5,2.0,2,1,20.37
20,Male,104.0,2.0,176,136,66,0.84,673.0,Yoga,26.9,3.0,3,1,26.0
34,Male,95.1,1.95,194,140,52,1.39,1008.0,HIIT,24.4,3.5,2,2,25.01
46,Female,56.8,1.54,162,120,56,1.77,995.0,Cardio,15.7,3.3,5,3,23.95
40,Male,59.2,1.95,165,133,54,1.32,961.0,Cardio,24.2,3.7,5,2,15.57
37,Male,95.8,1.69,182,144,69,1.31,1062.0,Strength,23.9,3.0,2,2,33.54
53,Female,65.1,1.67,199,131,58,1.28,736.0,HIIT,28.3,2.6,3,1,23.34
35,Female,55.7,1.55,160,152,58,1.86,1283.0,Yoga,19.5,2.8,5,2,23.18
36,Male,58.9,1.9,188,144,61,1.37,902.0,Cardio,25.7,3.3,4,3,16.32
19,Female,43.0,1.58,194,120,56,0.5,368.0,Yoga,23.9,2.3,3,2,17.22
41,Male,90.9,1.78,166,120,67,1.2,747.0,HIIT,27.4,3.2,4,1,28.69
45,Female,63.7,1.66,192,130,71,1.75,1188.0,Yoga,17.5,2.6,4,2,23.12
30,Female,56.8,1.58,167,122,51,1.69,1094.0,Yoga,12.2,3.1,4,3,22.75
36,Female,63.6,1.79,166,144,67,1.09,921.0,Yoga,28.9,1.5,4,2,19.85
42,Male,87.2,1.83,181,136,69,1.67,1155.0,HIIT,15.8,3.3,5,2,26.04
21,Male,47.1,1.66,177,133,72,0.99,679.0,Strength,20.5,3.2,3,1,17.09
40,Female,65.7,1.77,188,132,53,1.51,737.0,Strength,26.9,1.7,3,1,20.97
18,Female,61.4,1.57,188,156,50,1.46,1330.0,Cardio,18.0,2.8,5,3,24.91
42,Female,74.6,1.64,181,147,50,1.25,947.0,Cardio,27.8,2.2,4,1,27.74
55,Male,85.7,1.58,189,149,69,2.0,1435.0,Cardio,14.0,3.4,5,2,34.33
48,Male,60.4,1.71,166,144,64,1.13,808.0,Strength,20.9,2.5,3,1,20.66
42,Male,62.3,1.73,187,135,55,1.33,894.0,HIIT,26.8,3.7,4,2,20.82
22,Male,50.5,2.0,160,122,65,1.3,719.0,Yoga,24.0,2.0,3,3,12.62
46,Male,73.1,1.93,179,144,52,0.72,875.0,Cardio,28.7,3.1,2,2,19.62
47,Male,61.5,1.71,167,168,57,1.34,925.0,Strength,22.7,2.3,2,1,21.03
38,Female,42.4,1.74,190,138,63,0.5,366.0,Yoga,26.3,2.9,2,1,14.0
42,Male,107.9,1.67,191,169,61,1.33,1165.0,Strength,23.0,2.9,3,1,38.69
54,Female,49.2,1.61,169,157,71,1.04,640.0,HIIT,29.8,2.8,3,3,18.98
52,Male,69.9,1.66,167,157,66,1.15,852.0,Yoga,30.8,2.6,2,3,25.37
28,Female,58.9,1.55,177,126,71,1.62,1104.0,Strength,16.5,2.9,5,3,24.52
48,Male,79.5,1.76,166,134,53,0.95,633.0,Strength,24.8,2.3,3,2,25.67
37,Female,53.0,1.61,189,142,52,1.79,1096.0,Strength,20.5,3.0,4,2,20.45
47,Female,66.7,1.56,170,121,57,1.28,875.0,Yoga,29.3,2.2,3,3,27.41
37,Male,88.5,1.7,186,153,73,1.66,1600.0,HIIT,10.2,3.6,4,2,30.62
45,Male,119.3,1.97,164,125,59,1.42,834.0,HIIT,32.0,2.8,2,1,30.74
22,Female,63.6,1.52,199,136,57,2.0,1359.0,Strength,12.5,2.7,5,2,27.53
33,Female,50.4,1.76,175,147,60,1.28,788.0,Strength,35.0,2.1,3,3,16.27
27,Female,63.5,1.5,194,120,59,1.09,683.0,Strength,23.7,2.5,4,1,28.22
55,Male,48.7,1.88,170,156,51,0.67,506.0,HIIT,29.8,3.7,3,1,13.78
28,Male,50.6,1.96,171,126,64,1.01,690.0,Yoga,27.1,1.7,4,2,13.17
48,Male,104.6,1.65,192,121,56,0.61,335.0,HIIT,19.3,2.6,3,1,38.42
41,Male,77.1,1.95,184,131,65,1.3,811.0,Yoga,22.7,3.3,5,3,20.28
59,Female,62.7,1.64,189,148,50,1.38,1063.0,Strength,34.6,2.1,2,1,23.31
43,Male,109.9,1.72,174,149,69,0.99,912.0,Cardio,31.0,2.1,2,1,37.15
59,Male,75.2,1.77,193,137,61,1.22,629.0,HIIT,26.9,2.3,3,1,24.0
36,Female,61.6,1.61,168,169,59,0.96,716.0,HIIT,27.5,1.5,2,1,23.76
37,Male,109.5,1.89,161,158,63,0.54,626.0,Strength,29.8,3.7,2,2,30.65
26,Female,60.7,1.57,196,133,60,2.0,1340.0,Yoga,24.1,2.8,4,3,24.63
30,Male,91.3,1.86,171,122,69,1.54,957.0,Yoga,13.7,3.7,3,3,26.39
41,Female,81.7,1.8,167,127,59,1.49,888.0,Yoga,35.0,1.9,5,2,25.22
31,Female,62.8,1.62,176,140,59,1.62,1190.0,Yoga,20.1,2.6,5,3,23.93
54,Female,48.6,1.63,169,142,61,1.31,733.0,Strength,33.8,2.4,2,1,18.29
59,Female,71.2,1.64,198,120,65,1.43,641.0,Cardio,32.6,2.5,4,3,26.47
43,Male,93.1,1.8,164,125,70,1.39,704.0,HIIT,26.7,3.2,5,3,28.73
38,Male,60.0,1.84,199,164,73,1.23,1104.0,Strength,26.5,2.6,2,2,17.72
18,Male,54.6,1.88,173,135,66,0.82,458.0,Cardio,26.5,3.7,4,1,15.45
58,Female,67.0,1.78,182,158,69,1.82,1001.0,HIIT,18.7,2.0,5,3,21.15
32,Female,67.7,1.7,186,162,51,0.88,684.0,Cardio,27.3,1.6,2,1,23.43
47,Male,87.1,1.79,189,134,67,1.52,1145.0,HIIT,12.5,3.5,5,2,27.18
28,Female,67.3,1.77,169,120,69,1.03,567.0,Strength,35.0,1.5,2,1,21.48
35,Male,66.4,1.64,186,126,60,0.82,416.0,Cardio,23.5,3.5,2,2,24.69
35,Male,70.0,1.97,168,146,74,1.46,1105.0,Cardio,28.8,2.6,5,3,18.04
25,Male,61.3,1.82,160,146,64,0.5,432.0,Strength,21.0,2.2,3,1,18.51
51,Male,105.1,1.92,182,126,58,0.71,439.0,Cardio,23.4,3.0,3,1,28.51
37,Female,74.3,1.58,172,163,56,1.67,1141.0,Cardio,30.8,2.7,4,1,29.76
20,Male,61.1,1.89,163,120,52,0.9,502.0,Strength,24.9,2.9,4,1,17.1
32,Female,69.8,1.7,195,146,68,1.03,808.0,Strength,27.9,1.9,5,3,24.15
30,Male,82.1,1.62,183,120,68,1.65,1171.0,Cardio,13.0,3.5,4,3,31.28
46,Female,63.1,1.75,199,142,50,1.65,1122.0,Yoga,13.8,2.8,5,3,20.6
29,Male,51.5,1.92,167,120,69,1.17,902.0,Yoga,27.1,2.0,3,2,13.97
56,Male,64.6,1.62,165,145,53,1.18,1009.0,Strength,20.8,2.7,4,1,24.62
47,Female,43.0,1.61,196,132,70,1.1,529.0,Yoga,34.2,1.8,4,1,16.59
48,Female,56.9,1.58,199,120,59,1.81,935.0,Cardio,20.1,2.4,5,2,22.79
26,Male,72.4,1.7,179,121,72,0.85,561.0,Yoga,25.8,2.3,2,1,25.05
20,Female,40.0,1.62,175,128,66,1.3,683.0,HIIT,31.5,1.9,2,1,15.24
20,Female,40.0,1.79,168,144,59,0.8,508.0,Yoga,27.3,2.4,4,1,12.48
30,Female,69.1,1.7,172,146,74,0.86,723.0,Strength,28.4,1.9,2,1,23.91
54,Female,51.8,1.74,196,127,72,1.17,780.0,Strength,32.0,2.2,4,2,17.11
34,Female,56.1,1.61,179,146,70,1.78,1289.0,Strength,19.8,3.1,4,2,21.64
47,Male,84.0,1.98,183,159,63,1.86,1386.0,HIIT,12.5,3.4,5,2,21.43
22,Female,71.9,1.69,169,122,53,1.56,848.0,Strength,34.2,2.0,2,1,25.17
36,Male,88.1,1.88,191,138,52,1.81,1492.0,Strength,10.0,3.1,4,2,24.93
53,Female,67.5,1.73,189,167,70,1.24,960.0,Yoga,34.9,1.9,2,2,22.55
39,Female,60.5,1.59,181,153,69,1.41,882.0,Strength,32.1,1.7,2,1,23.93
23,Male,113.0,1.94,161,145,52,1.36,1085.0,Strength,20.0,2.7,2,1,30.02
34,Female,64.1,1.63,160,158,70,1.13,744.0,HIIT,26.2,2.9,5,3,24.13
30,Female,57.1,1.54,181,161,70,1.1,686.0,Strength,28.5,2.0,2,2,24.08
51,Male,96.0,1.65,184,121,66,1.43,939.0,Strength,24.6,3.3,4,3,35.26
58,Male,114.1,1.72,185,168,57,1.07,815.0,HIIT,22.4,2.7,2,1,38.57
32,Male,102.4,1.93,187,145,74,1.22,1028.0,Yoga,23.7,3.1,4,1,27.49
23,Female,70.5,1.7,169,120,51,1.39,814.0,Strength,35.0,1.9,2,1,24.39
33,Male,52.2,1.77,173,125,50,1.22,1064.0,Strength,19.4,1.9,4,2,16.66
52,Female,69.3,1.52,167,130,63,1.18,805.0,HIIT,26.7,2.5,5,3,29.99
21,Male,61.8,1.83,166,121,50,0.79,637.0,Strength,25.0,2.5,2,1,18.45
40,Male,120.7,1.93,193,127,58,1.37,1145.0,Cardio,25.7,3.3,4,1,32.4
50,Female,73.5,1.61,190,145,64,1.18,792.0,Strength,31.1,1.6,3,3,28.36
19,Male,117.6,1.56,188,163,57,1.38,1334.0,Cardio,20.1,2.6,4,1,48.32
55,Female,49.4,1.58,188,156,66,1.5,1009.0,HIIT,30.4,1.9,3,1,19.79
50,Female,41.9,1.62,174,125,65,1.49,823.0,HIIT,34.9,1.6,3,2,15.97
38,Female,63.8,1.56,183,146,63,1.34,909.0,Strength,35.0,2.1,2,1,26.22
28,Female,51.9,1.61,171,163,56,1.58,1094.0,HIIT,32.5,1.5,2,1,20.02
32,Female,68.1,1.77,164,158,67,0.54,507.0,Cardio,24.8,1.9,3,1,21.74
38,Male,50.4,1.65,180,154,62,0.86,478.0,Strength,25.4,2.6,3,2,18.51
47,Male,91.9,1.69,180,169,51,2.0,1566.0,Strength,16.3,3.4,3,2,32.18
47,Male,51.8,2.0,173,125,53,0.95,581.0,Yoga,24.7,2.9,3,1,12.95
54,Male,95.4,1.72,180,145,74,1.86,1277.0,Cardio,16.1,3.5,5,3,32.25
40,Male,70.6,1.71,190,144,65,0.95,619.0,Yoga,28.3,3.1,2,2,24.14
25,Female,63.9,1.62,182,133,65,1.02,692.0,Strength,35.0,2.4,3,1,24.35
23,Male,114.8,1.98,160,152,58,1.38,1056.0,Strength,21.5,3.4,2,1,29.28
47,Male,81.3,1.85,187,153,53,1.23,1063.0,HIIT,25.7,2.1,3,3,23.75
33,Female,55.9,1.73,171,146,61,1.0,720.0,Strength,35.0,2.0,4,3,18.68
19,Male,103.7,1.89,166,135,50,1.02,689.0,Yoga,32.2,2.2,5,3,29.03
28,Male,64.8,1.89,172,153,57,1.21,1079.0,HIIT,22.2,3.1,4,1,18.14
42,Male,78.5,1.68,174,137,60,1.05,561.0,Cardio,24.9,2.8,3,3,27.81
56,Female,47.8,1.56,179,160,59,1.46,1012.0,Strength,30.9,1.7,3,1,19.64
53,Female,46.1,1.68,175,127,63,1.29,710.0,HIIT,35.0,1.5,4,1,16.33
49,Male,109.8,2.0,181,125,69,1.11,555.0,Cardio,23.0,2.0,2,2,27.45
58,Male,128.8,1.85,195,127,74,1.28,767.0,Strength,20.2,3.2,3,1,37.63
20,Female,63.9,1.6,182,165,64,1.43,1174.0,HIIT,34.2,1.9,2,2,24.96
25,Female,55.8,1.84,182,148,70,1.38,1249.0,Yoga,15.7,2.4,3,2,16.48
47,Male,128.4,1.61,195,160,64,0.68,592.0,Cardio,28.4,3.7,2,1,49.54
25,Male,48.6,1.83,199,126,70,1.27,719.0,Strength,21.4,2.9,4,1,14.51
51,Male,117.1,1.67,199,144,55,0.6,411.0,Cardio,25.1,2.7,3,1,41.99
22,Male,55.6,1.72,163,166,51,0.75,738.0,Yoga,23.1,3.7,3,2,18.79
47,Male,58.0,1.71,161,146,58,1.11,931.0,Strength,19.8,2.2,4,1,19.84
36,Female,55.2,1.6,180,154,61,1.81,1130.0,Yoga,14.3,2.7,4,2,21.56
26,Male,104.0,1.84,167,124,50,0.92,663.0,Yoga,26.9,2.7,4,1,30.72
41,Male,76.7,1.58,162,135,51,1.12,717.0,Strength,26.1,3.6,5,1,30.72
20,Male,61.3,1.85,160,120,57,0.86,489.0,Strength,24.9,3.2,3,1,17.91
42,Female,56.9,1.68,177,156,54,1.6,1047.0,Strength,19.3,2.7,4,3,20.16
54,Male,51.5,1.78,160,152,64,1.44,1094.0,Cardio,22.6,2.9,3,1,16.25
19,Female,61.0,1.63,193,161,50,1.0,931.0,Strength,30.5,2.2,4,2,22.96
30,Male,84.6,2.0,167,153,52,1.67,1470.0,Cardio,13.3,3.5,3,3,21.15
49,Male,127.0,1.77,193,152,70,0.75,542.0,Strength,24.7,2.5,2,2,40.54
37,Male,86.2,1.85,175,138,74,0.87,662.0,Yoga,30.9,3.6,3,1,25.19
47,Male,46.8,1.66,160,163,61,1.53,1096.0,Yoga,22.6,2.9,5,1,16.98
42,Female,52.0,1.56,183,132,70,0.86,578.0,Strength,31.5,3.2,2,2,21.37
37,Male,84.5,1.76,165,146,50,1.72,1338.0,Cardio,12.2,3.2,5,2,27.28
42,Female,59.6,1.71,198,143,67,0.95,688.0,Cardio,31.3,1.5,4,2,20.38
58,Female,71.7,1.61,196,151,73,1.06,688.0,Yoga,32.8,2.5,5,3,27.66
48,Male,86.2,1.78,193,164,63,1.71,1323.0,HIIT,14.8,2.9,4,3,27.21
34,Female,66.6,1.65,190,120,73,1.6,1132.0,Strength,16.0,2.0,4,2,24.46
42,Male,70.6,1.86,196,142,50,0.56,491.0,Cardio,21.3,2.1,2,1,20.41
57,Female,75.9,1.57,186,150,53,1.39,973.0,Yoga,35.0,2.6,4,3,30.79
55,Male,122.0,2.0,166,127,67,0.98,627.0,Strength,23.7,3.7,3,2,30.5
19,Male,84.2,1.78,164,161,71,0.87,734.0,Yoga,27.2,2.9,2,1,26.57
24,Male,72.5,1.79,180,126,74,1.27,853.0,Yoga,26.1,2.7,4,3,22.63
47,Female,67.7,1.72,160,146,53,0.93,780.0,Yoga,32.1,2.5,4,1,22.88
57,Female,61.3,1.78,175,149,72,1.47,1121.0,HIIT,18.3,2.6,4,2,19.35
29,Female,61.0,1.77,195,144,69,1.79,1420.0,Yoga,18.8,2.6,5,3,19.47
41,Male,89.9,1.78,180,154,74,1.95,1141.0,Yoga,11.1,3.7,4,3,28.37
36,Male,71.6,1.88,190,129,63,1.1,756.0,Cardio,28.2,1.9,3,3,20.26
38,Male,115.8,1.82,179,161,68,1.06,1203.0,Yoga,22.5,2.1,2,1,34.96
18,Female,62.0,1.5,165,161,61,1.62,1437.0,Yoga,17.2,2.4,5,3,27.56
30,Female,58.5,1.74,171,126,54,0.85,630.0,Cardio,31.8,1.5,4,1,19.32
45,Male,66.4,1.65,182,144,66,0.71,583.0,Yoga,30.8,3.7,2,1,24.39
37,Female,67.0,1.61,192,126,74,1.63,1004.0,Strength,12.3,2.6,4,3,25.85
37,Male,42.1,1.88,187,138,50,1.76,1215.0,Cardio,18.9,3.7,2,1,11.91
36,Male,111.8,1.64,163,141,55,1.15,862.0,Cardio,25.9,2.7,4,3,41.57
54,Female,51.2,1.65,175,157,56,1.04,736.0,Cardio,27.8,2.5,3,1,18.81
21,Female,58.9,1.62,189,162,70,1.39,1342.0,Cardio,14.2,3.0,5,2,22.44
19,Female,58.4,1.58,173,137,73,1.47,913.0,Cardio,33.9,1.8,4,3,23.39
55,Female,47.6,1.77,168,125,74,0.67,539.0,Strength,24.4,2.4,4,1,15.19
33,Male,84.6,1.86,198,135,56,1.77,1428.0,Yoga,14.8,3.3,5,2,24.45
59,Male,96.3,1.64,177,155,59,0.67,391.0,Yoga,27.8,2.9,2,2,35.8
59,Female,49.2,1.63,172,149,51,1.19,813.0,Cardio,27.3,1.9,2,3,18.52
39,Male,104.0,1.68,160,161,74,1.42,1149.0,HIIT,21.3,3.7,3,3,36.85
57,Female,81.1,1.64,170,125,53,1.16,754.0,HIIT,32.8,1.5,3,1,30.15
49,Female,65.6,1.63,193,129,70,1.15,749.0,HIIT,32.9,1.7,3,1,24.69
42,Male,81.0,1.66,172,141,73,2.0,1306.0,HIIT,11.8,3.3,4,3,29.39
23,Female,49.8,1.57,183,141,55,0.99,670.0,Strength,27.1,2.1,2,1,20.2
30,Male,84.0,1.95,177,142,60,1.49,1115.0,Cardio,10.0,3.6,4,2,22.09
25,Male,104.9,1.81,181,134,53,1.33,985.0,Yoga,25.0,3.3,2,1,32.02
51,Male,85.5,1.72,195,162,69,1.51,1164.0,Yoga,27.7,3.7,3,2,28.9
56,Female,62.6,1.65,176,127,60,1.54,893.0,Strength,14.3,2.9,5,3,22.99
19,Male,61.1,1.84,160,120,54,0.78,646.0,Strength,20.2,2.8,2,1,18.05
42,Male,70.0,1.73,196,146,68,1.07,862.0,Cardio,24.7,3.3,3,1,23.39
56,Male,121.6,1.87,171,140,57,1.23,718.0,Cardio,24.6,3.5,4,2,34.77
23,Male,62.7,1.8,173,147,70,1.57,1235.0,Yoga,27.2,3.1,2,2,19.35
42,Female,41.5,1.65,163,148,59,1.04,890.0,Cardio,35.0,2.4,2,1,15.24
26,Male,112.7,1.91,188,163,53,1.05,842.0,Yoga,24.7,2.2,3,1,30.89
20,Male,85.2,1.72,185,152,70,1.63,1426.0,Strength,10.4,3.7,4,3,28.8
34,Male,128.3,1.81,199,145,60,1.15,793.0,HIIT,29.6,2.3,3,1,39.16
53,Male,115.9,1.93,188,163,50,1.41,1099.0,Yoga,27.5,2.5,3,1,31.11
51,Female,58.1,1.69,195,157,63,1.85,1159.0,HIIT,14.7,2.2,5,3,20.34
46,Female,54.0,1.56,194,147,73,0.88,611.0,Strength,25.9,2.3,2,1,22.19
33,Female,56.3,1.56,186,133,52,1.75,1141.0,Strength,18.4,2.5,5,2,23.13
36,Male,53.9,1.71,198,140,52,1.08,844.0,Yoga,25.4,2.6,4,2,18.43
47,Male,105.5,1.77,195,141,61,0.87,589.0,Strength,27.9,2.0,2,1,33.67
43,Female,63.3,1.62,160,135,61,1.91,998.0,Cardio,14.8,2.1,4,3,24.12
18,Female,59.8,1.56,175,149,69,1.72,1398.0,Yoga,15.0,2.0,5,3,24.57
41,Female,73.9,1.75,180,151,50,1.22,841.0,Cardio,30.7,2.3,5,3,24.13
27,Female,40.0,1.56,189,140,66,1.25,1054.0,Yoga,27.1,1.9,3,2,16.44
55,Male,55.6,1.76,164,131,66,0.81,593.0,HIIT,24.3,1.8,2,1,17.95
19,Female,42.2,1.57,164,134,66,0.65,369.0,HIIT,27.0,2.3,4,2,17.12
41,Male,74.8,1.92,190,160,50,1.33,1044.0,Yoga,19.3,2.8,2,2,20.29
30,Male,90.3,1.75,176,150,67,1.27,1013.0,Strength,26.6,3.2,2,2,29.49
23,Female,73.5,1.5,181,137,52,1.38,892.0,Cardio,35.0,2.6,2,1,32.67
53,Male,80.4,1.67,183,146,51,1.09,652.0,HIIT,23.0,3.4,5,2,28.83
33,Male,128.5,1.68,184,135,69,1.45,1001.0,Cardio,18.6,2.1,5,3,45.53
47,Male,88.3,1.65,180,136,74,1.59,1232.0,Cardio,12.2,3.4,4,3,32.43
59,Female,65.0,1.62,175,140,70,1.45,924.0,Cardio,20.9,3.0,5,3,24.77
22,Male,125.4,1.82,193,142,65,1.1,1026.0,Cardio,24.8,3.6,3,1,37.86
59,Male,98.7,1.86,172,149,74,1.02,793.0,Strength,27.8,2.7,4,2,28.53
42,Male,57.4,1.75,193,154,67,1.01,936.0,HIIT,23.3,3.4,4,2,18.74
22,Male,74.9,1.77,176,158,74,1.03,941.0,Strength,19.0,2.3,3,1,23.91
41,Male,93.8,1.52,167,139,52,1.15,799.0,Cardio,25.6,2.7,3,3,40.6
20,Male,127.8,1.87,169,129,61,0.62,617.0,HIIT,27.5,2.8,3,1,36.55
36,Female,48.4,1.75,190,161,50,1.54,1088.0,Cardio,33.6,1.5,5,3,15.8
19,Male,117.5,1.8,182,126,66,0.88,657.0,Strength,29.0,3.2,3,1,36.27
47,Female,63.5,1.61,196,124,63,1.28,775.0,Strength,32.2,2.6,5,2,24.5
20,Female,50.7,1.72,171,127,74,1.32,742.0,HIIT,31.7,2.1,4,3,17.14
46,Male,85.9,1.68,179,169,50,2.0,1708.0,Strength,14.1,3.2,4,2,30.44
33,Male,95.4,1.87,188,125,66,1.47,915.0,HIIT,19.7,3.3,3,1,27.28
57,Male,83.1,1.72,167,134,65,1.68,1060.0,Cardio,10.0,3.7,5,3,28.09
24,Female,41.1,1.5,160,129,69,0.5,399.0,HIIT,28.7,2.1,2,1,18.27
58,Male,99.4,1.89,166,145,74,1.05,804.0,Strength,29.1,2.3,4,3,27.83
36,Male,51.2,1.73,188,132,50,1.02,878.0,Yoga,22.8,2.4,3,3,17.11
24,Female,57.2,1.63,192,169,66,1.65,1332.0,Cardio,17.7,2.3,5,2,21.53
36,Female,72.1,1.66,177,126,54,1.28,776.0,Strength,29.5,2.0,2,2,26.16
42,Female,57.5,1.63,190,150,51,1.01,743.0,Yoga,34.1,2.8,3,1,21.64
26,Male,116.2,1.89,183,169,58,1.09,972.0,Strength,21.5,2.9,2,3,32.53
47,Female,73.2,1.66,167,151,56,1.08,564.0,Strength,33.3,2.8,2,1,26.56
20,Female,68.1,1.57,193,161,53,1.23,773.0,Cardio,28.3,2.7,5,3,27.63
50,Female,71.5,1.5,174,137,61,0.74,488.0,HIIT,26.7,2.0,2,2,31.78
20,Male,88.1,1.62,192,120,71,1.66,1231.0,HIIT,10.0,3.4,5,2,33.57
28,Male,98.9,1.69,181,139,65,1.47,1070.0,Strength,25.3,2.4,5,2,34.63
52,Male,126.8,1.89,173,135,74,0.5,365.0,Strength,25.7,3.1,3,1,35.5
29,Female,76.1,1.65,179,127,72,1.58,829.0,Yoga,29.8,2.7,5,3,27.95
23,Female,57.1,1.58,181,137,74,1.44,1013.0,Cardio,34.3,1.7,3,1,22.87
45,Female,44.4,1.74,192,147,54,1.52,1040.0,HIIT,33.5,2.3,4,2,14.67
56,Female,74.1,1.78,186,169,53,1.53,1073.0,HIIT,24.2,1.8,3,1,23.39
32,Male,105.8,1.73,176,157,57,1.03,1088.0,Cardio,26.9,2.5,4,1,35.35
55,Female,72.6,1.78,161,130,50,1.25,860.0,Strength,31.8,1.7,2,1,22.91
42,Male,111.6,1.67,188,169,67,1.49,1191.0,Strength,18.2,2.9,4,1,40.02
24,Male,80.6,1.56,170,168,56,1.86,1499.0,Strength,14.3,3.7,3,2,33.12
24,Male,86.3,2.0,187,142,74,1.81,1416.0,Yoga,14.9,3.7,5,3,21.58
48,Female,70.2,1.69,181,166,70,1.2,796.0,Yoga,34.9,3.1,2,2,24.58
21,Male,85.3,1.73,187,162,63,1.68,1368.0,Strength,12.0,3.5,4,3,28.5
26,Female,78.1,1.64,168,130,66,1.4,952.0,Cardio,24.6,2.8,3,1,29.04
37,Female,57.2,1.56,180,123,52,1.76,1215.0,Strength,20.3,2.7,5,3,23.5
33,Female,76.5,1.73,190,132,54,1.11,748.0,Cardio,27.1,2.6,3,1,25.56
52,Male,118.1,1.89,199,127,64,1.11,582.0,Yoga,22.7,2.0,3,1,33.06
40,Female,40.9,1.83,165,160,64,1.51,1074.0,Strength,29.8,2.7,4,1,12.21
31,Male,126.4,1.68,189,126,73,0.99,845.0,Strength,23.0,3.4,5,1,44.78
48,Female,52.8,1.62,175,125,73,0.83,498.0,Yoga,32.2,2.0,2,1,20.12
18,Male,93.7,1.82,193,137,54,1.12,992.0,Yoga,25.1,2.8,4,3,28.29
32,Female,81.3,1.65,199,163,70,1.31,1007.0,Cardio,23.8,2.2,4,2,29.86
24,Female,64.1,1.77,175,131,62,1.66,932.0,Cardio,29.5,2.0,3,2,20.46
52,Male,81.8,1.91,171,157,50,1.93,1464.0,Strength,13.1,3.4,4,3,22.42
50,Female,65.4,1.71,199,149,56,1.3,713.0,Strength,32.4,2.9,2,1,22.37
31,Female,75.3,1.61,177,132,71,1.39,914.0,Yoga,28.8,2.4,4,2,29.05
18,Male,85.8,1.91,173,132,54,1.81,1326.0,Cardio,10.0,3.6,5,3,23.52
45,Female,55.1,1.5,189,149,72,1.21,762.0,Strength,26.9,2.1,3,1,24.49
32,Female,63.1,1.57,172,140,58,1.96,1290.0,Yoga,21.1,3.3,5,2,25.6
48,Male,87.6,1.76,179,149,55,1.67,1268.0,Yoga,16.2,3.1,5,3,28.28
56,Female,79.0,1.77,173,158,58,1.09,754.0,Yoga,28.3,1.7,3,3,25.22
48,Male,51.9,1.72,194,150,66,1.23,1149.0,Yoga,25.7,2.9,3,1,17.54
24,Male,88.2,1.92,165,128,60,1.58,1261.0,HIIT,13.8,3.7,5,3,23.93
24,Male,119.1,2.0,188,127,50,1.09,723.0,Strength,30.2,2.9,3,3,29.78
18,Male,83.9,1.88,193,161,66,1.67,1397.0,Strength,13.8,3.7,5,3,23.74
39,Male,92.9,1.56,171,140,53,1.03,710.0,Cardio,22.7,2.9,3,2,38.17
43,Male,82.6,1.84,183,130,61,1.24,880.0,Strength,26.2,3.7,4,3,24.4
51,Male,128.6,1.66,172,159,56,1.22,874.0,Cardio,24.8,3.5,5,2,46.67
39,Male,73.3,1.85,197,120,50,1.34,989.0,Strength,24.3,3.2,3,2,21.42
42,Male,78.4,1.76,174,128,59,1.03,583.0,Cardio,27.0,2.7,3,3,25.31
45,Female,69.6,1.77,186,152,69,0.97,781.0,HIIT,29.8,1.6,3,1,22.22
36,Female,61.4,1.72,197,150,65,1.07,827.0,Cardio,33.4,1.5,2,2,20.75
37,Female,52.0,1.71,196,148,59,1.32,805.0,Yoga,33.7,2.2,2,1,17.78
23,Female,67.8,1.71,199,167,63,0.84,630.0,Cardio,31.9,1.6,3,1,23.19
31,Male,124.7,2.0,181,155,71,1.35,1225.0,Strength,23.7,3.7,5,2,31.18
49,Female,75.8,1.57,176,133,53,0.77,469.0,Cardio,31.9,1.8,2,2,30.75
39,Male,95.8,1.8,199,153,50,1.09,813.0,HIIT,23.0,3.7,2,1,29.57
36,Female,57.4,1.61,197,125,69,0.99,583.0,Cardio,30.5,3.1,3,1,22.14
43,Female,48.6,1.5,168,132,59,1.28,693.0,HIIT,30.4,1.5,3,2,21.6
18,Female,64.1,1.66,199,131,54,1.98,1204.0,Cardio,18.2,2.7,5,3,23.26
44,Male,69.4,1.76,185,140,62,1.36,832.0,HIIT,23.4,3.1,4,3,22.4
27,Female,66.9,1.6,181,123,66,1.11,728.0,Strength,33.5,1.9,2,1,26.13
46,Female,62.8,1.55,188,128,72,1.23,708.0,HIIT,32.6,1.5,2,2,26.14
21,Female,71.4,1.8,194,127,53,1.55,1018.0,HIIT,29.0,2.2,4,1,22.04
50,Female,45.2,1.7,175,149,54,1.54,915.0,Cardio,29.3,2.1,4,2,15.64
49,Female,65.1,1.53,190,137,59,0.5,352.0,Cardio,33.1,2.6,3,2,27.81
30,Male,43.7,1.88,199,148,50,1.34,1053.0,Cardio,23.2,2.8,4,1,12.36
54,Female,49.2,1.66,165,124,56,1.57,890.0,Yoga,29.7,1.6,3,2,17.85
26,Female,65.6,1.57,179,128,66,1.02,755.0,Strength,34.2,2.0,4,2,26.61
37,Male,45.5,1.89,194,144,50,1.49,1173.0,Cardio,21.6,2.5,2,2,12.74
48,Male,108.7,1.84,179,156,61,0.5,388.0,Strength,26.9,3.5,2,1,32.11
33,Female,50.7,1.65,188,140,57,1.26,847.0,Yoga,33.3,1.6,2,2,18.62
48,Female,64.9,1.55,195,126,70,1.12,612.0,HIIT,30.9,2.0,2,1,27.01
30,Male,102.7,1.82,199,124,58,1.33,959.0,HIIT,27.7,2.8,4,1,31.0
36,Male,78.2,1.73,173,169,72,1.69,1446.0,Strength,12.2,3.5,5,3,26.13
20,Male,96.5,1.82,191,141,50,1.23,1014.0,Yoga,23.7,2.0,5,3,29.13
31,Male,95.5,1.94,187,140,50,1.13,931.0,HIIT,25.9,3.1,4,3,25.37
40,Male,84.8,1.88,165,154,69,1.9,1381.0,Cardio,10.0,3.0,5,3,23.99
42,Female,61.1,1.67,192,152,56,1.15,808.0,Yoga,33.2,2.1,2,1,21.91
18,Male,84.7,1.82,167,157,73,0.92,638.0,Yoga,29.7,2.7,2,2,25.57
52,Male,58.5,1.64,199,153,55,1.01,875.0,HIIT,18.9,2.5,3,1,21.75
25,Female,65.5,1.75,189,127,74,0.5,430.0,HIIT,27.9,2.1,2,1,21.39
22,Female,48.6,1.68,172,153,70,1.56,1176.0,Yoga,15.5,2.8,5,2,17.22
23,Female,58.3,1.8,176,137,50,1.43,1019.0,HIIT,29.5,2.8,2,1,17.99
28,Female,65.4,1.75,177,120,64,1.03,527.0,Strength,33.0,1.7,2,1,21.36
50,Male,93.4,1.61,186,127,58,1.92,1142.0,HIIT,11.2,3.4,5,2,36.03
57,Female,75.2,1.79,161,137,67,0.58,619.0,Cardio,27.2,2.9,5,3,23.47
39,Female,59.3,1.76,199,137,50,1.83,1162.0,Yoga,17.0,2.9,5,2,19.14
50,Male,89.7,1.91,171,142,51,1.0,566.0,HIIT,30.2,3.3,4,1,24.59
50,Female,76.1,1.56,196,147,67,1.48,836.0,Strength,31.4,2.5,4,3,31.27
36,Female,76.6,1.71,192,138,57,0.82,753.0,Cardio,22.4,1.5,3,1,26.2
50,Female,53.7,1.61,167,139,53,1.0,660.0,Strength,27.1,1.6,4,1,20.72
39,Male,80.9,1.74,172,143,74,1.73,1260.0,HIIT,10.6,3.4,4,3,26.72
22,Male,114.5,1.79,192,160,51,1.39,1177.0,Yoga,29.7,3.6,2,2,35.74
51,Male,117.9,1.74,166,168,63,0.52,635.0,Strength,23.7,3.3,2,2,38.94
28,Female,75.6,1.55,179,137,50,1.48,1008.0,Cardio,27.1,1.7,2,2,31.47
44,Female,72.6,1.74,179,147,58,0.91,843.0,Yoga,30.6,2.3,4,3,23.98
29,Male,73.2,1.94,173,169,57,1.41,1310.0,Strength,30.2,3.1,3,1,19.45
31,Female,72.2,1.68,191,141,63,1.5,985.0,Strength,28.3,1.5,4,3,25.58
43,Female,69.4,1.69,171,148,58,1.49,903.0,Strength,28.1,2.7,3,2,24.3
38,Male,45.6,1.67,199,162,66,0.99,1014.0,Strength,18.5,2.2,5,1,16.35
38,Female,53.1,1.65,187,154,60,1.68,1338.0,Yoga,15.8,2.5,4,2,19.5
44,Male,48.8,1.81,181,169,57,1.24,1180.0,Yoga,23.3,2.8,4,1,14.9
52,Male,81.7,1.82,172,147,58,1.61,1124.0,HIIT,10.0,3.5,4,2,24.66
55,Female,65.7,1.78,175,122,55,0.5,303.0,Cardio,26.6,2.1,2,2,20.74
18,Male,62.9,1.85,164,155,59,1.16,1104.0,Strength,24.8,3.3,5,2,18.38
19,Female,49.6,1.78,174,143,68,0.58,387.0,HIIT,30.2,2.1,2,1,15.65
53,Female,75.0,1.68,187,158,63,1.21,766.0,Cardio,31.2,2.0,2,3,26.57
33,Male,67.4,1.62,195,158,56,0.98,696.0,Yoga,26.4,2.2,3,1,25.68
38,Male,108.0,1.58,196,140,70,0.77,627.0,HIIT,22.4,3.1,2,2,43.26
26,Male,73.7,2.0,160,143,55,1.35,1095.0,Yoga,18.9,2.7,3,1,18.42
50,Female,57.7,1.57,199,163,63,1.55,1137.0,HIIT,29.1,1.9,4,3,23.41
26,Male,43.3,1.75,169,138,69,0.9,969.0,HIIT,21.2,2.1,4,1,14.14
26,Male,107.1,1.92,197,166,61,1.15,892.0,Yoga,23.9,2.9,2,1,29.05
28,Male,80.1,1.62,164,169,52,1.76,1555.0,Strength,18.2,3.3,4,3,30.52
52,Male,61.7,1.73,172,163,62,1.21,874.0,Strength,23.7,1.7,2,1,20.62
18,Male,86.5,1.58,199,121,70,1.68,1058.0,HIIT,11.2,3.5,3,3,34.65
41,Male,86.1,1.86,199,130,50,1.92,1500.0,Strength,12.4,3.7,5,3,24.89
48,Female,63.4,1.64,164,120,54,1.49,845.0,Yoga,31.1,2.5,5,3,23.57
40,Male,111.7,1.9,160,162,61,0.67,598.0,Strength,29.4,3.5,2,1,30.94
44,Male,90.1,1.81,174,123,56,1.7,1025.0,HIIT,14.2,3.1,5,2,27.5
53,Male,83.5,1.86,165,148,58,1.69,1148.0,Cardio,13.8,2.6,5,2,24.14
49,Male,57.1,1.77,173,165,56,1.11,837.0,Strength,20.9,2.6,3,1,18.23
40,Female,43.5,1.73,194,150,61,1.06,763.0,HIIT,29.2,2.4,4,2,14.53
43,Male,82.7,1.79,168,169,74,1.7,1544.0,Strength,11.3,3.7,5,3,25.81
32,Male,76.9,1.74,199,125,64,1.35,1008.0,Strength,27.9,2.3,2,1,25.4
54,Male,77.5,1.89,177,148,69,0.7,691.0,Yoga,21.9,3.7,3,1,21.7
39,Male,93.1,1.88,197,123,69,1.46,913.0,HIIT,21.8,3.7,4,2,26.34
49,Male,95.0,1.79,160,120,71,1.63,875.0,Cardio,24.3,2.9,2,3,29.65
21,Female,67.7,1.71,164,166,74,1.37,1006.0,Strength,25.5,1.5,2,1,23.15
27,Female,40.8,1.66,199,157,68,0.98,823.0,HIIT,35.0,1.5,4,3,14.81
46,Male,56.8,1.88,190,132,64,0.96,612.0,Cardio,22.5,3.7,3,1,16.07
25,Male,102.1,1.69,164,129,66,1.27,1019.0,Cardio,29.2,3.7,2,2,35.75
57,Male,57.7,1.73,160,147,68,0.82,625.0,Cardio,23.5,2.0,3,2,19.28
21,Female,58.2,1.58,176,159,66,1.29,1098.0,Yoga,26.0,1.6,3,2,23.31
28,Male,94.0,1.62,168,156,67,1.21,1070.0,Cardio,24.1,2.4,3,3,35.82
36,Female,81.5,1.64,192,159,68,1.12,1094.0,Cardio,25.9,3.1,5,3,30.3
30,Female,70.9,1.5,166,124,62,0.94,738.0,Yoga,33.3,2.6,5,1,31.51
23,Female,70.3,1.76,193,161,54,1.6,1143.0,Yoga,35.0,2.1,3,1,22.69
50,Male,120.5,1.66,194,143,54,0.55,415.0,Cardio,28.0,2.5,2,1,43.73
19,Female,64.3,1.55,170,163,62,1.94,1500.0,Yoga,16.6,2.9,5,2,26.76
24,Female,50.0,1.62,193,169,67,0.5,522.0,Yoga,26.7,2.0,3,1,19.05
18,Male,109.6,1.92,160,152,57,1.09,1065.0,Strength,22.5,2.9,2,1,29.73
42,Female,45.3,1.7,160,151,57,1.27,892.0,Cardio,35.0,2.9,3,3,15.67
21,Male,72.0,1.96,161,145,51,1.51,1022.0,Yoga,18.2,3.1,3,3,18.74
53,Female,59.5,1.82,165,134,60,1.59,879.0,HIIT,17.8,3.0,3,2,17.96
55,Female,44.8,1.71,186,131,66,1.21,788.0,Yoga,23.0,2.2,3,2,15.32
47,Female,40.0,1.51,193,163,74,1.58,1040.0,HIIT,27.3,2.9,2,1,17.54
20,Female,58.4,1.54,179,132,71,1.22,910.0,Cardio,35.0,1.7,3,3,24.62
39,Male,55.1,1.8,164,120,66,1.11,690.0,Strength,21.0,2.4,4,2,17.01
28,Male,98.6,1.88,185,132,50,1.39,1075.0,HIIT,23.4,3.7,3,1,27.9
34,Male,50.3,1.65,171,152,74,1.47,1052.0,Strength,27.1,2.7,4,1,18.48
56,Female,58.6,1.5,175,147,53,1.13,684.0,Strength,26.3,1.9,3,1,26.04
22,Female,56.1,1.7,167,132,66,1.03,588.0,Yoga,32.9,1.5,3,2,19.41
53,Male,94.6,1.77,189,125,64,1.5,988.0,Strength,21.5,3.0,3,3,30.2
42,Female,57.9,1.59,173,137,61,0.5,414.0,Yoga,33.7,2.4,3,1,22.9
28,Male,88.8,1.64,199,121,63,1.36,898.0,Strength,22.6,2.4,2,1,33.02
26,Female,67.9,1.64,195,138,65,1.3,1042.0,Strength,28.8,1.5,4,3,25.25
36,Male,99.2,1.86,181,166,58,0.75,476.0,Cardio,25.2,2.7,2,1,28.67
38,Female,63.1,1.6,167,123,51,0.89,662.0,HIIT,27.0,2.5,5,3,24.65
47,Male,75.9,1.8,165,148,72,0.82,418.0,HIIT,27.8,3.7,4,1,23.43
34,Female,67.8,1.71,171,153,69,0.64,483.0,Cardio,26.7,1.7,2,1,23.19
58,Female,64.9,1.58,167,137,50,0.65,663.0,HIIT,27.5,2.6,2,1,26.0
57,Female,73.1,1.64,170,168,54,1.15,1029.0,Strength,32.9,2.0,4,1,27.18
51,Male,77.1,1.89,176,140,74,0.73,600.0,Yoga,23.3,3.1,2,1,21.58
30,Male,77.2,1.6,182,127,73,0.92,652.0,Yoga,30.1,2.6,2,1,30.16
56,Male,63.6,1.62,167,149,52,1.38,896.0,Strength,23.9,2.3,5,2,24.23
25,Male,110.1,1.69,189,120,67,1.4,856.0,HIIT,21.9,2.4,4,3,38.55
26,Female,78.1,1.54,186,128,57,1.57,988.0,HIIT,27.3,1.5,4,2,32.93
46,Female,60.5,1.56,194,120,50,1.73,1071.0,Yoga,18.1,2.7,4,3,24.86
59,Female,59.3,1.52,164,168,54,2.0,1511.0,Strength,19.5,2.7,4,3,25.67
41,Male,79.5,1.82,170,134,63,1.76,1180.0,HIIT,10.3,3.7,4,2,24.0
24,Male,79.8,1.97,180,125,74,1.68,1403.0,Cardio,11.8,3.5,5,3,20.56
53,Female,51.0,1.59,173,152,53,0.99,875.0,Cardio,26.7,2.1,5,1,20.17
29,Female,61.0,1.78,173,156,69,1.47,1160.0,Yoga,16.5,2.5,5,3,19.25
30,Male,118.0,2.0,177,159,58,1.11,1049.0,Cardio,29.1,3.7,4,2,29.5
44,Female,63.4,1.54,199,131,62,1.4,1134.0,Yoga,16.8,3.4,3,3,26.73
35,Male,124.1,1.6,189,122,67,0.83,695.0,Strength,23.1,3.3,5,2,48.48
18,Male,120.5,1.74,192,146,67,1.32,981.0,Cardio,22.7,3.1,2,1,39.8
18,Male,48.3,1.79,160,145,71,0.94,874.0,HIIT,18.5,2.4,3,1,15.07
20,Male,83.6,1.93,189,147,68,1.6,1545.0,HIIT,15.5,3.3,3,2,22.44
20,Male,95.0,1.72,182,147,68,1.03,697.0,Cardio,27.4,3.7,2,1,32.11
45,Male,97.1,1.8,190,160,64,1.5,1004.0,HIIT,22.8,3.7,3,1,29.97
28,Male,90.8,1.98,176,152,64,1.21,1217.0,HIIT,26.5,3.2,4,3,23.16
44,Male,108.7,1.77,194,151,50,1.1,858.0,Yoga,20.8,3.0,2,2,34.7
44,Female,66.5,1.62,193,137,71,1.92,1172.0,Yoga,21.6,2.7,5,3,25.34
52,Male,50.6,1.56,185,129,56,1.59,931.0,Cardio,26.0,3.1,2,1,20.79
22,Female,44.0,1.8,169,130,51,1.59,1035.0,Cardio,30.3,1.8,4,3,13.58
59,Male,81.7,1.68,195,135,50,1.78,1209.0,Yoga,14.0,2.8,4,2,28.95
54,Male,78.9,1.91,185,124,74,1.81,961.0,Yoga,14.1,3.6,4,3,21.63
31,Male,115.9,1.92,165,122,59,1.24,955.0,Strength,31.7,3.6,2,1,31.44
24,Male,104.8,1.87,181,121,50,1.32,931.0,Cardio,19.1,3.1,2,1,29.97
52,Male,113.7,1.96,183,136,67,0.92,811.0,HIIT,20.0,2.6,3,3,29.6
55,Female,70.6,1.54,183,134,65,1.02,574.0,HIIT,25.4,1.7,2,1,29.77
53,Male,53.1,1.83,196,124,53,1.28,814.0,Strength,31.4,2.9,3,3,15.86
49,Male,99.9,1.92,199,147,63,0.7,455.0,HIIT,22.4,2.6,2,2,27.1
40,Male,98.0,1.84,181,162,65,1.42,1040.0,Yoga,28.8,3.7,2,1,28.95
49,Male,117.8,2.0,173,167,62,0.79,935.0,Yoga,25.5,2.3,2,1,29.45
29,Male,51.9,1.84,199,120,68,0.9,819.0,Strength,24.1,3.0,4,1,15.33
55,Male,60.0,1.64,169,120,73,0.6,303.0,Cardio,18.5,3.4,4,2,22.31
51,Female,77.0,1.73,178,154,65,1.43,906.0,Cardio,35.0,2.0,3,2,25.73
56,Male,76.2,1.5,180,156,50,1.16,940.0,Cardio,26.6,3.6,3,2,33.87
18,Female,50.4,1.66,194,166,55,1.41,1162.0,Cardio,26.0,2.6,3,3,18.29
29,Male,79.5,1.55,179,125,73,1.21,684.0,Yoga,31.8,2.8,4,1,33.09
34,Male,108.1,1.54,188,137,68,0.6,489.0,Cardio,24.9,2.9,4,2,45.58
28,Male,81.1,2.0,160,130,50,1.36,996.0,Strength,32.5,3.3,2,2,20.27
46,Male,85.1,1.61,160,137,56,1.57,1190.0,Cardio,13.2,3.0,5,2,32.83
20,Male,103.4,1.82,183,131,50,1.49,1026.0,Yoga,24.2,3.4,2,2,31.22
23,Male,80.1,1.63,171,133,55,1.36,1067.0,Cardio,22.4,2.5,3,1,30.15
31,Female,47.2,1.55,196,156,72,1.25,825.0,Strength,26.5,1.9,2,1,19.65
54,Male,50.2,1.87,168,169,50,1.05,988.0,HIIT,28.1,2.9,3,1,14.36
24,Male,108.9,1.67,168,139,60,1.17,1051.0,Cardio,30.1,3.7,2,2,39.05
49,Female,65.5,1.53,175,147,66,1.12,768.0,Strength,28.8,2.0,4,1,27.98
32,Male,97.6,1.79,190,125,60,0.75,609.0,HIIT,24.5,3.5,2,1,30.46
54,Female,80.1,1.5,192,140,55,0.53,587.0,Strength,31.1,2.9,4,1,35.6
22,Male,86.7,1.92,192,130,58,1.95,1331.0,Strength,10.0,3.6,4,3,23.52
43,Female,68.5,1.6,160,158,63,1.2,1120.0,Cardio,33.0,1.5,2,1,26.76
24,Male,97.2,1.65,174,163,61,1.31,1256.0,Cardio,24.2,2.4,3,3,35.7
34,Female,57.4,1.51,161,157,67,0.93,778.0,Strength,28.4,1.5,2,1,25.17
31,Female,63.6,1.73,174,139,74,1.11,787.0,HIIT,28.2,3.2,5,1,21.25
54,Female,60.6,1.63,161,151,60,1.81,1180.0,Cardio,15.9,3.1,3,2,22.81
55,Male,86.7,1.69,186,136,50,1.8,1198.0,Yoga,12.5,3.5,5,2,30.36
40,Female,64.4,1.75,189,133,50,1.39,945.0,Strength,30.0,2.4,3,2,21.03
28,Male,127.9,1.92,173,155,67,1.03,907.0,Strength,25.5,3.3,3,1,34.7
20,Female,66.1,1.6,198,132,63,1.22,549.0,Cardio,27.3,2.0,2,3,25.82
32,Male,107.8,1.67,198,145,65,0.74,655.0,HIIT,23.3,3.6,4,1,38.65
45,Male,47.7,1.83,177,169,54,1.42,1284.0,Yoga,23.6,2.4,2,2,14.24
59,Female,73.2,1.81,167,135,66,1.01,628.0,Cardio,24.6,2.8,3,1,22.34
30,Male,83.9,1.93,168,131,57,1.77,1239.0,Yoga,15.4,3.7,4,3,22.52
45,Male,80.0,1.96,180,154,73,1.69,1490.0,Yoga,14.8,3.7,5,2,20.82
51,Male,83.2,1.96,187,148,71,1.97,1403.0,Strength,11.6,3.4,3,2,21.66
56,Male,80.8,1.94,171,147,54,1.6,1059.0,HIIT,13.1,3.0,4,3,21.47
20,Male,91.1,1.8,197,162,54,1.26,1229.0,Yoga,24.0,2.7,3,1,28.12
21,Female,73.2,1.67,166,168,50,1.32,1141.0,Strength,32.5,2.2,3,3,26.25
47,Female,66.5,1.58,174,143,51,1.46,911.0,Yoga,26.0,1.5,2,1,26.64
23,Female,61.3,1.5,199,133,63,1.37,767.0,Yoga,22.9,1.9,4,1,27.24
38,Female,52.1,1.62,165,123,50,0.93,842.0,HIIT,32.2,3.3,3,1,19.85
39,Male,110.0,1.72,186,154,72,1.3,1018.0,HIIT,24.4,3.5,2,1,37.18
54,Male,62.4,1.6,170,129,74,0.63,349.0,Cardio,19.0,3.3,2,1,24.37
20,Female,60.6,1.5,198,134,61,1.16,758.0,Yoga,24.3,1.5,3,1,26.93
29,Female,59.6,1.62,187,163,68,0.83,773.0,Strength,27.1,2.4,2,1,22.71
29,Male,62.1,1.89,168,127,68,1.16,871.0,HIIT,27.4,3.6,3,2,17.38
18,Female,66.0,1.63,180,158,74,0.53,505.0,Strength,34.9,3.3,3,2,24.84
53,Male,46.6,1.76,195,152,74,1.38,1113.0,Strength,28.2,3.3,3,1,15.04
41,Male,82.9,1.69,166,129,62,0.91,728.0,Yoga,28.3,2.7,2,2,29.03
39,Male,66.3,1.88,169,120,55,0.98,714.0,Cardio,25.5,3.0,2,2,18.76
25,Male,81.0,1.77,174,122,59,1.51,1088.0,Cardio,15.1,3.6,4,2,25.85
55,Male,83.2,1.85,168,148,67,1.96,1283.0,Cardio,13.2,3.4,4,3,24.31
45,Male,60.8,1.77,187,131,57,1.22,873.0,HIIT,24.9,3.2,2,2,19.41
18,Female,57.3,1.55,178,158,50,1.54,1235.0,Cardio,17.4,2.8,4,3,23.85
41,Female,43.0,1.66,167,146,61,1.04,840.0,Cardio,32.5,2.7,2,2,15.6
48,Female,71.6,1.73,160,123,59,0.58,303.0,Cardio,31.6,2.6,4,1,23.92
34,Male,90.1,1.69,173,160,74,1.57,1225.0,Cardio,23.3,3.1,5,3,31.55
44,Male,67.6,1.92,163,169,50,0.56,388.0,Yoga,25.2,2.5,2,2,18.34
50,Male,58.9,1.85,191,141,60,1.04,759.0,Cardio,22.1,3.7,2,1,17.21
43,Female,41.5,1.74,186,167,62,1.21,745.0,Cardio,30.3,1.5,2,2,13.71
49,Male,74.6,1.9,193,132,52,0.66,452.0,Yoga,29.4,2.6,4,1,20.66
31,Male,66.2,1.66,199,167,60,0.78,711.0,Yoga,27.9,2.0,2,2,24.02
41,Male,64.3,1.85,186,162,69,1.38,1092.0,HIIT,22.2,3.5,2,2,18.79
40,Female,53.1,1.76,193,148,67,1.13,801.0,Cardio,29.3,1.7,2,3,17.14
36,Male,78.2,1.65,199,120,67,1.14,776.0,Yoga,28.4,3.3,4,1,28.72
38,Female,61.5,1.79,197,147,54,1.94,1197.0,Yoga,17.6,2.7,4,3,19.19
22,Female,44.3,1.57,180,131,66,1.32,1018.0,Strength,32.2,2.5,3,3,17.97
35,Male,69.1,1.95,163,165,58,1.39,1272.0,Strength,29.1,3.0,2,1,18.17
31,Male,113.4,1.56,163,128,55,1.11,634.0,HIIT,25.7,2.2,4,2,46.6
46,Male,89.3,1.89,186,156,66,1.66,1369.0,Yoga,13.1,3.2,4,2,25.0
18,Male,86.6,2.0,173,144,57,1.87,1316.0,HIIT,15.5,3.6,5,2,21.65
47,Male,128.2,1.79,199,152,74,0.61,562.0,Strength,24.0,3.1,2,1,40.01
30,Female,53.1,1.5,191,133,63,1.05,762.0,Cardio,30.6,2.4,3,1,23.6
29,Male,105.6,1.57,189,153,74,1.26,1147.0,Strength,26.1,3.0,4,1,42.84
59,Female,51.7,1.67,178,132,73,1.23,696.0,Yoga,35.0,2.1,4,1,18.54
18,Female,67.6,1.59,197,132,65,1.09,636.0,Cardio,30.5,1.9,3,3,26.74
21,Female,50.9,1.73,173,126,74,1.23,648.0,HIIT,31.5,1.6,2,3,17.01
21,Male,51.1,1.97,164,122,68,1.03,691.0,Yoga,25.3,2.8,2,1,13.17
34,Male,76.6,1.72,182,120,62,1.33,905.0,HIIT,27.6,2.5,4,3,25.89
28,Male,105.0,1.92,177,158,65,1.23,1187.0,Cardio,21.1,2.1,4,3,28.48
46,Female,68.1,1.62,165,146,55,0.93,684.0,Strength,35.0,3.1,2,2,25.95
18,Female,66.5,1.62,181,125,50,1.85,1107.0,Strength,15.9,2.4,3,3,25.34
41,Female,59.5,1.57,197,134,62,1.4,910.0,Strength,32.7,2.8,5,1,24.14
59,Female,59.0,1.62,161,167,52,2.0,1605.0,Strength,18.9,2.8,4,2,22.48
48,Male,83.4,1.64,177,159,50,2.0,1556.0,Strength,16.8,3.7,4,3,31.01
44,Female,76.4,1.7,160,164,71,1.16,866.0,Strength,31.3,2.1,4,2,26.44
42,Female,62.2,1.73,167,165,65,1.34,953.0,Yoga,28.4,1.7,3,3,20.78
46,Male,97.5,1.89,199,136,59,1.44,825.0,Cardio,26.5,3.7,3,2,27.29
29,Male,67.3,1.89,171,164,59,1.12,1025.0,HIIT,23.7,3.3,2,1,18.84
51,Female,46.9,1.83,160,151,74,1.06,664.0,HIIT,28.6,1.9,4,3,14.0
54,Male,76.0,1.75,189,133,61,1.06,595.0,HIIT,22.4,3.1,3,2,24.82
59,Male,53.3,1.76,170,169,50,1.09,931.0,HIIT,30.0,3.0,3,1,17.21
26,Male,82.2,1.81,179,122,56,1.71,1092.0,Cardio,11.3,3.4,5,3,25.09
34,Male,65.6,1.68,164,134,54,0.78,477.0,Cardio,27.4,3.4,2,2,23.24
46,Female,65.8,1.8,172,156,57,1.57,1112.0,HIIT,32.3,1.5,3,1,20.31
48,Male,73.4,1.73,189,129,68,1.3,646.0,Yoga,28.5,3.3,5,1,24.52
51,Female,68.2,1.56,191,132,74,1.12,814.0,HIIT,30.4,1.9,2,1,28.02
42,Female,52.4,1.64,199,126,70,1.37,859.0,Strength,32.7,1.5,2,3,19.48
57,Female,76.9,1.64,167,133,59,0.63,574.0,Cardio,31.9,2.9,3,1,28.59
51,Male,78.9,1.72,199,124,72,1.36,959.0,Yoga,28.0,2.8,4,2,26.67
54,Female,71.5,1.83,160,148,68,1.24,880.0,Cardio,28.2,2.3,3,1,21.35
44,Male,109.7,1.71,167,167,71,1.29,1207.0,HIIT,17.9,3.2,5,1,37.52
26,Male,98.3,1.84,172,146,50,0.72,490.0,Yoga,28.1,2.5,3,2,29.03
53,Female,63.7,1.51,188,136,54,1.13,771.0,Cardio,25.6,2.4,4,2,27.94
30,Female,53.0,1.5,196,129,74,0.83,574.0,Cardio,30.7,2.4,2,1,23.56
20,Male,120.0,1.68,187,133,71,0.77,633.0,Cardio,31.2,2.3,4,1,42.52
28,Female,55.2,1.5,178,149,53,1.22,802.0,Strength,25.2,1.5,3,1,24.53
26,Male,121.4,1.91,183,130,50,1.13,884.0,HIIT,25.5,3.4,3,3,33.28
31,Female,63.5,1.77,189,133,55,1.84,1048.0,HIIT,14.6,2.8,5,2,20.27
28,Female,61.3,1.8,169,166,63,2.0,1657.0,Cardio,17.7,2.9,3,3,18.92
43,Male,92.7,1.72,180,154,74,1.72,1240.0,Yoga,10.3,3.4,4,3,31.33
28,Female,60.2,1.5,186,159,58,1.48,1260.0,Cardio,22.1,2.8,5,3,26.76
58,Male,90.0,1.79,190,120,61,1.22,705.0,Strength,29.5,2.7,3,1,28.09
38,Female,65.6,1.56,199,143,70,1.51,1020.0,Yoga,17.3,3.3,4,2,26.96
40,Female,68.5,1.65,183,130,52,1.88,1177.0,Strength,19.8,2.2,3,3,25.16
59,Male,83.4,1.79,175,153,65,1.15,829.0,Yoga,26.0,2.9,4,2,26.03
20,Female,63.6,1.57,190,165,65,1.53,1325.0,Cardio,16.0,3.0,5,3,25.8
41,Female,72.4,1.5,170,147,64,1.29,791.0,Yoga,27.7,2.1,3,2,32.18
23,Female,63.1,1.67,199,160,71,1.15,838.0,Cardio,30.9,1.6,3,1,22.63
52,Male,53.3,1.89,184,139,65,0.74,443.0,Strength,29.4,3.5,4,1,14.92
50,Male,55.3,1.82,160,138,56,1.19,901.0,Cardio,22.9,3.5,3,1,16.69
47,Male,50.1,1.67,174,123,73,1.39,881.0,Yoga,22.4,2.8,3,1,17.96
56,Male,52.5,1.95,184,136,59,0.7,394.0,Strength,28.0,3.2,2,1,13.81
28,Female,50.9,1.66,171,120,57,1.33,593.0,Cardio,35.0,2.3,3,3,18.47
26,Female,58.6,1.58,196,160,53,1.07,832.0,Cardio,31.0,2.3,3,1,23.47
29,Male,75.4,1.97,179,142,50,1.67,1162.0,Strength,11.1,3.4,3,3,19.43
25,Male,113.8,1.91,190,163,56,1.0,897.0,Yoga,24.3,2.3,3,2,31.19
41,Female,54.4,1.59,176,166,67,1.34,1096.0,Strength,30.4,2.1,4,3,21.52
35,Male,48.8,1.64,183,162,55,0.68,501.0,Strength,17.7,3.0,2,1,18.14
32,Female,53.4,1.5,181,144,58,1.58,1227.0,Strength,19.2,3.2,4,2,23.73
55,Male,69.8,1.87,166,151,71,1.03,814.0,Yoga,28.8,1.8,2,3,19.96
47,Female,78.5,1.69,176,147,54,1.18,644.0,Cardio,27.8,2.0,3,3,27.49
59,Female,64.4,1.74,170,149,74,1.68,1045.0,HIIT,18.4,2.7,5,3,21.27
36,Female,43.9,1.71,199,162,52,1.57,1208.0,Cardio,33.9,1.5,3,1,15.01
52,Female,64.5,1.6,160,147,56,0.67,469.0,Strength,31.6,2.9,2,2,25.2
46,Female,70.9,1.74,180,152,50,1.03,858.0,Cardio,29.5,1.9,5,3,23.42
28,Female,63.6,1.64,176,169,61,1.25,938.0,HIIT,23.8,2.0,4,1,23.65
46,Male,60.1,1.89,170,168,71,1.06,835.0,Yoga,23.4,2.5,3,2,16.82
49,Female,67.5,1.84,170,162,74,1.13,844.0,Yoga,31.7,2.4,4,2,19.94
58,Male,88.7,1.66,198,122,57,1.29,917.0,Strength,23.6,3.7,3,3,32.19
28,Male,53.2,1.64,175,127,68,1.05,810.0,Strength,22.8,2.9,4,1,19.78
59,Male,129.9,1.88,160,123,70,1.01,639.0,Strength,26.5,3.7,2,1,36.75
29,Male,89.0,1.94,190,145,69,1.83,1511.0,Cardio,10.5,3.7,5,3,23.65
43,Male,63.3,2.0,167,131,68,1.1,897.0,Yoga,20.7,2.7,2,2,15.82
34,Male,89.8,1.83,172,144,72,0.78,772.0,Yoga,27.1,3.7,2,1,26.81
51,Male,91.2,1.72,180,161,68,1.9,1367.0,Strength,12.3,3.1,5,3,30.83
51,Female,60.2,1.62,192,168,73,1.09,917.0,Cardio,32.9,1.5,2,1,22.94
44,Female,72.4,1.75,166,167,53,0.74,513.0,Cardio,32.0,1.9,2,1,23.64
58,Male,52.3,1.75,162,136,69,1.63,946.0,Strength,21.0,2.8,4,1,17.08
18,Male,67.6,1.84,181,146,50,1.23,983.0,HIIT,29.2,3.2,4,2,19.97
19,Female,59.1,1.55,182,158,50,1.73,1367.0,Cardio,20.0,3.3,5,3,24.6
28,Female,63.8,1.66,181,128,54,1.64,893.0,Cardio,18.1,2.8,3,3,23.15
54,Male,115.3,1.88,199,160,50,1.12,1023.0,Yoga,26.9,2.2,3,1,32.62
22,Female,72.2,1.56,180,142,65,1.54,1089.0,HIIT,23.0,2.2,4,3,29.67
58,Male,123.0,1.9,178,160,66,1.25,1172.0,HIIT,24.3,2.3,3,1,34.07
47,Female,65.4,1.81,160,135,63,1.26,777.0,Strength,26.9,2.4,2,1,19.96
48,Male,91.6,1.62,167,136,71,1.66,955.0,Cardio,10.0,3.7,3,3,34.9
47,Female,76.7,1.79,199,168,51,1.52,985.0,HIIT,27.9,1.7,3,1,23.94
44,Male,84.9,1.83,167,133,60,2.0,1027.0,HIIT,11.0,3.3,4,3,25.35
47,Female,70.5,1.57,197,149,64,1.14,605.0,Strength,32.0,1.6,3,2,28.6
21,Female,56.8,1.56,181,135,74,1.65,928.0,Cardio,32.6,2.2,4,2,23.34
20,Female,64.0,1.61,184,165,52,1.31,1009.0,Strength,32.5,2.5,5,3,24.69
51,Male,74.1,1.93,160,149,72,1.03,867.0,Yoga,25.5,2.9,4,1,19.89
22,Male,107.0,1.97,172,143,51,1.05,969.0,HIIT,20.0,3.7,2,1,27.57
22,Female,52.6,1.6,160,138,68,1.5,1063.0,HIIT,22.0,2.1,5,2,20.55
44,Male,63.8,1.87,170,125,59,1.24,693.0,Cardio,27.9,3.3,2,2,18.24
34,Female,77.1,1.7,177,132,52,1.36,947.0,HIIT,33.6,2.0,3,2,26.68
21,Male,69.6,1.61,199,132,67,0.87,707.0,HIIT,19.3,3.4,3,1,26.85
20,Male,63.0,1.63,166,152,71,1.35,1096.0,Yoga,22.8,2.7,3,2,23.71
27,Female,60.5,1.68,193,126,71,1.37,823.0,Yoga,27.1,2.1,4,1,21.44
34,Female,52.5,1.76,185,156,52,1.11,881.0,Yoga,27.7,1.5,4,3,16.95
30,Female,75.1,1.69,191,135,50,1.06,940.0,Cardio,27.5,2.2,3,3,26.29
27,Female,51.8,1.67,168,169,61,1.22,910.0,Cardio,25.1,2.5,3,1,18.57
21,Female,61.3,1.75,193,128,74,0.55,400.0,HIIT,29.7,1.6,2,1,20.02
27,Female,83.7,1.52,181,146,56,0.96,702.0,Cardio,26.7,2.3,3,2,36.23
33,Male,89.9,1.66,163,155,73,1.26,1108.0,Cardio,29.3,2.2,4,3,32.62
28,Male,84.9,1.71,171,151,70,1.18,1053.0,Strength,28.6,3.7,3,1,29.03
28,Male,100.2,1.61,183,137,60,1.48,1106.0,Strength,28.2,3.6,4,2,38.66
19,Male,124.8,1.88,192,150,63,1.29,1033.0,Cardio,23.0,3.0,4,2,35.31
51,Female,67.0,1.63,173,123,51,1.49,788.0,Yoga,32.7,2.2,3,2,25.22
56,Female,49.3,1.76,197,162,74,1.32,915.0,Strength,27.4,2.6,2,1,15.92
23,Female,55.0,1.59,182,132,73,1.5,782.0,Cardio,33.2,2.0,4,3,21.76
45,Female,63.7,1.71,160,153,56,1.5,1070.0,HIIT,18.7,2.8,5,3,21.78
49,Female,43.6,1.59,175,130,67,0.5,303.0,Cardio,24.8,1.9,4,1,17.25
46,Male,49.6,1.97,167,122,50,0.93,536.0,Yoga,27.0,3.1,3,1,12.78
33,Male,93.2,1.64,191,152,68,1.88,1584.0,Yoga,14.5,3.2,4,2,34.65
46,Male,46.5,1.63,173,145,67,1.23,874.0,Strength,21.0,2.4,3,1,17.5
32,Female,72.5,1.75,190,133,61,1.41,639.0,Cardio,25.7,2.4,4,2,23.67
24,Male,81.4,1.87,197,151,72,1.58,1276.0,Cardio,14.3,3.7,5,3,23.28
58,Male,84.9,1.88,186,120,74,1.72,934.0,Yoga,11.7,3.5,4,3,24.02
47,Male,49.7,2.0,177,130,55,0.8,535.0,Yoga,27.5,2.7,3,2,12.42
31,Male,88.7,2.0,166,148,50,1.81,1536.0,Cardio,13.1,3.6,3,2,22.18
38,Female,53.6,1.54,188,137,73,1.37,1033.0,HIIT,27.6,1.6,3,2,22.6
56,Female,68.7,1.51,169,163,71,2.0,1277.0,HIIT,20.8,2.1,3,2,30.13
38,Male,85.7,1.84,170,153,50,1.66,1386.0,Cardio,11.2,3.5,4,2,25.31
53,Female,66.2,1.57,192,159,62,1.16,915.0,Cardio,29.6,1.6,4,2,26.86
18,Male,92.6,1.74,197,167,50,1.64,1262.0,Yoga,20.4,2.9,2,1,30.59
25,Male,85.3,1.68,191,152,69,2.0,1715.0,Strength,14.3,3.0,5,2,30.22
33,Female,79.1,1.66,181,134,58,1.23,948.0,HIIT,33.4,2.0,4,2,28.71
27,Female,69.9,1.66,176,120,69,0.83,623.0,Strength,32.9,1.7,4,2,25.37
43,Male,57.9,1.89,186,135,63,1.14,1000.0,Cardio,26.6,3.0,4,3,16.21
46,Male,74.8,1.65,160,154,51,1.07,939.0,Strength,28.9,3.7,3,1,27.47
24,Female,64.6,1.62,194,150,62,1.32,1139.0,Cardio,29.7,2.0,3,3,24.62
43,Female,62.6,1.69,168,137,68,1.89,1139.0,Yoga,20.6,2.3,3,2,21.92
45,Female,48.9,1.75,184,128,51,1.04,460.0,Yoga,23.9,2.8,2,1,15.97
33,Male,65.6,1.65,186,130,63,0.6,428.0,Cardio,24.8,3.3,3,2,24.1
38,Male,81.9,1.74,162,163,72,1.84,1541.0,Strength,15.4,3.2,5,2,27.05
39,Male,119.0,1.9,199,136,56,1.28,1042.0,Cardio,21.9,3.5,2,3,32.96
49,Male,88.3,1.63,160,131,69,1.7,1118.0,Cardio,11.9,3.4,5,3,33.23
21,Male,83.8,1.73,193,155,72,1.31,1148.0,Cardio,21.7,3.7,3,1,28.0
58,Male,119.5,1.58,169,145,57,0.98,653.0,HIIT,21.8,2.0,4,3,47.87
30,Female,53.0,1.6,165,128,51,1.26,790.0,Yoga,27.7,2.6,2,1,20.7
45,Female,47.6,1.57,185,147,64,1.18,918.0,HIIT,32.0,2.4,4,2,19.31
53,Male,115.4,1.9,193,158,53,1.52,1171.0,Yoga,29.5,2.0,5,1,31.97
20,Female,46.9,1.78,166,169,67,1.55,1081.0,HIIT,27.4,2.8,4,2,14.8
51,Female,67.6,1.52,199,160,67,1.18,851.0,Cardio,31.5,2.0,3,1,29.26
36,Male,74.7,1.79,175,134,59,1.54,976.0,HIIT,34.0,2.3,4,1,23.31
51,Male,117.0,1.97,178,120,63,1.22,691.0,Yoga,26.2,3.3,2,1,30.15
53,Male,103.4,1.84,178,124,65,0.77,506.0,Cardio,23.7,3.0,2,1,30.54
45,Male,44.4,1.77,180,165,62,1.4,1157.0,Cardio,28.1,3.4,4,3,14.17
40,Male,124.0,1.76,165,152,52,1.47,1227.0,HIIT,30.1,3.5,2,2,40.03
57,Female,69.5,1.5,177,137,61,0.5,368.0,HIIT,27.7,1.5,2,1,30.89
38,Male,60.3,1.74,199,144,68,0.98,845.0,HIIT,27.0,2.7,3,3,19.92
50,Female,57.7,1.51,187,125,51,1.15,858.0,HIIT,33.4,1.7,3,2,25.31
47,Female,75.9,1.5,177,147,66,1.35,908.0,HIIT,35.0,1.9,4,2,33.73
23,Male,73.6,1.66,166,135,50,1.05,1041.0,Cardio,20.9,3.0,4,1,26.71
42,Male,127.9,1.87,176,121,65,1.38,837.0,Strength,26.7,3.7,4,2,36.58
31,Female,76.2,1.68,173,122,51,1.29,668.0,Cardio,35.0,2.0,5,2,27.0
42,Female,61.4,1.5,172,136,69,1.24,764.0,Strength,33.0,1.8,4,3,27.29
28,Male,49.8,2.0,171,134,58,0.85,524.0,HIIT,27.1,3.1,2,1,12.45
41,Female,58.9,1.73,178,150,50,1.46,905.0,HIIT,33.4,2.2,4,2,19.68
38,Male,106.8,1.69,160,138,54,1.18,766.0,Cardio,26.3,3.4,4,2,37.39
25,Male,100.9,1.88,173,133,68,0.91,784.0,Yoga,27.5,3.0,2,2,28.55
28,Female,59.3,1.61,178,157,72,0.87,684.0,Strength,27.7,1.8,3,1,22.88
32,Female,52.0,1.62,192,135,58,1.73,1023.0,Strength,17.7,2.8,5,3,19.81
29,Male,119.4,1.92,171,132,64,0.5,480.0,Yoga,24.7,2.6,3,1,32.39
49,Male,96.4,1.66,189,121,61,1.2,1040.0,Strength,25.3,2.7,2,3,34.98
38,Female,51.0,1.76,187,132,60,1.89,1356.0,Cardio,19.1,3.1,5,3,16.46
28,Male,121.6,1.83,199,149,63,0.97,849.0,HIIT,26.5,1.6,2,2,36.31
34,Male,111.8,1.75,170,144,53,1.12,899.0,HIIT,29.2,3.3,4,1,36.51
42,Male,106.3,1.97,195,133,68,0.82,663.0,HIIT,25.1,2.2,2,1,27.39
45,Female,58.1,1.82,172,161,60,2.0,1457.0,Yoga,18.8,2.9,5,3,17.54
22,Female,53.9,1.61,184,169,63,0.71,338.0,Yoga,30.6,1.9,3,2,20.79
52,Male,47.9,1.91,170,153,50,0.71,545.0,HIIT,30.6,2.9,4,1,13.13
43,Female,46.5,1.65,177,150,60,1.43,983.0,Cardio,24.6,2.1,2,1,17.08
27,Male,87.9,1.66,189,165,63,1.74,1633.0,HIIT,10.9,3.7,3,3,31.9
59,Male,122.1,1.92,192,123,66,0.96,710.0,Yoga,23.0,1.7,4,3,33.12
38,Female,55.6,1.72,168,141,60,2.0,1351.0,Strength,19.4,3.3,5,3,18.79
22,Female,44.5,1.55,192,137,62,1.12,754.0,Cardio,34.3,1.7,2,1,18.52
56,Female,77.5,1.54,191,147,70,1.17,765.0,HIIT,27.0,1.9,4,3,32.68
39,Male,126.8,1.66,192,128,72,0.98,733.0,Strength,23.5,3.3,3,2,46.02
34,Female,66.8,1.66,183,142,70,1.16,698.0,Yoga,30.9,2.0,4,3,24.24
54,Male,88.3,1.93,199,137,60,1.01,811.0,Yoga,28.8,3.4,2,1,23.71
41,Female,80.2,1.78,167,159,71,1.37,917.0,Strength,29.5,2.1,5,3,25.31
34,Female,61.2,1.64,160,167,73,1.09,759.0,HIIT,26.5,2.5,5,3,22.75
53,Male,83.3,1.76,194,161,64,1.46,1257.0,Yoga,27.2,3.5,2,3,26.89
36,Female,62.1,1.66,160,155,61,1.44,1031.0,Cardio,33.5,1.9,4,3,22.54
43,Male,112.9,1.86,166,133,60,1.2,923.0,Yoga,32.0,3.1,4,2,32.63
20,Female,76.5,1.77,193,131,57,1.3,831.0,HIIT,27.5,1.6,3,1,24.42
28,Female,64.8,1.6,183,132,58,1.09,579.0,Strength,32.0,1.5,4,1,25.31
23,Female,71.8,1.7,181,128,66,0.84,406.0,HIIT,27.9,1.5,2,1,24.84
34,Female,49.2,1.5,185,143,66,1.43,925.0,HIIT,34.4,2.9,2,1,21.87
29,Female,58.7,1.62,177,149,55,1.24,866.0,Strength,24.8,1.5,3,1,22.37
45,Female,59.8,1.58,188,157,65,1.0,696.0,Strength,32.7,3.1,5,3,23.95
52,Male,61.6,1.71,185,141,66,1.45,999.0,Strength,24.3,2.8,3,2,21.07
41,Male,65.9,1.86,174,120,60,1.21,752.0,Cardio,26.7,3.7,2,1,19.05
44,Female,75.0,1.79,170,130,57,1.49,877.0,Yoga,32.7,2.4,3,3,23.41
18,Female,52.1,1.71,187,165,58,1.16,906.0,Cardio,28.1,2.5,2,1,17.82
33,Male,87.0,1.53,184,126,65,1.72,1203.0,Cardio,11.7,3.6,4,2,37.17
55,Male,57.3,1.91,182,133,58,0.76,479.0,Strength,29.9,2.9,3,2,15.71
42,Male,45.2,1.82,169,155,69,1.31,915.0,Yoga,22.9,1.9,3,1,13.65
20,Female,78.0,1.78,198,143,64,1.25,957.0,Strength,35.0,2.8,2,3,24.62
45,Female,63.5,1.57,196,123,71,1.86,1152.0,Strength,21.9,2.7,4,3,25.76
22,Male,83.9,1.74,172,126,63,1.68,1117.0,Cardio,12.2,3.7,5,3,27.71
44,Female,55.7,1.5,180,120,55,1.28,814.0,HIIT,33.5,2.5,4,2,24.76
53,Female,64.6,1.54,170,128,52,1.49,1025.0,Strength,15.7,2.6,4,2,27.24
39,Female,47.4,1.61,168,124,50,1.12,681.0,HIIT,29.8,2.7,2,1,18.29
40,Male,82.3,1.76,164,161,56,1.27,1131.0,Cardio,28.1,3.0,5,3,26.57
42,Male,57.5,1.78,161,166,72,0.84,891.0,Strength,20.9,2.7,3,1,18.15
47,Male,75.6,1.71,190,129,72,1.42,987.0,Yoga,30.4,3.5,2,2,25.85
43,Male,119.6,1.78,187,131,62,0.89,569.0,Strength,24.2,2.3,2,1,37.75
20,Male,85.9,1.9,166,141,54,1.71,1294.0,Cardio,11.4,3.2,5,2,23.8
53,Female,66.3,1.69,190,131,59,2.0,1317.0,Cardio,22.9,3.2,5,3,23.21
49,Male,75.3,1.61,177,120,60,1.36,799.0,Cardio,22.7,3.6,4,3,29.05
31,Male,95.9,1.89,174,147,56,0.52,501.0,Yoga,26.0,3.0,3,1,26.85
24,Female,67.2,1.68,166,169,74,1.35,1027.0,Strength,23.6,1.8,2,1,23.81
57,Male,51.3,1.82,179,169,56,1.05,913.0,HIIT,31.0,2.7,3,2,15.49
39,Male,52.2,1.78,160,163,71,0.93,852.0,Strength,21.4,2.7,4,1,16.48
55,Female,74.3,1.64,194,162,55,1.48,1067.0,HIIT,26.8,2.1,2,2,27.62
54,Female,49.5,1.62,184,139,74,1.25,731.0,Yoga,32.6,1.8,4,2,18.86
27,Male,124.9,1.87,182,133,50,1.16,975.0,HIIT,23.3,3.6,4,1,35.72
42,Female,72.2,1.68,160,157,50,1.23,1000.0,Cardio,34.5,1.6,3,3,25.58
50,Female,55.1,1.72,178,131,69,0.69,361.0,Yoga,32.5,2.3,2,1,18.62
48,Male,46.0,1.84,184,163,60,1.59,1170.0,Cardio,27.3,3.5,2,3,13.59
24,Male,65.5,1.67,160,151,74,1.36,1173.0,Yoga,25.9,2.3,4,1,23.49
49,Male,116.9,1.81,171,143,59,1.37,946.0,Cardio,22.1,3.5,2,1,35.68
30,Female,47.3,1.58,163,169,62,1.26,936.0,Cardio,23.3,2.8,2,1,18.95
42,Male,58.7,1.67,167,150,63,1.21,1030.0,Strength,19.5,2.2,4,2,21.05
34,Female,72.7,1.69,179,134,68,0.52,361.0,Cardio,28.7,1.8,2,1,25.45
59,Male,108.1,1.94,196,150,59,1.46,1072.0,Yoga,25.6,1.6,2,1,28.72
44,Male,70.3,1.94,163,167,54,0.6,458.0,Yoga,28.3,2.4,2,1,18.68
50,Male,48.4,1.83,199,151,74,1.51,1094.0,Strength,24.6,3.4,3,1,14.45
39,Male,128.0,1.66,192,126,70,1.03,787.0,Strength,22.1,3.7,3,2,46.45
28,Female,67.7,1.68,171,162,74,0.65,464.0,Strength,28.2,2.3,4,1,23.99
41,Male,59.0,2.0,197,141,74,1.48,1098.0,Cardio,25.1,2.4,3,3,14.75
43,Male,100.7,1.97,199,149,61,1.0,401.0,HIIT,21.1,3.5,3,1,25.95
21,Male,83.8,2.0,174,140,62,1.5,1328.0,HIIT,13.2,3.4,4,3,20.95
22,Male,99.9,1.99,176,130,72,1.07,636.0,Yoga,28.1,3.4,2,1,25.23
37,Male,124.5,1.68,160,165,62,1.35,1218.0,Yoga,22.4,3.0,3,1,44.11
57,Female,73.0,1.73,165,122,53,1.53,838.0,Strength,33.9,2.0,4,1,24.39
21,Female,63.7,1.5,183,165,61,1.47,1100.0,Yoga,29.6,1.9,4,1,28.31
25,Female,73.0,1.74,199,152,55,1.45,1237.0,Yoga,30.9,1.7,3,2,24.11
40,Female,49.6,1.6,185,125,65,1.25,712.0,Cardio,34.3,2.5,2,1,19.37
19,Female,43.7,1.6,170,132,68,1.39,962.0,Strength,30.8,2.5,4,3,17.07
18,Male,68.9,1.94,195,146,58,1.08,874.0,Yoga,23.9,2.4,3,1,18.31
27,Female,76.6,1.72,179,130,68,1.04,532.0,Yoga,34.8,1.5,4,2,25.89
58,Female,46.0,1.71,192,142,57,1.04,545.0,Yoga,33.0,2.4,2,2,15.73
25,Female,74.4,1.67,162,125,67,1.05,792.0,Cardio,33.6,1.6,2,1,26.68
28,Male,61.4,1.63,199,123,70,1.2,807.0,Yoga,23.2,2.0,4,3,23.11
19,Male,128.0,1.69,198,162,57,1.35,1146.0,HIIT,30.0,3.7,4,3,44.82
42,Male,75.0,1.55,161,134,50,0.96,749.0,Strength,24.7,3.7,5,2,31.22
25,Female,72.7,1.61,176,137,54,1.26,1026.0,Cardio,28.6,2.4,4,2,28.05
43,Female,70.6,1.67,167,161,74,0.9,644.0,Yoga,31.6,1.5,2,1,25.31
36,Female,72.3,1.5,194,128,61,1.32,909.0,Cardio,30.9,2.1,5,2,32.13
50,Male,94.8,1.65,186,135,65,0.82,731.0,Cardio,34.3,3.1,2,3,34.82
34,Female,44.2,1.56,198,151,66,0.5,461.0,HIIT,30.8,2.2,3,2,18.16
35,Male,88.7,1.79,170,155,67,1.33,1084.0,Strength,27.9,2.7,4,1,27.68
40,Male,122.2,1.69,160,166,63,1.31,1182.0,Yoga,23.0,1.9,3,2,42.79
53,Male,78.7,1.62,162,152,50,0.8,796.0,Strength,28.9,3.7,3,1,29.99
50,Female,43.0,1.53,160,157,64,1.13,687.0,Yoga,28.2,2.3,3,3,18.37
54,Male,71.1,2.0,193,145,73,1.12,879.0,HIIT,21.1,2.2,4,2,17.77
30,Male,103.0,1.74,183,147,68,0.83,399.0,Cardio,26.7,3.3,3,1,34.02
24,Male,61.1,1.79,165,147,63,1.25,1199.0,Strength,29.1,3.0,3,1,19.07
20,Female,79.3,1.64,182,149,60,1.02,927.0,Strength,31.4,2.2,3,3,29.48
21,Female,71.3,1.68,199,159,68,1.12,1015.0,HIIT,35.0,2.4,4,1,25.26
39,Male,69.6,1.87,198,148,55,0.51,531.0,Cardio,22.9,2.5,3,2,19.9
36,Male,72.0,1.95,180,156,73,0.99,796.0,Strength,30.9,2.4,3,1,18.93
25,Female,70.1,1.6,187,140,50,1.23,968.0,Cardio,27.8,1.8,4,1,27.38
47,Female,40.0,1.68,199,165,73,1.41,1160.0,HIIT,27.8,2.4,2,1,14.17
50,Male,90.4,1.62,164,152,65,0.97,517.0,Strength,29.4,3.3,3,1,34.45
52,Female,72.7,1.58,184,169,65,1.03,744.0,HIIT,34.6,1.8,4,2,29.12
36,Female,66.2,1.74,173,147,60,1.27,1001.0,Yoga,27.1,1.5,3,1,21.87
56,Female,62.3,1.5,174,149,54,1.01,557.0,HIIT,28.5,2.3,3,1,27.69
57,Male,55.2,1.88,174,165,50,1.15,1003.0,HIIT,28.3,3.4,2,2,15.62
18,Female,51.0,1.54,173,152,67,1.08,835.0,Cardio,31.5,3.0,2,1,21.5
49,Female,60.9,1.74,166,153,53,1.63,1073.0,HIIT,14.1,2.4,5,2,20.11
42,Female,56.6,1.75,171,163,61,1.86,1450.0,Yoga,17.8,2.7,5,3,18.48
31,Female,65.1,1.78,160,152,68,0.5,462.0,Cardio,22.5,2.2,2,1,20.55
51,Female,81.4,1.63,199,150,74,1.04,809.0,Yoga,29.9,1.8,5,1,30.64
31,Male,80.8,1.93,160,147,54,1.71,1515.0,Cardio,14.4,3.3,4,3,21.69
33,Female,72.8,1.56,181,123,54,1.03,683.0,Strength,28.4,1.9,2,2,29.91
54,Male,54.3,1.62,190,134,56,1.35,864.0,Cardio,28.6,3.6,2,2,20.69
51,Female,68.9,1.61,171,158,64,0.51,375.0,Strength,26.0,1.5,4,1,26.58
42,Male,74.8,1.87,195,146,54,0.5,448.0,Cardio,23.3,2.8,3,2,21.39
56,Male,88.4,1.78,177,141,52,1.89,1335.0,Yoga,13.8,3.3,3,2,27.9
18,Female,50.3,1.71,178,132,73,1.07,703.0,HIIT,33.3,2.9,2,2,17.2
23,Female,76.2,1.65,180,158,62,1.09,909.0,Strength,30.7,1.8,2,1,27.99
24,Female,48.6,1.63,191,169,61,0.51,407.0,Yoga,29.1,1.5,2,1,18.29
41,Male,103.2,1.93,198,140,50,0.97,668.0,Yoga,23.8,2.6,2,1,27.71
52,Male,108.8,1.93,160,129,64,1.41,899.0,HIIT,27.0,3.3,2,1,29.21
30,Male,86.7,1.72,194,129,64,1.45,1030.0,Strength,27.0,2.3,4,1,29.31
23,Male,100.3,1.85,199,137,69,0.6,303.0,Cardio,20.9,2.0,2,1,29.31
53,Female,58.0,1.61,199,120,50,2.0,1138.0,Yoga,22.2,3.0,5,3,22.38
54,Male,106.0,1.98,182,128,65,0.84,608.0,Cardio,21.8,2.0,2,1,27.04
41,Male,119.2,1.63,182,142,56,0.89,675.0,HIIT,22.6,3.2,3,1,44.86
54,Female,42.3,1.77,182,156,69,1.66,921.0,Cardio,26.4,2.0,2,1,13.5
40,Male,63.6,1.99,175,141,50,1.37,1108.0,Cardio,22.6,2.7,2,2,16.06
25,Male,103.2,1.65,167,129,66,1.46,925.0,Cardio,32.0,3.5,3,1,37.91
59,Male,91.6,1.79,169,148,69,1.64,1184.0,Cardio,24.4,3.7,2,1,28.59
49,Male,70.3,1.67,160,169,57,1.52,1225.0,HIIT,31.5,2.1,3,2,25.21
46,Male,75.1,1.94,191,156,53,1.34,1091.0,Yoga,23.6,2.1,2,1,19.95
48,Male,52.1,1.69,166,135,69,1.41,844.0,Yoga,16.2,3.7,2,3,18.24
57,Male,78.6,1.87,174,144,74,0.89,529.0,Yoga,23.3,3.7,3,1,22.48
34,Male,101.9,1.72,181,140,50,1.64,1031.0,HIIT,30.3,2.4,4,1,34.44
41,Female,57.0,1.54,173,131,62,0.63,326.0,Yoga,32.3,1.8,2,1,24.03
38,Female,62.7,1.62,194,137,74,2.0,1460.0,Cardio,19.0,2.5,4,3,23.89
22,Female,63.1,1.58,184,127,54,1.89,1077.0,Strength,18.9,3.0,5,2,25.28
31,Male,89.3,1.6,197,156,60,1.96,1682.0,HIIT,15.4,3.5,4,3,34.88
45,Male,78.9,1.96,187,141,51,1.03,809.0,Cardio,24.2,3.6,2,1,20.54
59,Female,60.8,1.55,197,151,63,1.39,948.0,Strength,31.0,1.6,2,2,25.31
37,Female,70.7,1.77,161,127,53,0.96,606.0,Strength,33.1,1.8,3,2,22.57
51,Female,60.3,1.53,163,138,73,1.26,656.0,HIIT,25.4,2.3,4,3,25.76
39,Female,50.0,1.64,196,125,72,1.28,675.0,Cardio,33.8,2.7,2,1,18.59
45,Female,73.0,1.65,162,142,52,1.43,915.0,HIIT,32.5,2.4,2,1,26.81
35,Male,69.4,1.6,184,124,62,0.55,395.0,Cardio,25.2,3.4,2,1,27.11
41,Female,47.3,1.57,164,137,50,1.47,920.0,Strength,30.3,2.9,2,2,19.19
25,Male,109.4,1.95,192,124,74,1.19,1031.0,HIIT,21.6,3.1,3,1,28.77
50,Female,59.2,1.67,170,131,68,1.61,991.0,Cardio,19.2,3.0,3,3,21.23
34,Male,110.3,1.59,198,146,68,0.71,682.0,HIIT,22.9,3.3,3,2,43.63
52,Male,49.7,1.74,185,126,59,1.43,663.0,Strength,25.4,3.7,4,1,16.42
49,Female,73.8,1.73,179,149,68,1.29,869.0,Cardio,33.2,2.3,2,1,24.66
49,Male,115.8,1.7,190,141,56,1.65,1020.0,Yoga,22.2,2.0,4,2,40.07
39,Male,81.1,1.76,189,142,54,1.53,1246.0,HIIT,10.0,3.4,4,3,26.18
54,Male,80.5,1.94,169,149,73,0.68,569.0,Yoga,18.7,3.7,3,1,21.39
25,Female,58.7,1.61,177,163,70,1.11,636.0,Strength,26.2,2.3,2,1,22.65
53,Male,59.1,1.99,189,158,63,0.85,756.0,HIIT,23.1,3.4,3,1,14.92
58,Female,61.2,1.69,181,121,69,1.24,758.0,Strength,34.3,1.9,3,2,21.43
39,Male,101.0,1.76,191,127,67,0.92,476.0,HIIT,22.9,3.1,2,1,32.61
29,Male,76.2,1.64,198,129,66,1.22,862.0,Yoga,31.1,2.8,4,1,28.33
25,Female,63.1,1.59,199,141,56,0.6,451.0,Strength,31.8,1.7,3,2,24.96
51,Male,49.4,1.63,181,162,51,0.76,683.0,Yoga,21.1,2.7,2,2,18.59
35,Male,104.6,1.6,179,153,72,1.37,1177.0,Strength,28.6,3.3,5,1,40.86
30,Male,84.2,1.58,181,129,72,1.77,1169.0,Cardio,14.2,3.6,5,3,33.73
40,Male,88.4,1.82,177,134,65,1.68,1233.0,Yoga,10.4,3.7,4,3,26.69
34,Male,114.5,1.91,171,143,58,1.22,959.0,HIIT,23.1,3.6,3,1,31.39
48,Female,46.4,1.76,165,150,59,1.51,849.0,Cardio,28.5,1.8,4,2,14.98
28,Male,106.0,1.72,174,120,71,1.41,869.0,Cardio,32.4,2.5,3,2,35.83
51,Female,62.8,1.59,161,128,63,0.84,535.0,HIIT,30.2,2.1,3,1,24.84
29,Female,70.1,1.64,181,121,72,0.8,517.0,HIIT,26.6,1.7,3,1,26.06
31,Male,96.9,1.79,169,141,72,0.58,577.0,Yoga,21.1,3.7,2,1,30.24
55,Male,82.6,1.62,199,123,59,1.94,1140.0,Strength,10.0,3.7,5,3,31.47
46,Male,91.9,1.68,165,148,63,0.91,516.0,Strength,28.9,3.7,2,1,32.56
52,Female,76.7,1.55,177,144,74,0.97,596.0,HIIT,32.1,2.0,2,2,31.93
40,Female,60.5,1.7,188,162,61,1.65,1230.0,Yoga,16.9,3.1,5,3,20.93
22,Male,92.0,1.88,160,139,70,1.94,1288.0,HIIT,11.4,3.1,5,2,26.03
21,Female,68.2,1.64,188,161,63,1.51,1117.0,Cardio,35.0,2.2,2,3,25.36
59,Female,53.6,1.58,175,149,69,1.15,765.0,HIIT,29.5,2.8,4,3,21.47
27,Male,89.6,1.84,173,149,66,1.56,1370.0,Strength,10.9,3.3,5,3,26.47
41,Female,68.2,1.68,192,151,61,1.33,943.0,HIIT,28.5,1.6,3,3,24.16
50,Male,62.1,1.71,164,169,63,1.22,1014.0,Strength,25.1,2.3,2,1,21.24
20,Female,71.0,1.5,181,133,70,1.4,978.0,HIIT,28.5,1.5,4,1,31.56
57,Male,56.1,1.97,179,133,63,0.83,480.0,Strength,29.1,2.6,4,1,14.46
18,Female,66.0,1.56,191,128,53,1.64,1118.0,Strength,16.6,3.1,5,2,27.12
38,Male,115.2,1.8,176,169,66,0.9,1148.0,Yoga,22.6,2.2,2,1,35.56
41,Female,51.6,1.67,169,129,52,1.29,846.0,HIIT,35.0,2.3,2,1,18.5
32,Male,85.0,1.95,160,123,54,1.3,949.0,Strength,30.8,2.7,2,2,22.35
56,Female,60.5,1.5,162,147,50,0.84,673.0,HIIT,29.6,2.4,2,1,26.89
32,Female,56.4,1.73,195,140,57,1.71,1267.0,Cardio,17.6,3.1,4,2,18.84
30,Female,75.1,1.67,184,140,52,1.17,855.0,HIIT,32.4,2.4,2,1,26.93
24,Female,62.7,1.62,192,139,55,1.74,1255.0,Yoga,20.9,2.5,3,3,23.89
32,Female,64.9,1.74,168,163,64,0.66,405.0,Cardio,23.0,3.0,3,1,21.44
21,Male,88.6,1.76,176,160,68,1.51,1466.0,HIIT,10.0,2.9,3,2,28.6
57,Female,47.6,1.7,188,120,68,1.33,805.0,Strength,33.2,2.3,3,1,16.47
32,Female,66.2,1.66,183,133,68,0.99,659.0,Yoga,30.6,2.0,4,2,24.02
51,Female,45.8,1.67,185,132,64,0.5,303.0,Cardio,28.4,2.5,4,1,16.42
21,Female,60.6,1.7,197,154,73,1.2,909.0,Cardio,34.6,3.0,4,3,20.97
18,Female,51.8,1.66,184,148,74,0.82,635.0,HIIT,28.6,2.4,3,2,18.8
23,Male,87.5,1.58,189,133,74,1.74,1245.0,Strength,11.8,3.7,5,3,35.05
52,Male,51.3,1.57,185,134,57,1.25,860.0,Cardio,27.7,2.6,2,1,20.81
44,Female,73.2,1.76,169,134,57,1.43,799.0,Yoga,35.0,1.7,3,3,23.63
48,Male,94.7,1.57,174,137,50,1.32,725.0,Strength,21.6,3.6,5,2,38.42
33,Male,70.0,1.75,181,120,61,1.17,637.0,Cardio,31.4,2.8,3,1,22.86
36,Female,81.2,1.7,184,141,62,0.83,614.0,Cardio,27.4,1.5,2,1,28.1
48,Female,62.3,1.5,171,145,62,1.08,704.0,Strength,33.5,2.2,3,2,27.69
58,Male,83.6,1.72,169,163,67,1.82,1274.0,HIIT,13.4,3.7,5,2,28.26
26,Male,81.2,1.83,199,154,74,1.5,1221.0,Cardio,14.2,3.0,5,3,24.25
48,Male,68.7,2.0,163,138,70,1.1,656.0,Strength,21.9,2.3,2,2,17.18
52,Male,85.3,1.81,170,136,69,1.43,1211.0,Cardio,12.7,3.3,5,2,26.04
48,Male,84.2,1.86,188,123,62,1.77,1133.0,HIIT,18.2,3.7,4,2,24.34
42,Female,76.1,1.82,169,132,56,1.5,785.0,Yoga,34.5,1.6,5,3,22.97
43,Female,76.9,1.72,160,157,71,1.29,942.0,Strength,30.5,2.2,4,2,25.99
52,Male,42.6,1.72,192,133,72,1.02,721.0,Cardio,26.4,2.5,2,1,14.4
24,Male,120.8,1.8,192,151,66,0.81,867.0,Cardio,28.9,3.7,2,2,37.28
30,Male,74.4,1.59,171,127,74,1.1,798.0,Yoga,26.2,2.6,3,1,29.43
52,Male,87.2,1.86,166,141,56,1.52,1154.0,Cardio,10.5,3.6,5,2,25.21
40,Male,57.1,1.78,160,130,65,1.18,655.0,Strength,18.4,1.9,3,1,18.02
26,Male,82.6,1.96,160,153,65,1.59,1484.0,Yoga,10.6,3.7,5,3,21.5
52,Male,85.8,1.81,192,164,70,1.65,1172.0,Yoga,30.3,3.7,4,1,26.19
44,Male,63.2,1.76,181,140,57,1.32,817.0,HIIT,23.6,3.5,3,2,20.4
57,Female,43.3,1.57,185,153,63,0.89,710.0,HIIT,28.3,2.5,2,1,17.57
54,Male,54.8,1.68,164,158,65,0.64,508.0,Cardio,24.0,3.4,3,1,19.42
21,Female,65.5,1.58,180,156,64,1.24,1119.0,HIIT,35.0,1.5,3,1,26.24
42,Male,120.0,1.67,191,140,56,0.75,606.0,HIIT,19.7,3.2,3,1,43.03
20,Female,62.8,1.82,183,134,59,1.31,978.0,Cardio,30.9,2.2,3,2,18.96
33,Female,47.1,1.56,195,161,62,0.5,360.0,HIIT,32.2,2.0,3,2,19.35
19,Male,97.0,1.95,177,129,67,0.68,655.0,Yoga,27.2,3.5,4,2,25.51
31,Female,54.5,1.78,196,133,60,1.76,1318.0,Cardio,19.3,2.7,5,3,17.2
47,Male,102.0,1.64,198,132,59,0.5,350.0,HIIT,21.1,2.4,2,1,37.92
32,Female,51.5,1.53,198,133,62,1.46,959.0,Cardio,30.3,2.3,2,1,22.0
28,Male,124.4,1.74,171,163,64,1.18,1152.0,Strength,27.5,3.0,2,1,41.09
44,Female,70.8,1.75,168,139,62,1.33,945.0,Strength,34.1,1.9,4,2,23.12
39,Female,76.6,1.68,177,143,62,0.91,699.0,Yoga,31.4,2.2,3,3,27.14
40,Female,83.9,1.79,167,166,70,1.22,950.0,Strength,34.1,2.0,4,1,26.19
45,Male,127.4,1.62,196,155,57,0.87,658.0,Cardio,30.8,3.7,2,2,48.54
49,Male,44.2,1.91,162,157,65,1.19,1067.0,Cardio,29.3,2.0,2,3,12.12
18,Male,81.6,1.83,166,161,70,0.84,732.0,Yoga,30.4,2.5,2,1,24.37
47,Female,40.7,1.62,171,140,56,0.5,323.0,Yoga,31.3,1.5,3,1,15.51
21,Female,72.1,1.53,193,120,53,0.96,547.0,Strength,25.8,1.5,3,2,30.8
57,Female,66.5,1.72,189,143,61,1.76,1130.0,Cardio,21.1,2.3,5,3,22.48
31,Male,96.7,1.66,183,131,63,1.43,971.0,Strength,29.0,2.6,3,3,35.09
57,Male,50.1,1.66,185,165,50,0.77,607.0,Yoga,26.6,3.7,2,1,18.18
36,Female,54.8,1.67,165,145,60,1.98,1393.0,Strength,19.5,1.6,5,3,19.65
51,Male,129.6,1.59,192,165,60,0.98,828.0,Yoga,22.5,2.3,4,3,51.26
49,Female,60.4,1.68,173,153,71,1.45,968.0,HIIT,28.9,1.9,2,1,21.4
18,Female,69.5,1.7,168,140,62,1.21,764.0,Cardio,32.1,1.8,4,2,24.05
48,Female,63.9,1.62,161,132,62,0.82,552.0,HIIT,29.0,1.9,3,1,24.35
59,Female,55.6,1.6,162,169,65,0.68,444.0,Cardio,32.0,2.2,4,1,21.72
32,Male,54.9,1.94,187,122,61,1.24,721.0,Strength,20.9,3.6,3,3,14.59
32,Male,83.5,1.95,166,158,58,1.47,1172.0,HIIT,21.3,3.7,4,2,21.96
53,Male,48.9,1.68,187,123,53,1.4,760.0,Cardio,28.0,3.5,2,2,17.33
45,Male,59.3,1.67,190,144,66,1.26,1071.0,HIIT,24.0,2.7,5,2,21.26
54,Female,43.7,1.51,177,155,62,1.26,675.0,HIIT,32.2,2.6,3,1,19.17
24,Female,44.0,1.73,160,127,55,1.48,963.0,Cardio,27.5,1.8,5,3,14.7
26,Male,105.8,1.83,172,131,51,0.93,815.0,Yoga,27.4,2.1,4,1,31.59
48,Male,89.2,1.83,180,146,51,1.12,700.0,Cardio,30.8,3.7,4,1,26.64
20,Male,115.4,1.91,167,158,52,0.97,843.0,Cardio,25.9,3.7,4,1,31.63
23,Male,89.0,1.97,192,131,55,1.94,1285.0,Strength,10.1,3.7,5,2,22.93
54,Female,69.2,1.54,184,148,71,1.0,545.0,HIIT,32.9,2.3,2,1,29.18
45,Male,80.7,1.81,178,135,51,1.71,1148.0,Yoga,10.0,3.6,5,3,24.63
57,Female,56.9,1.71,165,120,58,0.91,445.0,Yoga,28.4,2.6,2,1,19.46
30,Male,106.7,1.78,177,138,56,1.32,980.0,HIIT,29.1,3.7,3,2,33.68
27,Female,77.4,1.72,189,135,54,1.09,880.0,Cardio,26.4,2.5,3,3,26.16
59,Male,73.5,1.73,174,141,53,1.0,800.0,Yoga,25.4,3.3,5,1,24.56
21,Female,48.0,1.7,190,165,58,1.57,1314.0,Cardio,27.7,3.0,5,3,16.61
44,Female,57.2,1.71,194,129,69,1.36,839.0,Yoga,28.2,2.4,4,3,19.56
28,Male,86.5,1.79,178,139,51,1.39,999.0,Cardio,29.5,2.4,5,1,27.0
54,Female,70.4,1.61,160,133,57,0.58,416.0,Cardio,31.4,1.9,4,2,27.16
38,Female,62.8,1.56,193,135,57,1.39,831.0,Cardio,35.0,2.4,4,2,25.81
23,Female,42.8,1.69,169,130,58,1.46,1118.0,Cardio,28.8,2.0,3,2,14.99
57,Female,57.1,1.55,198,165,61,1.42,1007.0,HIIT,29.9,1.9,2,1,23.77
25,Male,89.9,1.96,167,150,50,1.73,1488.0,Cardio,10.0,3.2,3,3,23.4
29,Female,55.6,1.59,167,148,64,1.06,958.0,Cardio,34.0,1.9,3,2,21.99
25,Male,117.7,1.77,195,163,67,0.83,805.0,Yoga,31.3,3.7,2,1,37.57
19,Male,81.1,1.91,188,136,55,1.87,1328.0,Yoga,12.1,3.7,3,2,22.23
29,Male,86.0,1.58,171,156,74,1.5,1148.0,Cardio,22.9,1.8,5,2,34.45
36,Male,104.4,1.63,166,163,61,1.27,1078.0,Cardio,30.1,2.5,2,2,39.29
51,Male,117.5,1.83,173,136,53,1.09,895.0,Cardio,21.6,3.7,3,2,35.09
45,Male,56.6,1.68,188,151,61,1.22,1148.0,HIIT,25.2,2.5,3,3,20.05
29,Female,76.4,1.62,161,150,72,1.49,1056.0,HIIT,32.8,1.9,5,2,29.11
50,Female,66.8,1.59,182,159,70,1.32,1049.0,Strength,33.1,1.5,2,1,26.42
33,Female,46.5,1.67,197,140,60,1.3,949.0,Yoga,32.2,1.7,4,1,16.67
31,Female,72.0,1.59,197,132,54,0.66,369.0,HIIT,30.4,2.4,3,1,28.48
19,Male,82.3,1.88,199,141,59,1.7,1241.0,Yoga,12.3,3.7,3,3,23.29
40,Male,69.6,1.94,171,150,70,1.33,1087.0,Cardio,31.6,2.1,4,3,18.49
29,Female,80.1,1.5,182,150,61,1.12,817.0,Cardio,25.0,2.1,4,3,35.6
53,Female,78.9,1.6,197,150,74,1.1,640.0,Yoga,33.5,2.2,3,3,30.82
54,Female,70.7,1.59,192,148,73,1.2,793.0,HIIT,26.0,2.4,5,2,27.97
19,Male,78.6,1.79,174,122,61,1.51,1060.0,Cardio,10.0,3.2,5,2,24.53
38,Female,51.8,1.58,164,148,66,1.25,969.0,Strength,32.4,2.2,2,1,20.75
53,Male,93.5,1.65,185,134,74,1.99,1244.0,Cardio,10.2,3.7,4,3,34.34
48,Male,58.3,1.78,199,133,65,1.09,850.0,Cardio,21.4,3.1,3,3,18.4
41,Female,72.4,1.62,163,120,74,1.07,542.0,HIIT,26.4,1.8,2,3,27.59
55,Female,40.1,1.66,170,135,59,1.11,826.0,Yoga,26.1,1.6,5,1,14.55
43,Female,54.7,1.57,180,169,69,1.43,1188.0,Strength,28.5,2.3,4,3,22.19
37,Male,59.1,1.83,173,159,56,1.26,1192.0,Strength,28.1,1.8,3,2,17.65
56,Male,93.7,1.63,175,153,55,1.29,968.0,Strength,30.4,2.1,3,1,35.27
47,Male,84.2,1.81,179,150,67,1.82,1324.0,HIIT,13.9,3.5,5,3,25.7
22,Male,107.2,1.84,166,144,57,1.42,1044.0,Strength,20.4,2.5,2,1,31.66
35,Female,62.0,1.64,166,169,61,0.88,850.0,HIIT,25.7,1.6,2,2,23.05
18,Female,74.4,1.62,183,126,55,1.39,797.0,HIIT,22.1,2.2,3,1,28.35
59,Male,88.9,1.7,183,156,69,0.84,786.0,Yoga,26.6,3.0,4,2,30.76
58,Male,112.5,1.64,184,160,66,1.28,1059.0,Cardio,19.5,3.3,2,2,41.83
53,Male,83.1,1.77,185,162,71,1.6,1166.0,Yoga,28.1,3.4,4,3,26.52
18,Female,57.5,1.61,175,152,68,2.0,1321.0,Yoga,14.8,2.3,3,3,22.18
44,Male,45.0,1.75,162,151,68,1.32,976.0,Yoga,23.9,2.6,3,1,14.69
52,Female,70.5,1.82,198,124,66,1.32,682.0,HIIT,28.6,2.0,2,2,21.28
34,Male,129.5,1.8,163,157,50,1.56,1197.0,HIIT,26.4,3.3,2,2,39.97
43,Male,80.7,1.71,174,138,64,0.96,680.0,Cardio,28.8,3.7,5,2,27.6
49,Female,58.7,1.57,175,138,66,1.24,687.0,Strength,35.0,1.6,5,1,23.81
45,Female,59.7,1.54,197,133,64,1.39,861.0,Strength,31.1,2.5,3,2,25.17
25,Male,96.2,1.92,196,130,73,0.5,395.0,Cardio,25.2,2.0,2,1,26.1
59,Male,106.0,1.64,178,166,64,1.46,1131.0,Cardio,21.8,2.4,3,1,39.41
55,Female,63.2,1.72,160,151,59,1.76,1197.0,Cardio,13.3,2.5,4,3,21.36
43,Female,52.4,1.63,172,163,69,1.54,848.0,Strength,32.6,2.4,3,2,19.72
43,Female,49.6,1.77,163,161,52,1.32,935.0,Strength,32.2,2.2,2,3,15.83
26,Female,68.7,1.51,190,140,61,1.96,1243.0,Strength,14.2,2.9,5,3,30.13
52,Female,50.1,1.56,165,150,71,1.27,822.0,HIIT,30.3,1.8,3,2,20.59
55,Female,60.2,1.71,187,125,70,1.16,544.0,HIIT,32.3,2.8,5,1,20.59
42,Male,44.2,1.79,189,154,66,0.64,493.0,Strength,29.3,2.8,2,2,13.79
34,Male,122.8,1.78,168,160,52,1.42,1372.0,HIIT,30.9,3.0,2,1,38.76
27,Male,90.1,1.93,174,157,57,1.31,1129.0,HIIT,21.0,3.6,2,1,24.19
24,Male,102.4,1.76,183,127,50,1.23,1036.0,Yoga,25.6,3.2,2,2,33.06
27,Female,73.0,1.54,178,138,50,1.57,1018.0,Cardio,28.4,2.1,3,2,30.78
47,Male,48.3,1.72,184,156,55,1.35,1211.0,Cardio,29.5,3.4,3,3,16.33
27,Male,85.4,1.97,180,147,63,2.0,1592.0,Cardio,10.5,3.7,5,3,22.01
19,Female,42.0,1.65,160,134,56,1.52,1025.0,Cardio,29.1,2.1,5,1,15.43
28,Male,90.4,1.88,182,128,67,1.32,933.0,Cardio,23.8,2.8,2,2,25.58
36,Male,61.0,2.0,198,143,70,1.57,1147.0,Cardio,24.4,2.1,4,1,15.25
18,Male,81.9,1.98,181,130,59,1.73,1286.0,Strength,12.4,3.5,4,3,20.89
29,Female,76.1,1.5,179,121,50,0.75,329.0,Yoga,28.9,1.8,3,2,33.82
23,Male,112.9,1.97,195,161,60,0.94,1029.0,Yoga,21.5,2.5,2,1,29.09
19,Female,71.3,1.65,195,158,71,1.08,965.0,HIIT,31.1,2.2,2,1,26.19
35,Female,60.7,1.57,178,146,64,1.04,915.0,Strength,34.6,2.4,3,2,24.63
50,Female,78.3,1.64,183,154,62,1.15,901.0,Cardio,31.1,2.5,2,2,29.11
25,Male,59.6,1.63,182,135,58,1.42,860.0,Yoga,21.6,3.2,3,1,22.43
26,Female,53.1,1.75,171,154,67,1.13,758.0,Strength,35.0,1.8,3,3,17.34
58,Male,53.3,1.69,168,134,70,1.54,1029.0,Strength,22.5,2.6,5,2,18.66
30,Male,121.1,1.95,177,158,63,1.1,1023.0,Cardio,27.9,2.9,5,1,31.85
25,Male,71.0,1.58,199,143,70,0.86,725.0,HIIT,23.2,3.5,3,1,28.44
30,Male,69.3,1.93,163,140,64,0.57,438.0,Cardio,22.7,2.6,3,1,18.6
47,Female,77.2,1.5,188,139,71,0.96,640.0,Strength,28.6,2.7,3,1,34.31
48,Male,78.2,1.73,164,138,50,0.98,785.0,Strength,26.3,2.7,3,2,26.13
19,Female,64.5,1.62,188,151,55,1.46,1090.0,Cardio,32.5,2.5,4,1,24.58
41,Female,40.0,1.81,190,149,52,1.44,897.0,HIIT,32.4,2.1,4,1,12.21
49,Male,66.8,1.78,196,137,67,1.43,1001.0,Strength,29.2,2.5,5,3,21.08
52,Male,69.3,1.97,176,126,56,1.44,907.0,Yoga,21.2,3.7,4,1,17.86
35,Male,75.0,1.91,169,131,54,1.45,996.0,Cardio,29.3,3.2,3,1,20.56
55,Female,67.7,1.54,171,148,72,1.39,1040.0,Cardio,17.8,2.6,5,3,28.55
27,Female,60.7,1.52,162,129,52,1.87,1050.0,Yoga,15.0,2.3,4,3,26.27
18,Female,49.1,1.75,170,132,74,1.0,714.0,HIIT,33.1,1.9,3,3,16.03
20,Female,74.7,1.58,172,161,62,0.98,882.0,Strength,33.4,2.6,2,3,29.92
22,Female,57.3,1.58,185,156,51,1.65,1328.0,Cardio,19.9,2.3,5,3,22.95
49,Male,91.1,2.0,182,137,51,0.65,673.0,HIIT,28.4,3.5,3,1,22.78
34,Male,78.2,1.62,172,127,60,1.61,996.0,HIIT,23.8,2.0,3,2,29.8
38,Female,73.3,1.64,164,153,55,1.53,914.0,HIIT,31.9,2.0,4,3,27.25
42,Female,64.4,1.5,163,138,62,1.03,880.0,Yoga,25.3,2.1,5,2,28.62
51,Female,74.4,1.71,191,158,60,0.83,607.0,Cardio,26.0,2.1,2,2,25.44
21,Female,57.7,1.61,170,165,59,1.49,1005.0,HIIT,28.6,2.8,2,2,22.26
48,Male,61.7,1.9,183,137,58,1.16,658.0,Strength,22.3,3.0,5,2,17.09
33,Female,65.3,1.56,195,138,65,1.48,961.0,Cardio,33.6,2.1,5,2,26.83
36,Female,45.3,1.5,188,150,60,0.98,746.0,Yoga,29.6,1.5,3,2,20.13
49,Male,51.3,1.84,176,154,57,1.4,1283.0,Cardio,27.5,3.4,3,3,15.15
46,Male,63.9,1.9,171,164,68,1.1,864.0,Yoga,26.1,2.9,3,1,17.7
26,Female,68.5,1.59,187,160,64,1.33,980.0,HIIT,35.0,1.8,2,2,27.1
21,Male,69.7,1.63,160,155,70,1.2,1174.0,Yoga,21.5,2.5,2,1,26.23
19,Male,124.8,1.66,176,148,56,1.48,1236.0,Yoga,21.7,2.7,3,3,45.29
42,Female,57.0,1.72,199,154,61,1.79,1365.0,Yoga,19.2,2.3,5,3,19.27
33,Male,97.8,1.6,161,166,55,1.04,949.0,Cardio,28.8,2.8,2,2,38.2
29,Female,72.0,1.74,170,123,64,1.05,666.0,Strength,32.1,2.2,2,2,23.78
33,Male,90.1,1.89,193,143,58,1.9,1304.0,Cardio,13.6,2.8,5,3,25.22
38,Female,40.0,1.76,199,156,59,0.69,427.0,Cardio,24.3,2.3,2,2,12.91
38,Female,50.9,1.67,196,147,57,1.25,844.0,Yoga,34.3,1.8,3,2,18.25
50,Male,97.3,1.7,191,122,55,0.5,333.0,HIIT,18.1,3.0,3,1,33.67
38,Male,81.9,1.84,160,141,61,0.98,623.0,Strength,27.8,3.7,3,1,24.19
50,Male,116.9,1.55,177,142,53,1.18,757.0,HIIT,20.3,2.5,4,2,48.66
37,Male,68.0,1.97,166,149,74,1.25,1118.0,Cardio,28.1,2.8,3,1,17.52
25,Female,74.1,1.71,191,146,67,1.41,1101.0,Strength,27.3,1.5,5,3,25.34
51,Female,41.5,1.52,166,157,66,1.26,975.0,Strength,29.2,2.4,4,3,17.96
45,Female,45.0,1.84,169,163,63,1.27,1116.0,Strength,24.7,3.4,4,1,13.29
41,Female,54.4,1.63,191,141,70,0.63,556.0,Strength,31.0,3.1,2,2,20.47
42,Female,58.1,1.72,196,137,50,1.83,1155.0,Yoga,16.6,2.8,5,3,19.64
59,Male,105.0,1.76,175,169,54,1.14,818.0,HIIT,23.4,1.9,2,1,33.9
31,Male,86.4,1.99,160,159,53,1.88,1544.0,Cardio,12.1,3.7,4,3,21.82
51,Male,106.6,1.69,199,158,60,1.02,991.0,Cardio,30.6,3.4,4,1,37.32
33,Male,87.7,1.65,182,123,66,1.84,1290.0,Cardio,13.3,2.9,4,3,32.21
26,Male,86.3,1.65,193,164,70,1.39,1352.0,Strength,10.0,3.3,3,3,31.7
23,Female,71.7,1.65,192,159,67,1.4,1070.0,HIIT,34.9,2.0,3,1,26.34
25,Female,48.5,1.59,198,154,50,0.87,571.0,Strength,31.2,1.5,4,2,19.18
53,Female,64.9,1.5,198,163,67,1.33,978.0,Strength,31.5,1.9,4,3,28.84
52,Female,71.8,1.76,188,142,65,2.0,1230.0,Cardio,19.3,2.6,5,3,23.18
40,Male,56.2,1.96,199,141,74,1.48,1002.0,Cardio,24.6,2.1,4,3,14.63
49,Female,67.1,1.76,168,165,73,0.57,597.0,HIIT,29.5,1.8,2,2,21.66
22,Female,53.9,1.56,183,150,50,1.45,966.0,Yoga,27.5,1.8,3,1,22.15
48,Female,64.4,1.58,191,124,68,1.53,808.0,Strength,32.3,2.7,4,3,25.8
55,Female,61.1,1.71,182,121,67,1.19,696.0,Strength,33.9,2.1,2,1,20.9
38,Male,102.9,1.69,163,165,72,1.24,1228.0,HIIT,19.2,3.7,3,1,36.03
33,Male,116.6,1.87,160,134,70,1.04,891.0,HIIT,24.5,3.4,5,3,33.34
38,Male,47.7,1.87,166,146,67,1.28,882.0,Yoga,25.8,2.6,3,2,13.64
33,Male,87.6,1.69,189,124,65,1.79,1205.0,Yoga,15.1,3.7,5,2,30.67
54,Male,53.2,1.76,165,151,67,0.73,555.0,Cardio,25.3,2.3,3,2,17.17
31,Male,101.2,1.75,197,120,65,0.99,504.0,HIIT,22.7,2.5,3,1,33.04
25,Female,59.7,1.77,175,130,65,1.02,567.0,Yoga,35.0,1.6,2,1,19.06
53,Female,70.8,1.58,160,130,68,1.22,769.0,HIIT,26.6,2.3,3,1,28.36
21,Female,57.8,1.72,195,126,74,0.68,422.0,HIIT,27.2,1.8,2,1,19.54
52,Male,92.4,1.71,167,151,69,1.65,1146.0,Cardio,24.5,3.5,3,1,31.6
32,Male,87.4,1.78,195,126,56,1.27,798.0,Yoga,30.3,2.7,3,2,27.58
26,Female,53.2,1.64,168,139,64,1.07,929.0,Cardio,35.0,2.1,4,2,19.78
57,Male,76.7,1.7,165,153,71,1.14,868.0,Yoga,32.0,3.0,4,2,26.54
59,Female,44.0,1.79,177,161,71,1.43,1004.0,Cardio,24.1,1.5,2,1,13.73
49,Female,70.7,1.57,183,151,62,1.51,945.0,Strength,29.4,1.5,4,3,28.68
44,Female,60.4,1.59,163,136,67,1.56,989.0,Cardio,14.4,2.8,4,3,23.89
21,Female,58.2,1.52,173,162,67,1.23,1060.0,Yoga,33.9,1.5,3,2,25.19
51,Female,71.2,1.57,195,149,62,1.18,821.0,Strength,32.3,2.5,2,1,28.89
28,Female,40.0,1.68,199,158,67,1.02,773.0,HIIT,32.5,1.9,4,1,14.17
54,Female,60.4,1.85,191,125,74,1.09,616.0,HIIT,35.0,3.1,5,3,17.65
56,Male,69.1,1.71,199,147,67,1.35,991.0,Strength,20.2,2.7,3,3,23.63
36,Female,72.0,1.53,169,163,70,0.89,799.0,Yoga,32.2,1.5,4,1,30.76
33,Male,47.0,1.83,169,125,57,1.54,1120.0,Strength,21.2,3.1,3,3,14.03
49,Female,68.9,1.75,188,163,50,1.13,715.0,Strength,30.0,1.6,2,1,22.5
22,Male,84.8,1.75,186,164,68,1.6,1400.0,Strength,10.0,3.3,3,3,27.69
35,Male,84.1,1.75,168,156,66,1.18,1064.0,Strength,30.3,3.0,3,1,27.46
49,Male,82.4,1.86,188,140,69,1.32,946.0,Strength,21.6,3.7,4,3,23.82
52,Male,116.6,2.0,184,126,67,1.08,712.0,Yoga,25.0,3.0,2,1,29.15
51,Female,59.7,1.83,164,126,58,1.67,868.0,HIIT,17.7,2.6,5,3,17.83
37,Female,71.0,1.68,192,150,60,1.16,915.0,HIIT,25.3,2.1,4,3,25.16
53,Male,44.7,1.96,162,151,55,0.61,555.0,HIIT,28.7,3.7,4,1,11.64
49,Male,84.0,1.64,190,129,64,2.0,1115.0,Strength,10.0,3.7,5,2,31.23
53,Female,45.6,1.81,160,156,74,1.48,1002.0,Yoga,32.2,2.5,4,1,13.92
37,Male,50.5,1.75,197,136,53,1.24,763.0,Yoga,21.4,2.2,4,2,16.49
22,Male,79.0,1.84,193,136,59,1.97,1368.0,Yoga,11.3,3.7,4,3,23.33
29,Female,70.1,1.71,172,158,73,0.74,543.0,Strength,27.2,2.5,3,1,23.97
20,Male,79.5,1.81,189,142,65,1.66,1427.0,HIIT,13.5,3.6,5,3,24.27
44,Male,88.4,1.83,188,153,65,1.86,1393.0,Strength,13.9,3.1,5,2,26.4
29,Female,74.0,1.7,178,137,56,1.24,834.0,HIIT,32.8,1.8,4,2,25.61
59,Male,82.9,1.9,160,139,60,1.49,1038.0,Cardio,12.8,3.7,5,3,22.96
40,Female,40.0,1.75,192,138,50,1.39,882.0,HIIT,32.3,2.5,4,1,13.06
18,Male,86.3,1.8,193,150,61,1.57,1386.0,Strength,13.2,3.4,5,3,26.64
18,Male,124.1,1.65,169,158,57,1.39,1152.0,Yoga,21.3,1.6,2,3,45.58
47,Male,91.4,1.57,184,129,60,1.9,1143.0,HIIT,10.0,3.2,5,2,37.08
33,Male,76.7,1.99,168,125,57,1.24,1042.0,Strength,28.5,2.9,3,1,19.37
51,Female,66.7,1.74,174,169,74,1.07,816.0,Yoga,32.4,1.7,3,3,22.03
35,Male,100.4,1.64,163,168,62,1.17,869.0,Cardio,28.2,3.2,2,1,37.33
58,Male,93.6,1.67,175,153,50,1.48,1039.0,Strength,29.4,2.6,3,2,33.56
49,Female,48.0,1.51,182,151,65,1.51,879.0,HIIT,32.7,1.5,2,3,21.05
59,Female,78.4,1.63,180,146,51,1.07,781.0,Strength,35.0,2.6,3,3,29.51
29,Male,78.1,1.63,197,129,72,1.18,936.0,Yoga,30.1,3.1,4,1,29.4
33,Male,80.1,1.91,165,129,57,1.31,1086.0,Strength,27.7,3.2,2,1,21.96
40,Female,78.3,1.84,195,167,50,1.38,1031.0,HIIT,27.6,2.4,4,1,23.13
35,Female,58.7,1.7,191,134,72,1.18,757.0,Yoga,26.8,2.0,4,2,20.31
50,Female,69.6,1.63,175,148,68,1.32,763.0,Strength,27.8,2.2,3,1,26.2
35,Female,68.8,1.78,176,144,69,0.71,672.0,Strength,30.7,2.1,2,2,21.71
25,Female,59.2,1.68,185,120,51,1.99,1094.0,Strength,15.4,3.1,5,3,20.98
46,Male,90.5,1.67,178,147,61,1.13,718.0,Yoga,24.7,3.6,5,1,32.45
41,Female,59.8,1.65,185,145,55,1.26,779.0,Yoga,29.0,1.5,5,1,21.97
54,Female,51.5,1.54,169,145,70,0.93,783.0,HIIT,28.6,2.9,3,3,21.72
36,Male,74.7,1.93,181,138,67,1.11,892.0,Yoga,27.2,3.5,4,1,20.05
50,Female,69.3,1.78,162,122,62,0.57,371.0,Cardio,33.2,2.6,4,1,21.87
51,Female,79.4,1.62,168,160,58,1.25,950.0,Strength,25.8,1.6,2,2,30.25
18,Male,66.7,1.63,162,120,73,0.51,376.0,Cardio,25.3,1.9,2,1,25.1
51,Male,85.7,1.77,180,154,69,1.86,1357.0,Strength,11.9,3.5,4,2,27.35
55,Female,56.6,1.73,173,153,51,1.41,914.0,Strength,30.6,1.5,3,2,18.91
43,Female,67.0,1.65,160,160,57,1.42,1038.0,Cardio,35.0,1.8,2,2,24.61
47,Female,44.9,1.58,183,138,74,1.12,632.0,HIIT,29.1,2.0,3,3,17.99
55,Female,72.0,1.54,163,167,72,0.68,401.0,Strength,28.0,1.5,2,1,30.36
59,Male,76.5,1.77,187,134,61,0.89,724.0,HIIT,25.3,3.3,2,1,24.42
41,Female,59.3,1.5,192,145,74,1.78,1360.0,Cardio,18.9,3.0,5,2,26.36
45,Female,64.1,1.54,197,134,56,0.66,440.0,Cardio,32.5,2.3,2,2,27.03
44,Female,72.2,1.58,180,152,63,1.53,991.0,Yoga,32.4,1.9,5,1,28.92
50,Male,87.1,1.85,193,128,60,1.82,1222.0,HIIT,17.6,3.7,5,2,25.45
31,Male,102.3,1.77,199,124,61,1.43,1008.0,HIIT,25.2,3.4,4,2,32.65
21,Female,62.3,1.69,162,137,55,0.89,677.0,Cardio,27.4,2.8,3,2,21.81
41,Male,82.9,1.95,179,157,68,1.9,1614.0,Cardio,13.1,3.7,5,3,21.8
55,Female,81.3,1.65,167,126,51,1.28,677.0,HIIT,30.1,1.9,3,2,29.86
44,Female,52.9,1.58,184,140,70,0.84,435.0,Strength,29.5,2.9,2,1,21.19
38,Female,57.1,1.73,185,150,63,1.96,1405.0,Yoga,17.4,2.7,5,2,19.08
26,Female,69.5,1.74,193,155,57,1.42,1133.0,Yoga,30.9,2.1,4,1,22.96
42,Female,54.1,1.58,190,120,61,1.61,847.0,Cardio,17.4,2.6,4,3,21.67
34,Female,67.9,1.61,174,126,57,1.22,788.0,Strength,29.6,2.1,2,2,26.19
19,Female,56.5,1.73,174,127,66,0.9,627.0,Yoga,33.9,1.5,4,1,18.88
35,Male,88.9,1.88,187,134,53,1.57,1255.0,Strength,14.8,3.7,4,3,25.15
21,Male,86.0,1.83,175,157,61,1.8,1443.0,HIIT,10.9,3.1,3,2,25.68
56,Female,47.5,1.76,173,146,55,1.11,769.0,Strength,33.2,2.3,3,2,15.33
43,Male,78.0,1.85,192,133,70,1.76,1185.0,HIIT,13.5,3.6,5,2,22.79
18,Female,76.2,1.56,174,169,64,0.93,842.0,Strength,33.8,1.6,2,1,31.31
29,Male,109.0,1.74,186,121,68,1.22,889.0,HIIT,26.5,1.5,5,3,36.0
53,Female,63.6,1.71,193,137,61,1.88,1239.0,Cardio,21.4,2.1,4,2,21.75
30,Female,46.6,1.5,184,148,65,0.9,797.0,Yoga,31.2,1.8,4,2,20.71
57,Male,88.8,1.83,174,120,51,1.17,648.0,Cardio,24.0,2.3,4,3,26.52
54,Male,126.1,1.68,160,137,74,0.99,623.0,Yoga,21.7,2.2,3,2,44.68
33,Female,52.1,1.73,190,165,50,1.42,1213.0,Cardio,31.2,1.5,5,1,17.41
26,Male,90.3,1.96,166,132,57,1.86,1319.0,HIIT,16.0,3.3,5,3,23.51
37,Female,58.7,1.59,186,145,67,1.19,936.0,Strength,35.0,2.5,3,2,23.22
52,Female,40.3,1.51,169,126,70,1.21,722.0,HIIT,27.9,2.0,3,1,17.67
49,Female,73.0,1.5,184,151,74,0.77,474.0,HIIT,32.2,2.6,2,1,32.44
24,Male,108.5,1.86,186,169,55,0.92,861.0,Yoga,28.2,1.9,2,1,31.36
52,Male,84.6,1.74,160,143,67,1.66,1106.0,Cardio,13.8,3.1,5,3,27.94
53,Female,68.1,1.56,160,145,54,0.64,526.0,Strength,31.0,2.6,2,1,27.98
57,Male,61.9,1.93,195,149,56,1.2,963.0,Strength,20.9,2.8,4,3,16.62
49,Male,88.8,1.54,160,128,68,1.67,901.0,Cardio,12.0,3.7,3,2,37.44
24,Male,86.9,1.9,182,122,57,1.79,1310.0,Strength,13.4,3.7,5,2,24.07
27,Male,87.4,1.97,163,159,57,1.84,1479.0,Cardio,10.0,3.7,5,3,22.52
54,Male,86.0,1.67,167,140,55,1.64,1190.0,Cardio,13.9,3.7,3,3,30.84
43,Female,54.0,1.68,192,145,52,1.7,1110.0,Yoga,16.0,2.8,5,3,19.13
18,Female,60.5,1.8,184,135,55,1.66,960.0,HIIT,30.7,2.1,3,2,18.67
43,Male,51.6,1.64,199,122,72,0.91,607.0,HIIT,19.9,2.9,2,1,19.19
42,Male,49.5,1.76,160,149,61,1.02,943.0,Yoga,27.8,2.2,3,2,15.98
18,Female,62.6,1.56,188,136,74,1.3,788.0,Cardio,30.3,2.4,3,2,25.72
45,Male,87.2,1.81,179,154,71,2.0,1317.0,Strength,11.8,3.4,5,3,26.62
25,Female,59.4,1.62,197,123,50,1.79,1095.0,HIIT,18.9,2.6,5,3,22.63
29,Female,65.8,1.64,172,128,57,0.91,680.0,Cardio,32.8,2.8,4,2,24.46
40,Male,74.5,1.84,186,127,59,0.96,859.0,Yoga,26.0,3.0,5,1,22.0
33,Male,79.9,1.7,177,125,57,1.21,1020.0,HIIT,27.5,2.8,4,2,27.65
49,Female,72.2,1.57,160,137,61,0.73,459.0,Strength,28.9,2.6,3,1,29.29
23,Female,45.0,1.69,189,148,69,0.96,702.0,HIIT,30.5,2.7,2,1,15.76
59,Male,101.6,1.68,173,168,63,1.27,1077.0,Cardio,24.2,3.4,4,1,36.0
52,Male,55.9,1.97,183,133,66,1.36,686.0,Yoga,31.2,3.2,3,2,14.4
59,Female,70.9,1.56,169,144,69,1.43,934.0,HIIT,31.8,1.8,5,2,29.13
36,Male,92.5,1.6,167,161,74,1.34,1162.0,Cardio,24.5,3.0,4,2,36.13
23,Male,125.3,1.83,195,169,54,0.87,547.0,Yoga,21.5,3.5,2,1,37.42
41,Male,84.1,1.92,194,165,50,1.68,1454.0,Yoga,13.8,2.8,4,2,22.81
49,Female,54.7,1.54,186,142,63,1.38,980.0,Cardio,24.5,2.1,2,1,23.06
59,Male,125.7,1.73,192,126,62,1.41,854.0,Yoga,25.2,3.7,2,1,42.0
46,Male,84.0,1.83,189,159,53,1.07,993.0,HIIT,24.3,2.6,4,2,25.08
52,Male,127.6,1.66,179,168,53,1.02,916.0,Cardio,21.6,2.7,4,2,46.31
56,Female,66.0,1.53,193,138,50,1.44,767.0,Cardio,26.0,2.6,5,3,28.19
26,Male,77.4,1.72,171,130,71,1.03,621.0,Yoga,25.4,1.9,2,1,26.16
40,Female,68.3,1.78,184,126,52,1.47,841.0,Strength,27.2,2.3,5,1,21.56
49,Female,44.6,1.64,180,120,57,1.49,746.0,HIIT,35.0,1.5,2,1,16.58
39,Male,77.3,1.77,184,133,56,1.24,955.0,HIIT,24.8,1.9,5,1,24.67
40,Female,60.4,1.53,193,145,74,1.92,1340.0,Cardio,19.4,2.9,5,3,25.8
45,Male,47.5,1.8,174,158,61,1.51,1099.0,Cardio,28.0,3.4,5,1,14.66
52,Male,129.9,1.69,193,150,62,0.58,521.0,Yoga,21.5,3.0,4,2,45.48
43,Male,66.3,1.73,183,139,56,1.4,827.0,HIIT,28.4,3.5,3,1,22.15
21,Male,60.5,1.83,160,135,67,0.72,491.0,Strength,21.3,2.3,2,2,18.07
24,Male,62.3,1.75,184,154,59,1.14,1037.0,Strength,24.6,3.3,2,3,20.34
53,Male,86.4,1.91,188,162,74,2.0,1446.0,Yoga,15.6,3.4,5,2,23.68
36,Male,57.9,1.97,176,146,53,1.32,1003.0,Cardio,25.8,3.4,4,1,14.92
22,Female,66.2,1.59,199,136,57,1.93,1314.0,Yoga,20.4,2.6,4,2,26.19
26,Male,121.6,2.0,175,158,60,1.21,1024.0,Cardio,28.7,3.0,3,2,30.4
24,Male,118.6,1.73,183,154,70,1.08,721.0,Cardio,28.3,3.3,4,2,39.63
59,Female,40.8,1.79,199,166,68,1.27,853.0,Cardio,31.2,1.7,3,3,12.73
35,Female,54.8,1.66,160,163,74,1.09,888.0,Strength,24.1,1.7,3,1,19.89
38,Female,54.5,1.58,198,136,74,1.59,964.0,HIIT,29.1,1.9,2,2,21.83
18,Male,86.6,1.95,161,145,74,1.62,1338.0,HIIT,12.2,3.3,4,3,22.77
28,Male,118.1,1.93,174,131,64,0.52,455.0,Yoga,23.9,3.1,2,1,31.71
44,Female,57.7,1.84,181,169,62,1.88,1524.0,Yoga,18.2,2.6,3,3,17.04
51,Male,69.7,1.74,160,169,59,1.44,1163.0,HIIT,33.2,2.7,4,1,23.02
59,Male,84.8,1.81,169,145,51,1.79,1046.0,HIIT,10.0,3.6,3,2,25.88
42,Female,55.0,1.66,196,148,51,1.07,713.0,Yoga,33.6,2.5,2,2,19.96
29,Male,67.2,1.71,193,147,62,0.98,572.0,HIIT,30.2,3.3,2,1,22.98
42,Female,55.6,1.59,172,142,60,0.53,364.0,Yoga,33.9,1.9,3,1,21.99
27,Male,88.2,1.83,182,126,69,1.34,1027.0,Yoga,10.0,3.7,3,3,26.34
32,Female,56.5,1.84,197,125,65,0.78,397.0,Yoga,33.1,2.6,2,2,16.69
35,Male,102.0,1.64,182,137,73,0.9,765.0,HIIT,27.3,3.5,2,1,37.92
22,Male,60.9,1.77,161,154,61,0.9,1154.0,Strength,25.1,3.2,5,3,19.44
27,Female,60.7,1.54,199,132,63,1.37,840.0,Yoga,27.0,2.1,4,1,25.59
31,Male,61.1,1.8,172,150,74,1.53,1122.0,Yoga,27.4,3.0,2,2,18.86
42,Female,75.1,1.73,192,169,56,1.38,998.0,HIIT,28.7,2.4,4,2,25.09
25,Male,107.2,1.83,194,126,58,1.3,849.0,HIIT,30.2,2.9,3,2,32.01
24,Male,49.6,2.0,169,134,55,0.75,546.0,HIIT,23.0,2.7,2,1,12.4
31,Male,110.0,1.72,185,126,70,1.18,807.0,HIIT,25.6,1.9,3,1,37.18
42,Male,109.3,1.68,184,131,66,0.93,491.0,Strength,24.7,2.2,2,1,38.73
51,Female,68.2,1.54,160,140,59,0.86,382.0,Strength,28.2,2.8,2,1,28.76
45,Female,58.7,1.7,182,149,60,1.68,1119.0,Cardio,18.1,2.5,3,2,20.31
58,Female,65.8,1.52,177,135,64,0.88,489.0,HIIT,27.1,1.9,2,1,28.48
18,Male,61.0,1.82,163,120,54,0.72,665.0,Strength,25.8,2.8,3,2,18.42
33,Male,76.7,1.81,184,124,57,1.24,907.0,Yoga,27.6,2.9,4,1,23.41
48,Female,65.7,1.72,161,138,60,1.05,622.0,Yoga,35.0,1.7,4,1,22.21
18,Male,88.5,1.85,175,136,61,1.61,1228.0,Cardio,12.6,3.7,5,2,25.86
51,Male,116.7,2.0,184,127,68,1.04,646.0,Yoga,27.1,3.7,3,1,29.18
37,Female,76.2,1.65,187,136,53,0.54,342.0,HIIT,30.8,3.5,2,2,27.99
25,Female,68.6,1.77,172,169,66,0.88,931.0,Cardio,27.3,1.5,4,2,21.9
57,Female,53.5,1.84,191,151,67,1.57,1048.0,HIIT,13.7,3.2,4,2,15.8
32,Male,125.9,1.69,179,144,74,1.44,842.0,Cardio,20.6,1.9,3,1,44.08
55,Female,54.9,1.6,171,144,71,1.24,886.0,HIIT,27.9,1.8,3,1,21.45
40,Male,72.2,1.8,192,123,60,1.34,916.0,Yoga,25.6,3.2,4,2,22.28
45,Male,85.8,1.78,168,124,52,1.68,1276.0,HIIT,15.6,3.7,3,2,27.08
30,Male,89.4,1.73,199,125,59,1.0,719.0,Yoga,28.1,3.3,4,2,29.87
45,Male,69.3,1.66,190,148,72,0.68,638.0,Yoga,25.7,3.7,2,1,25.15
51,Female,72.0,1.63,168,168,72,0.59,337.0,Strength,25.9,1.5,2,2,27.1
24,Male,79.1,1.8,177,129,55,1.48,1053.0,Cardio,10.3,3.4,3,2,24.41
48,Female,43.8,1.67,169,137,60,0.66,487.0,Strength,26.4,2.1,2,1,15.71
41,Male,72.4,1.63,160,132,50,0.97,764.0,Strength,24.1,3.7,4,2,27.25
57,Male,88.0,1.84,190,155,72,1.43,1195.0,Yoga,28.9,3.7,2,2,25.99
55,Male,53.4,1.96,171,131,69,1.02,673.0,Strength,23.7,3.1,3,3,13.9
52,Female,57.9,1.54,197,126,50,1.66,1083.0,Yoga,19.9,2.9,5,2,24.41
59,Female,40.0,1.79,199,162,71,1.32,863.0,Cardio,31.4,2.8,5,2,12.48
37,Female,40.0,1.65,176,142,67,0.99,759.0,Yoga,31.5,1.5,3,2,14.69
25,Male,62.0,1.56,167,148,74,1.32,1049.0,Yoga,23.3,1.8,2,3,25.48
25,Female,62.4,1.66,198,151,51,0.63,618.0,Strength,33.1,1.5,2,2,22.64
42,Male,81.9,1.92,179,158,70,2.0,1490.0,Cardio,11.9,2.8,5,3,22.22
46,Male,67.2,1.81,181,137,62,1.06,714.0,Yoga,24.8,2.6,3,1,20.51
58,Female,60.7,1.62,182,160,74,1.14,688.0,Cardio,28.7,2.0,3,2,23.13
29,Female,84.9,1.58,183,149,62,1.09,743.0,Cardio,28.7,2.6,3,2,34.01
47,Female,46.7,1.66,170,161,69,1.28,850.0,Strength,30.8,2.7,4,2,16.95
45,Female,44.4,1.61,160,145,59,1.55,1025.0,Cardio,35.0,1.7,2,3,17.13
18,Male,104.2,1.69,199,156,74,0.8,813.0,Cardio,22.8,2.4,2,1,36.48
51,Male,100.1,1.64,167,131,51,1.23,827.0,Strength,22.7,3.7,5,3,37.22
49,Male,70.3,1.97,164,135,70,0.82,729.0,Strength,25.1,2.8,3,1,18.11
54,Male,84.4,1.7,194,163,72,1.54,1125.0,Yoga,30.6,3.3,2,2,29.2
52,Male,124.6,1.94,170,134,74,0.62,306.0,Strength,28.4,3.4,3,2,33.11
47,Male,91.1,1.63,171,141,63,0.72,539.0,Strength,28.6,3.2,2,1,34.29
47,Male,82.9,1.99,186,136,66,1.59,1067.0,Yoga,21.1,2.1,2,3,20.93
45,Female,46.7,1.54,171,129,67,1.24,651.0,HIIT,30.9,1.5,4,3,19.69
18,Male,77.5,1.91,196,141,59,1.57,1391.0,Yoga,11.7,3.3,3,2,21.24
21,Female,73.2,1.57,188,162,56,1.23,1091.0,Yoga,27.9,2.3,4,3,29.7
23,Female,62.2,1.68,199,166,67,1.01,785.0,Cardio,31.1,2.1,3,1,22.04
34,Male,106.7,1.92,179,167,60,0.53,417.0,Cardio,24.1,3.4,2,1,28.94
22,Male,65.1,1.83,189,144,50,1.25,1063.0,HIIT,24.2,2.9,4,2,19.44
22,Male,112.5,1.95,169,140,54,1.27,842.0,HIIT,20.9,2.7,3,2,29.59
43,Male,66.3,1.98,174,162,70,1.38,1201.0,Strength,27.3,2.8,5,1,16.91
48,Male,57.7,2.0,187,163,64,0.93,812.0,HIIT,26.7,2.8,2,1,14.42
31,Male,83.9,1.99,186,131,50,1.79,1139.0,Strength,10.0,3.4,4,2,21.19
22,Female,61.1,1.78,174,169,60,1.3,852.0,HIIT,28.4,2.0,3,1,19.28
47,Male,84.1,1.71,172,120,74,0.95,534.0,Cardio,21.5,2.8,2,1,28.76
29,Male,123.3,1.83,194,144,62,1.12,861.0,HIIT,28.6,2.5,2,2,36.82
44,Male,43.5,1.94,171,160,64,1.16,1069.0,Cardio,27.5,2.1,3,3,11.56
27,Female,59.9,1.67,187,169,71,1.49,1231.0,Cardio,18.1,2.7,4,3,21.48
54,Male,123.4,1.89,193,128,67,0.74,673.0,Yoga,22.5,2.1,3,3,34.55
20,Male,86.9,1.76,190,166,71,1.39,1155.0,Cardio,24.2,3.3,2,1,28.05
50,Female,69.1,1.67,186,129,51,1.33,782.0,HIIT,30.9,1.5,2,1,24.78
51,Male,82.6,1.87,199,139,68,1.12,814.0,Yoga,25.4,3.0,2,2,23.62
55,Female,77.7,1.63,183,152,50,1.06,628.0,Strength,30.7,2.4,3,1,29.24
37,Male,57.0,1.73,199,161,63,1.15,1190.0,Strength,21.6,3.7,4,1,19.05
31,Male,86.0,1.72,199,125,63,1.25,717.0,Yoga,27.3,2.9,2,2,29.07
42,Male,109.6,1.8,173,155,66,1.25,1038.0,Cardio,27.2,2.0,2,1,33.83
19,Male,129.9,1.92,185,168,69,1.32,1275.0,Strength,23.1,3.1,5,3,35.24
43,Female,54.1,1.62,188,153,51,1.21,663.0,Yoga,33.7,2.4,2,1,20.61
46,Male,94.0,1.98,179,149,54,0.98,701.0,Cardio,26.0,3.7,3,3,23.98
57,Male,106.9,1.88,197,157,56,1.48,1132.0,Yoga,26.5,2.1,4,2,30.25
26,Male,74.3,1.59,198,135,71,0.96,700.0,HIIT,23.1,3.0,2,1,29.39
20,Female,57.7,1.66,197,155,70,1.26,1066.0,Cardio,31.6,2.8,3,1,20.94
23,Male,118.9,1.74,169,132,58,1.28,933.0,Yoga,26.0,2.8,4,3,39.27
56,Male,92.1,1.67,190,158,66,1.04,751.0,Yoga,24.2,3.4,4,2,33.02
25,Female,56.9,1.73,168,131,65,1.03,640.0,Yoga,31.3,2.0,4,2,19.01
20,Male,88.5,1.81,165,123,58,1.45,1072.0,HIIT,22.2,2.5,2,2,27.01
41,Female,57.4,1.8,175,156,69,1.99,1427.0,Yoga,20.0,2.7,5,3,17.72
40,Male,92.3,1.67,187,159,51,1.22,1075.0,Strength,15.7,2.7,5,2,33.1
29,Female,78.1,1.85,177,153,55,1.34,977.0,Yoga,24.8,1.5,5,3,22.82
44,Female,55.9,1.67,160,135,62,1.86,1163.0,Cardio,14.6,2.2,5,3,20.04
43,Female,57.0,1.71,186,146,53,1.04,857.0,Yoga,35.0,2.4,3,2,19.49
33,Female,53.3,1.54,179,128,54,0.92,639.0,Cardio,30.7,2.5,3,1,22.47
58,Female,70.8,1.66,196,160,61,0.85,638.0,Cardio,27.8,2.3,4,1,25.69
37,Male,43.7,1.66,199,169,67,1.37,866.0,Strength,21.3,2.2,3,3,15.86
45,Male,69.2,1.58,160,139,54,0.97,784.0,Strength,25.6,3.7,3,3,27.72
32,Male,74.1,1.74,160,126,68,1.13,817.0,Strength,26.3,2.2,3,1,24.47
52,Female,52.7,1.82,196,137,57,1.53,931.0,Strength,17.4,2.7,4,3,15.91
23,Male,80.3,1.83,191,151,72,1.48,1443.0,Cardio,14.3,3.4,3,3,23.98
29,Male,47.1,1.88,195,150,50,1.44,1134.0,Cardio,26.4,3.3,4,3,13.33
48,Female,62.4,1.67,171,133,67,1.64,987.0,Cardio,13.3,2.8,3,2,22.37
38,Female,40.0,1.73,199,166,51,0.78,495.0,Cardio,30.1,2.9,3,1,13.36
41,Female,71.9,1.64,178,143,68,1.21,688.0,Yoga,26.9,2.0,5,2,26.73
49,Male,85.0,1.89,172,155,67,1.33,1146.0,Yoga,25.9,2.9,2,1,23.8
44,Male,74.6,1.8,172,135,52,1.38,1003.0,Strength,29.6,3.6,4,1,23.02
48,Male,45.4,1.77,199,153,74,1.15,1182.0,Strength,26.3,3.0,2,1,14.49
52,Male,111.7,1.62,184,160,70,0.98,1079.0,Cardio,23.4,2.8,4,2,42.56
29,Male,89.9,1.89,174,137,63,1.73,1156.0,Cardio,10.0,3.6,5,3,25.17
55,Male,51.2,1.66,195,125,56,1.37,900.0,Cardio,27.5,2.7,2,2,18.58
18,Female,79.9,1.75,161,150,61,1.38,954.0,Strength,31.2,2.0,5,3,26.09
59,Male,86.3,1.65,199,120,59,1.34,1062.0,Strength,21.6,3.2,4,2,31.7
34,Female,66.7,1.63,179,145,64,1.79,1324.0,Yoga,22.1,2.3,5,3,25.1
36,Female,55.3,1.8,196,154,61,1.9,1401.0,Yoga,14.7,3.0,5,2,17.07
23,Female,64.9,1.5,169,167,61,1.88,1527.0,Yoga,17.5,2.1,5,2,28.84
42,Male,96.6,1.7,183,138,74,0.7,598.0,Yoga,32.1,3.2,3,1,33.43
52,Female,49.2,1.64,180,152,67,1.19,885.0,HIIT,31.3,2.1,4,3,18.29
24,Male,49.1,1.65,175,139,74,0.83,753.0,Strength,23.3,3.6,3,1,18.03
41,Male,78.6,1.94,177,133,66,0.94,866.0,Yoga,22.7,3.2,3,3,20.88
48,Male,82.4,1.74,197,169,67,1.44,1307.0,Cardio,14.2,3.5,5,3,27.22
54,Male,49.6,1.69,199,155,64,1.43,1119.0,Yoga,24.3,3.1,2,2,17.37
21,Female,75.8,1.77,172,128,64,0.68,473.0,HIIT,28.4,1.5,2,1,24.19
25,Female,71.8,1.67,194,141,74,1.02,802.0,Strength,27.1,1.8,2,1,25.74
44,Female,51.1,1.72,174,146,60,1.28,1029.0,HIIT,24.2,1.7,3,3,17.27
21,Female,64.2,1.72,187,129,73,0.5,303.0,Cardio,28.9,1.9,2,2,21.7
26,Male,76.9,1.98,174,168,60,1.05,972.0,Strength,20.5,1.8,2,1,19.62
45,Male,72.0,1.85,170,129,62,1.16,761.0,Yoga,26.0,2.4,4,2,21.04
26,Male,104.2,1.8,163,131,60,1.09,875.0,Cardio,29.5,2.8,3,2,32.16
49,Female,45.8,1.65,160,147,74,1.38,926.0,Yoga,32.6,1.7,3,1,16.82
38,Female,59.5,1.53,177,143,68,1.04,874.0,Strength,35.0,3.2,3,1,25.42
19,Male,128.1,1.85,167,133,57,0.69,545.0,HIIT,28.2,2.8,2,2,37.43
54,Female,64.8,1.71,192,127,70,1.96,1004.0,Yoga,15.8,2.5,5,3,22.16
21,Female,76.6,1.54,168,130,56,0.91,474.0,Cardio,28.9,1.8,4,1,32.3
52,Male,116.1,1.87,177,143,54,1.38,941.0,Cardio,19.0,3.7,2,1,33.2
43,Male,100.0,1.88,166,161,62,0.89,632.0,Yoga,29.3,3.7,2,2,28.29
26,Female,67.3,1.59,181,159,67,1.08,1036.0,HIIT,34.8,1.5,2,1,26.62
33,Male,104.3,1.62,160,165,61,1.29,921.0,Cardio,29.0,2.7,3,2,39.74
57,Male,79.1,1.88,193,128,72,1.65,972.0,Yoga,10.5,3.7,5,2,22.38
46,Male,61.9,1.68,163,162,63,1.09,1002.0,Cardio,26.0,3.4,4,3,21.93
45,Female,55.8,1.84,190,130,74,1.43,793.0,Yoga,29.9,1.9,3,2,16.48
57,Male,55.5,1.66,179,121,62,1.38,776.0,Strength,19.7,3.6,3,1,20.14
51,Male,98.7,1.68,193,123,58,1.52,1008.0,Strength,25.2,3.2,4,3,34.97
54,Female,78.7,1.73,188,155,59,0.96,721.0,Cardio,24.1,2.6,4,1,26.3
52,Male,86.3,1.83,166,165,63,1.85,1550.0,Strength,15.8,3.1,5,2,25.77
18,Male,94.4,1.84,199,169,50,1.39,1263.0,Yoga,20.6,3.3,2,2,27.88
40,Female,70.1,1.77,190,159,66,0.94,725.0,HIIT,25.0,2.8,4,1,22.38
40,Female,68.6,1.53,175,161,74,0.87,594.0,Yoga,30.5,1.5,2,2,29.3
45,Female,74.0,1.6,182,151,56,1.44,1023.0,Yoga,32.0,1.7,4,3,28.91
53,Male,66.6,1.66,186,120,70,1.23,736.0,HIIT,30.3,2.0,5,3,24.17
28,Male,73.7,2.0,185,149,74,0.84,580.0,HIIT,25.4,3.7,3,1,18.42
39,Male,51.4,1.76,194,133,50,1.08,915.0,Yoga,22.6,2.4,3,2,16.59
39,Female,58.6,1.69,184,147,59,1.97,1420.0,Yoga,23.0,2.5,5,3,20.52
51,Male,88.2,1.75,189,158,64,1.62,1356.0,Strength,10.9,3.3,4,3,28.8
27,Male,50.9,1.75,199,124,73,1.37,790.0,Strength,24.0,2.8,4,1,16.62
47,Male,50.4,1.88,171,122,56,0.75,565.0,Yoga,28.4,2.5,2,2,14.26
37,Female,78.3,1.6,197,167,73,1.48,1047.0,Cardio,25.8,2.5,3,1,30.59
42,Male,82.5,1.86,190,138,50,1.35,817.0,Yoga,25.7,2.8,3,2,23.85
46,Male,83.6,1.84,183,147,50,1.33,830.0,Yoga,27.9,3.2,5,1,24.69
53,Male,90.4,1.74,161,153,63,1.55,1045.0,Cardio,26.1,3.6,2,1,29.86
25,Female,77.3,1.57,187,133,51,1.62,1038.0,HIIT,30.7,1.5,2,3,31.36
38,Male,82.8,1.79,166,149,50,1.73,1331.0,Cardio,12.2,3.5,4,2,25.84
49,Male,83.9,1.86,187,158,55,1.37,996.0,HIIT,21.8,1.9,3,3,24.25
37,Female,69.3,1.72,160,121,51,0.84,508.0,Strength,33.8,1.8,2,2,23.42
25,Male,94.2,1.75,182,143,73,1.01,825.0,Cardio,29.5,3.7,3,2,30.76
39,Female,58.0,1.63,188,162,53,1.23,885.0,HIIT,33.4,3.0,5,3,21.83
59,Male,58.4,1.85,182,160,61,1.0,960.0,Cardio,22.7,3.7,4,2,17.06
18,Female,49.5,1.63,197,143,69,1.35,822.0,Strength,27.6,2.0,4,1,18.63
18,Female,73.8,1.57,177,128,52,0.76,501.0,Cardio,29.9,1.5,4,1,29.94
23,Male,112.3,2.0,173,153,50,1.06,783.0,Cardio,28.5,3.7,3,3,28.08
37,Female,58.7,1.72,163,148,61,1.87,1291.0,Strength,19.9,2.7,4,3,19.84
28,Female,55.9,1.73,192,161,68,1.93,1572.0,Yoga,14.6,3.3,5,2,18.68
49,Male,95.3,1.95,193,146,67,0.88,548.0,HIIT,22.3,2.3,4,1,25.06
52,Female,57.4,1.79,182,120,68,1.02,608.0,Yoga,30.8,2.6,5,1,17.91
50,Male,88.3,1.78,178,161,69,1.78,1463.0,Strength,11.4,3.5,5,2,27.87
35,Female,59.2,1.81,197,137,74,1.16,755.0,Yoga,27.5,1.5,4,1,18.07
40,Female,40.7,1.82,197,157,59,0.68,493.0,Cardio,27.0,3.0,2,1,12.29
29,Female,41.1,1.69,198,142,66,1.69,1052.0,Yoga,28.2,2.9,3,2,14.39
53,Male,96.8,1.78,199,145,57,1.45,796.0,Cardio,22.1,2.8,2,2,30.55
43,Female,66.6,1.78,162,138,67,1.44,736.0,Strength,25.9,2.5,4,1,21.02
47,Male,126.1,1.87,197,152,74,0.78,610.0,Strength,28.3,3.1,2,1,36.06
19,Female,42.5,1.68,193,156,51,0.86,467.0,Strength,33.2,2.2,2,2,15.06
59,Male,55.3,1.71,169,159,60,1.25,975.0,HIIT,28.0,3.2,2,1,18.91
41,Male,78.6,1.89,185,134,65,1.22,915.0,Yoga,24.8,3.6,5,3,22.0
40,Female,65.8,1.68,190,132,73,1.85,1059.0,Yoga,20.4,2.9,4,2,23.31
58,Female,44.4,1.79,179,160,69,1.32,1009.0,Cardio,25.9,1.9,2,1,13.86
52,Female,65.2,1.73,194,128,64,1.2,719.0,HIIT,29.1,2.1,2,1,21.78
22,Male,105.7,1.92,196,152,70,1.46,1302.0,Cardio,28.0,2.4,5,3,28.67
30,Female,45.9,1.53,192,143,60,0.92,690.0,Yoga,30.6,1.9,2,2,19.61
55,Female,64.2,1.54,193,144,51,1.27,719.0,Cardio,29.8,1.8,4,1,27.07
39,Female,51.3,1.64,184,120,58,0.98,484.0,Strength,28.8,3.2,2,2,19.07
49,Male,56.2,1.67,197,146,65,1.35,1090.0,HIIT,22.9,2.8,5,2,20.15
27,Male,62.7,2.0,174,131,67,1.01,718.0,HIIT,27.6,3.7,2,2,15.68
40,Male,85.7,1.76,184,134,65,1.73,1325.0,Yoga,10.5,3.0,5,2,27.67
56,Male,53.5,1.78,183,124,58,1.14,765.0,Strength,18.7,3.7,3,2,16.89
59,Female,56.3,1.5,183,158,53,1.16,919.0,Cardio,34.4,2.9,5,3,25.02
40,Female,46.8,1.63,176,132,55,0.66,343.0,Yoga,33.9,1.7,2,2,17.61
35,Female,68.2,1.71,164,144,67,1.95,1445.0,Strength,16.7,2.9,5,2,23.32
35,Male,129.9,1.56,160,136,69,1.35,1074.0,HIIT,27.9,3.3,3,3,53.38
25,Male,64.0,1.95,181,160,54,1.12,1097.0,HIIT,23.5,3.7,3,2,16.83
38,Female,75.5,1.5,192,136,50,0.5,493.0,HIIT,30.4,2.3,2,1,33.56
27,Female,43.1,1.59,165,128,68,0.6,398.0,HIIT,28.7,2.3,3,1,17.05
54,Male,104.8,1.64,192,147,58,1.42,930.0,HIIT,27.6,2.8,3,1,38.96
41,Female,72.1,1.71,173,129,66,0.58,303.0,Cardio,30.0,2.4,3,1,24.66
39,Female,58.7,1.65,171,120,50,1.79,1039.0,Cardio,12.7,2.9,4,3,21.56
48,Male,128.1,1.62,188,167,59,1.0,871.0,Yoga,23.0,2.7,5,2,48.81
59,Female,43.8,1.56,182,149,57,1.03,829.0,HIIT,31.9,2.3,2,1,18.0
50,Female,75.0,1.72,190,156,60,0.98,536.0,Cardio,27.4,2.0,3,1,25.35
40,Female,42.7,1.77,189,143,59,0.58,528.0,Yoga,28.6,2.2,2,1,13.63
30,Male,80.5,1.98,160,148,50,1.65,1379.0,Strength,17.6,3.2,5,2,20.53
18,Female,54.9,1.75,184,169,62,1.46,1020.0,Cardio,25.8,1.5,2,1,17.93
48,Male,64.1,1.6,173,154,57,1.24,959.0,Strength,23.6,2.5,5,3,25.04
59,Female,61.6,1.75,181,158,74,1.55,1101.0,HIIT,16.8,2.4,3,2,20.11
43,Female,62.0,1.57,170,152,53,1.99,1190.0,HIIT,17.5,2.7,4,3,25.15
30,Female,77.0,1.73,166,126,66,1.31,973.0,Cardio,28.5,2.8,3,3,25.73
53,Female,48.3,1.75,180,159,73,1.17,995.0,Cardio,24.4,1.5,2,2,15.77
52,Male,67.1,1.94,199,139,67,1.17,864.0,HIIT,21.3,2.1,2,1,17.83
53,Male,79.1,1.73,166,137,53,0.86,628.0,Strength,24.1,3.7,5,3,26.43
59,Male,113.5,1.83,183,169,58,0.98,802.0,HIIT,19.0,2.2,2,1,33.89
53,Female,68.2,1.5,166,120,62,1.66,864.0,Yoga,19.8,3.3,5,2,30.31
40,Female,59.6,1.63,160,151,72,1.26,894.0,Strength,25.3,2.0,3,1,22.43
19,Female,48.9,1.73,180,146,65,1.3,729.0,Yoga,32.0,2.6,4,2,16.34
36,Female,56.7,1.67,160,159,70,0.95,969.0,Strength,24.5,1.9,3,1,20.33
45,Female,73.8,1.68,175,145,59,1.52,851.0,Strength,35.0,2.0,3,2,26.15
26,Female,58.8,1.62,175,141,74,1.72,1203.0,Strength,16.5,2.4,4,3,22.41
21,Male,123.3,1.65,185,133,63,0.99,696.0,Cardio,26.8,3.0,3,1,45.29
34,Female,75.1,1.64,178,129,52,1.45,877.0,HIIT,31.9,2.0,2,1,27.92
53,Female,65.6,1.73,192,169,74,1.36,925.0,Strength,22.1,2.4,3,3,21.92
43,Female,62.2,1.56,195,137,58,1.69,1148.0,Yoga,16.4,2.7,5,3,25.56
51,Male,83.1,1.97,195,138,64,1.15,758.0,Yoga,28.2,3.7,2,1,21.41
52,Male,88.5,1.85,169,157,54,1.86,1279.0,Yoga,11.5,3.2,4,3,25.86
42,Female,58.2,1.82,198,152,57,1.75,1335.0,Yoga,16.6,2.1,5,3,17.57
36,Female,44.2,1.7,199,141,61,0.74,704.0,HIIT,26.0,2.2,2,2,15.29
20,Female,67.7,1.8,166,149,60,1.29,979.0,Cardio,34.4,2.2,2,2,20.9
23,Male,78.8,1.63,175,129,69,1.1,881.0,Yoga,32.3,2.9,3,2,29.66
18,Female,53.4,1.5,172,152,67,0.98,853.0,Cardio,33.0,2.5,3,1,23.73
53,Male,52.4,1.96,166,158,55,0.74,494.0,HIIT,28.0,3.4,2,1,13.64
59,Male,88.0,1.62,194,124,59,1.29,883.0,Strength,23.5,3.5,3,3,33.53
51,Male,115.3,1.91,175,146,60,1.32,892.0,Cardio,22.3,3.4,4,1,31.61
35,Female,60.6,1.64,186,132,67,0.95,717.0,Yoga,29.9,1.5,5,1,22.53
22,Female,61.5,1.69,185,120,51,1.92,1263.0,Strength,18.1,2.8,5,3,21.53
45,Male,118.2,1.8,173,146,57,1.27,985.0,Cardio,16.7,3.7,2,1,36.48
49,Female,61.5,1.63,176,130,68,1.8,887.0,Strength,18.9,3.1,4,3,23.15
57,Female,57.6,1.7,199,126,57,1.64,977.0,Cardio,20.5,3.0,5,3,19.93
33,Female,55.4,1.5,188,133,58,0.96,760.0,Cardio,29.4,2.5,3,1,24.62
29,Female,59.1,1.56,181,126,74,1.54,974.0,Strength,14.5,2.8,5,3,24.29
33,Male,106.2,1.73,188,140,62,1.18,771.0,Cardio,27.8,2.6,2,3,35.48
23,Male,115.8,1.91,186,162,61,0.99,858.0,Yoga,22.3,2.5,2,1,31.74
32,Female,54.1,1.84,197,156,68,2.0,1588.0,Yoga,16.2,2.8,5,2,15.98
18,Female,47.6,1.68,181,142,69,0.89,587.0,HIIT,25.8,2.0,2,1,16.87
18,Male,88.1,1.82,174,131,69,1.47,1033.0,Strength,28.4,3.7,3,3,26.6
55,Female,44.2,1.76,164,126,63,1.55,927.0,Strength,23.1,1.5,2,3,14.27
57,Male,85.8,1.75,188,129,62,1.24,616.0,Strength,29.1,3.7,3,1,28.02
18,Female,43.9,1.56,179,123,72,1.06,717.0,HIIT,33.6,2.5,2,1,18.04
44,Male,88.6,1.81,185,155,66,1.65,1465.0,Strength,10.0,3.7,5,3,27.04
43,Male,55.3,1.77,160,120,67,1.17,552.0,Strength,20.9,1.6,4,1,17.65
48,Male,118.1,1.82,178,141,55,1.12,1024.0,Cardio,19.8,3.7,4,1,35.65
23,Female,74.6,1.6,181,151,63,1.33,775.0,Strength,31.6,1.5,4,3,29.14
44,Female,57.1,1.53,170,137,67,1.27,736.0,Strength,34.3,1.5,3,2,24.39
34,Male,72.7,1.77,174,169,74,1.33,1429.0,Cardio,16.6,2.0,3,1,23.21
41,Male,73.1,1.86,192,162,69,1.26,1076.0,HIIT,22.6,3.7,3,3,21.13
44,Female,44.7,1.66,167,157,64,1.05,874.0,Strength,30.8,2.6,3,1,16.22
53,Female,65.2,1.61,166,133,66,0.81,534.0,HIIT,32.2,2.3,4,1,25.15
41,Female,44.0,1.78,181,141,53,1.44,946.0,HIIT,34.5,2.0,4,3,13.89
34,Male,99.7,1.73,183,136,72,0.89,769.0,HIIT,26.9,3.0,2,2,33.31
56,Male,77.3,1.91,176,143,74,0.58,525.0,Yoga,20.8,3.7,2,2,21.19
34,Male,66.1,1.89,167,122,73,1.11,848.0,HIIT,26.7,3.6,2,2,18.5
51,Female,50.1,1.6,194,156,69,1.49,1126.0,HIIT,27.3,2.8,2,2,19.57
59,Male,51.5,1.85,182,169,59,1.24,894.0,Strength,26.8,3.4,3,1,15.05
54,Male,54.0,1.63,184,169,54,0.77,626.0,Yoga,23.3,3.2,3,1,20.32
24,Female,48.4,1.53,189,169,60,0.5,409.0,Yoga,29.0,1.8,3,1,20.68
52,Male,80.1,1.61,160,159,50,1.02,853.0,Strength,28.6,3.7,4,1,30.9
34,Male,50.6,1.58,172,162,70,1.01,1067.0,Strength,28.8,2.0,4,1,20.27
52,Male,100.7,1.83,175,127,61,0.63,499.0,Cardio,27.1,3.4,3,2,30.07
33,Female,60.3,1.78,191,127,53,1.81,1119.0,HIIT,18.1,2.4,3,3,19.03
22,Female,72.4,1.66,163,169,74,1.07,1057.0,Strength,25.5,1.8,3,1,26.27
55,Male,81.6,1.93,178,125,54,0.79,448.0,Cardio,30.5,3.1,4,1,21.91
48,Male,52.7,1.98,187,159,71,1.01,790.0,HIIT,25.5,3.3,2,1,13.44
49,Male,73.9,1.92,194,165,60,1.37,1018.0,HIIT,23.1,2.7,4,1,20.05
27,Female,67.2,1.61,194,151,61,1.2,1135.0,Cardio,31.7,3.1,4,1,25.92
39,Female,77.1,1.65,187,156,65,1.25,1001.0,Yoga,27.4,1.9,4,1,28.32
40,Female,55.0,1.58,199,123,71,1.38,851.0,Strength,31.8,1.5,4,1,22.03
32,Female,54.8,1.61,173,169,74,1.81,1433.0,HIIT,16.4,2.4,5,3,21.14
50,Male,120.5,2.0,183,120,61,1.07,733.0,Yoga,27.2,2.8,3,2,30.12
21,Female,69.8,1.55,178,123,56,0.93,514.0,Cardio,29.2,1.9,3,1,29.05
43,Male,59.9,1.64,165,160,66,1.18,948.0,Cardio,23.3,2.9,2,1,22.27
28,Male,59.4,1.95,199,140,66,1.35,1129.0,Strength,28.4,3.2,3,3,15.62
29,Female,58.2,1.62,176,125,62,1.23,730.0,Strength,35.0,2.0,3,2,22.18
36,Male,66.2,1.77,199,146,74,0.97,812.0,HIIT,28.3,2.5,5,3,21.13
37,Female,57.3,1.78,171,150,61,1.54,1219.0,Strength,17.1,2.6,3,2,18.08
20,Female,49.7,1.65,171,128,74,1.17,762.0,HIIT,35.0,1.9,2,2,18.26
43,Male,121.8,1.67,183,145,56,0.65,609.0,HIIT,21.1,3.1,2,2,43.67
40,Female,53.0,1.64,169,149,60,1.21,971.0,Strength,29.9,2.5,2,1,19.71
37,Female,50.8,1.57,162,150,63,1.3,893.0,Strength,28.0,1.6,3,1,20.61
48,Female,48.5,1.53,166,152,67,1.42,1020.0,Strength,31.1,2.6,5,1,20.72
41,Female,76.6,1.65,170,130,64,0.62,327.0,Cardio,29.7,1.7,2,1,28.14
35,Male,75.4,1.82,190,123,58,1.24,877.0,Yoga,25.5,2.5,4,1,22.76
40,Male,94.1,1.61,168,139,52,1.21,795.0,Cardio,22.6,3.6,4,1,36.3
39,Female,40.0,1.78,182,137,54,1.44,1005.0,HIIT,33.0,1.6,3,2,12.62
36,Male,99.6,1.93,187,160,63,0.93,776.0,Cardio,20.9,2.8,3,1,26.74
42,Male,55.5,1.87,166,128,63,0.98,681.0,Strength,20.9,1.5,3,1,15.87
54,Female,67.8,1.5,183,168,67,1.32,1044.0,Strength,32.3,2.4,2,3,30.13
27,Female,54.1,1.73,175,157,63,1.6,1175.0,Yoga,16.4,2.8,4,2,18.08
21,Female,59.2,1.5,199,127,57,1.17,818.0,Yoga,26.4,2.1,4,3,26.31
24,Female,69.2,1.68,162,161,53,1.41,980.0,Strength,33.5,1.6,4,1,24.52
25,Male,86.3,1.6,190,158,60,1.79,1594.0,HIIT,12.3,3.4,5,3,33.71
18,Female,71.9,1.66,169,147,65,1.31,937.0,Strength,29.1,2.2,4,2,26.09
42,Male,54.7,1.86,188,160,74,1.2,944.0,Strength,28.1,2.9,2,1,15.81
45,Female,59.5,1.74,196,142,55,1.87,1147.0,Yoga,15.0,2.7,4,2,19.65
51,Male,118.3,2.0,181,126,64,1.24,634.0,Yoga,26.7,3.6,3,1,29.58
58,Female,51.7,1.64,197,130,71,1.55,769.0,Strength,32.2,1.5,4,1,19.22
21,Female,52.0,1.5,169,169,56,1.27,990.0,HIIT,31.2,2.5,2,1,23.11
55,Female,62.2,1.79,173,154,74,1.72,1039.0,HIIT,15.0,2.6,3,2,19.41
49,Male,92.7,1.93,182,134,50,1.06,624.0,HIIT,29.8,3.0,3,1,24.89
59,Male,84.2,1.75,188,123,59,1.08,723.0,Strength,30.9,3.1,3,3,27.49
52,Male,129.9,1.95,166,129,64,0.86,642.0,Strength,25.3,2.8,2,1,34.16
24,Male,116.2,1.91,190,130,54,0.9,795.0,Strength,29.3,2.3,3,1,31.85
45,Female,52.7,1.75,160,166,54,1.2,966.0,Strength,28.1,1.7,2,2,17.21
32,Male,58.1,1.76,172,132,57,1.35,1069.0,Strength,23.4,2.7,5,2,18.76
53,Male,77.3,1.77,198,131,65,1.38,909.0,Yoga,33.3,3.2,2,1,24.67
42,Female,49.6,1.81,178,135,59,0.5,306.0,Yoga,28.9,2.9,3,1,15.14
47,Male,50.2,1.67,162,159,58,1.36,1033.0,Yoga,25.1,2.4,5,1,18.0
18,Female,49.8,1.7,176,152,62,1.15,681.0,Yoga,27.1,1.7,2,2,17.23
23,Male,112.4,1.88,195,169,56,1.15,894.0,Yoga,25.6,2.5,3,2,31.8
48,Female,65.4,1.65,183,167,52,1.0,709.0,Strength,31.0,1.7,2,2,24.02
18,Female,60.4,1.61,190,159,53,1.29,991.0,Strength,32.0,2.0,3,3,23.3
19,Female,59.0,1.61,198,169,65,1.5,1372.0,Cardio,14.4,1.7,5,3,22.76
22,Female,65.6,1.73,171,120,65,0.79,554.0,Yoga,27.0,1.6,2,2,21.92
27,Male,83.0,1.76,193,144,50,1.83,1432.0,Yoga,13.3,2.8,3,3,26.79
57,Female,51.3,1.52,183,159,68,1.52,964.0,HIIT,28.8,2.9,2,1,22.2
40,Female,64.0,1.7,176,164,59,1.3,1154.0,Yoga,25.5,2.0,4,2,22.15
30,Male,83.3,1.84,193,129,66,1.25,1058.0,Strength,26.4,1.9,3,2,24.6
26,Male,83.4,1.92,186,126,54,1.85,1243.0,Strength,13.3,3.2,4,3,22.62
45,Male,78.7,1.92,176,164,66,1.99,1451.0,Cardio,14.1,3.2,4,2,21.35
55,Male,91.8,1.8,193,168,74,1.37,1094.0,Strength,26.0,2.9,4,2,28.33
52,Male,80.6,1.67,183,141,54,1.04,681.0,HIIT,18.7,3.7,5,1,28.9
19,Male,86.3,1.83,198,154,58,1.54,1430.0,Strength,11.3,3.7,3,3,25.77
40,Male,73.6,1.57,193,139,64,0.5,352.0,Strength,29.3,3.3,4,1,29.86
52,Female,51.0,1.77,195,157,69,1.79,1202.0,HIIT,17.2,2.2,5,2,16.28
29,Female,55.1,1.85,176,149,63,1.42,1162.0,Yoga,18.8,2.2,4,3,16.1
34,Female,55.0,1.5,193,144,53,1.74,1146.0,Strength,17.5,2.8,4,3,24.44
40,Male,66.5,1.93,172,148,50,1.36,1187.0,Cardio,22.9,2.5,3,1,17.85
58,Male,81.5,1.67,185,154,62,1.13,774.0,Strength,25.5,3.0,5,2,29.22
24,Male,112.9,1.69,175,132,57,1.09,814.0,Yoga,28.9,3.5,3,3,39.53
43,Male,61.7,1.81,173,155,60,1.55,1066.0,Strength,32.2,2.0,3,2,18.83
58,Female,76.1,1.68,169,166,54,1.12,1036.0,Strength,33.4,1.7,5,2,26.96
57,Female,64.7,1.69,191,125,66,1.31,685.0,Strength,35.0,2.2,4,1,22.65
18,Female,65.5,1.56,185,162,55,1.42,1051.0,Yoga,28.4,2.6,4,3,26.91
46,Female,43.4,1.75,170,153,67,1.49,1034.0,Strength,24.3,2.8,4,3,14.17
30,Female,62.5,1.79,166,154,65,0.5,403.0,Cardio,23.5,2.3,3,1,19.51
46,Male,74.7,1.94,173,120,74,1.71,1211.0,Yoga,11.2,3.5,5,3,19.85
45,Male,57.7,1.79,166,129,68,1.16,632.0,Strength,21.8,2.4,3,1,18.01
49,Female,61.9,1.58,193,146,65,0.9,662.0,Strength,35.0,2.2,3,3,24.8
51,Female,71.4,1.66,186,134,61,1.16,693.0,HIIT,24.3,2.9,5,1,25.91
53,Female,51.0,1.63,180,140,73,1.13,730.0,Yoga,31.5,2.5,4,2,19.2
47,Male,88.5,2.0,192,167,50,1.6,1382.0,Yoga,12.3,3.2,5,3,22.12
41,Male,61.9,1.64,188,146,69,1.44,1058.0,HIIT,21.0,3.4,2,1,23.01
35,Male,127.4,1.65,185,130,66,0.79,667.0,Strength,22.1,3.0,5,1,46.8
47,Male,104.1,1.82,193,154,50,1.12,815.0,Yoga,22.6,2.5,2,1,31.43
42,Female,55.6,1.52,189,145,72,0.92,783.0,Strength,25.5,2.2,4,1,24.07
53,Male,93.3,1.82,166,142,73,1.16,847.0,Strength,29.5,2.2,3,3,28.17
23,Female,45.2,1.66,173,143,60,1.05,700.0,Yoga,25.4,2.0,2,2,16.4
59,Male,77.6,1.6,172,165,63,1.43,1245.0,HIIT,12.6,3.7,3,3,30.31
49,Female,74.9,1.51,179,151,74,0.81,599.0,HIIT,31.7,1.7,2,1,32.85
18,Female,50.9,1.54,168,153,66,1.37,774.0,Cardio,32.0,2.6,2,2,21.46
51,Female,62.4,1.59,163,125,59,1.59,827.0,Yoga,31.1,2.4,5,3,24.68
33,Female,51.8,1.64,176,124,56,0.85,590.0,Cardio,28.6,2.2,2,1,19.26
54,Male,120.2,1.69,199,151,51,0.5,448.0,Cardio,25.1,2.6,2,1,42.09
32,Female,59.2,1.5,192,124,52,1.88,1294.0,Strength,15.5,2.9,5,2,26.31
46,Female,40.0,1.56,161,167,69,1.17,690.0,Yoga,27.6,2.2,5,1,16.44
46,Male,84.3,1.8,191,147,66,1.56,1139.0,Yoga,16.5,3.4,4,3,26.02
37,Male,84.9,1.68,183,153,59,1.67,1184.0,HIIT,11.7,3.2,4,3,30.08
41,Male,101.6,1.85,190,161,66,1.13,947.0,Yoga,30.2,3.4,3,1,29.69
38,Male,81.4,1.74,162,152,50,1.46,1313.0,Cardio,11.3,3.3,5,3,26.89
35,Male,48.4,1.65,161,135,71,1.62,997.0,Yoga,29.2,2.4,3,2,17.78
58,Male,120.3,1.9,163,140,55,1.22,811.0,Cardio,25.4,3.7,3,1,33.32
18,Male,74.6,1.63,163,129,55,1.47,931.0,Cardio,22.7,2.7,5,2,28.08
28,Male,110.8,1.84,174,161,61,1.27,1170.0,Cardio,27.3,2.9,3,3,32.73
35,Female,53.3,1.6,165,154,54,1.36,1185.0,Yoga,32.5,2.2,2,1,20.82
29,Female,59.0,1.6,176,167,70,1.44,1429.0,HIIT,15.8,2.6,3,3,23.05
41,Male,114.2,1.71,185,134,67,0.93,437.0,Strength,22.2,2.1,3,1,39.05
36,Female,55.6,1.62,172,135,67,0.84,344.0,Yoga,34.1,2.1,3,1,21.19
32,Female,48.6,1.69,160,169,61,1.21,840.0,Cardio,29.8,2.6,3,1,17.02
56,Female,76.0,1.59,199,150,73,1.0,553.0,Yoga,31.5,2.4,4,1,30.06
29,Female,55.6,1.59,183,159,73,0.89,635.0,Strength,27.8,2.0,2,1,21.99
24,Male,103.1,1.79,199,126,59,1.23,974.0,HIIT,26.4,3.7,4,1,32.18
45,Female,51.2,1.57,191,124,70,1.5,703.0,Cardio,35.0,2.3,2,1,20.77
59,Male,87.3,1.73,192,166,70,1.33,1004.0,Strength,26.3,2.9,2,1,29.17
36,Male,109.0,1.8,197,162,74,1.1,1015.0,HIIT,25.8,3.2,3,2,33.64
55,Male,57.9,2.0,169,131,69,1.02,766.0,Strength,26.6,2.4,2,3,14.48
28,Male,90.5,1.69,192,158,68,1.61,1663.0,HIIT,11.3,3.2,3,3,31.69
25,Female,60.8,1.5,191,122,57,1.78,1171.0,Strength,16.4,2.9,5,3,27.02
49,Male,79.1,1.91,171,127,60,1.37,829.0,Yoga,17.3,2.9,4,2,21.68
59,Female,52.4,1.59,167,169,64,0.71,498.0,Cardio,28.0,2.4,4,2,20.73
22,Male,93.5,1.72,199,168,52,1.33,1253.0,Yoga,21.1,3.2,3,1,31.6
47,Female,42.7,1.59,160,163,65,1.05,840.0,Yoga,28.9,2.2,4,2,16.89
18,Female,73.2,1.8,169,146,65,1.23,751.0,Cardio,30.2,1.5,4,2,22.59
44,Female,70.8,1.64,178,129,66,0.85,611.0,Yoga,30.5,2.5,2,1,26.32
30,Female,57.6,1.63,174,168,74,1.54,1397.0,HIIT,16.3,2.3,5,3,21.68
40,Female,70.7,1.77,167,128,54,0.81,565.0,Strength,30.3,1.6,3,2,22.57
54,Female,58.3,1.61,172,157,67,1.47,1093.0,HIIT,16.9,3.0,3,3,22.49
59,Male,86.4,1.61,195,148,69,2.0,1319.0,Cardio,11.5,3.7,5,3,33.33
28,Female,61.5,1.62,190,157,60,0.56,348.0,Cardio,29.6,1.5,3,1,23.43
59,Male,123.2,1.91,166,132,61,1.04,746.0,Cardio,27.0,3.4,3,1,33.77
53,Female,58.3,1.5,163,149,55,0.89,571.0,HIIT,30.9,2.3,3,1,25.91
22,Male,111.6,1.98,182,135,69,1.37,1048.0,Cardio,22.7,2.6,3,1,28.47
33,Male,54.1,1.98,181,125,64,1.11,623.0,Strength,22.4,3.7,5,2,13.8
42,Female,69.1,1.55,175,158,73,0.84,609.0,Yoga,28.9,1.5,3,2,28.76
56,Male,68.9,1.94,165,120,59,1.8,865.0,Yoga,20.4,3.0,3,3,18.31
26,Male,102.1,1.82,160,151,66,1.39,1053.0,Strength,19.5,2.7,3,2,30.82
35,Male,96.7,1.93,188,153,72,1.34,976.0,Yoga,20.6,2.0,2,1,25.96
35,Male,104.9,1.66,178,144,74,0.66,463.0,Cardio,28.9,2.8,3,2,38.07
20,Female,54.2,1.71,180,161,69,1.25,1006.0,Strength,32.1,2.5,4,3,18.54
42,Female,71.4,1.6,170,124,68,0.89,550.0,Yoga,30.3,2.0,2,1,27.89
28,Male,73.2,1.83,172,135,50,1.4,1159.0,Cardio,23.6,3.0,3,3,21.86
51,Male,56.5,1.92,189,129,65,1.11,775.0,Cardio,20.3,2.9,2,2,15.33
50,Male,83.7,1.87,173,148,60,1.45,1085.0,HIIT,13.3,3.2,5,2,23.94
32,Female,67.3,1.68,171,120,55,1.07,716.0,Cardio,31.8,3.0,3,1,23.84
54,Male,87.4,1.7,163,128,74,0.79,409.0,Cardio,24.8,3.7,2,1,30.24
54,Female,54.1,1.57,180,168,71,1.31,891.0,HIIT,35.0,2.6,3,1,21.95
23,Male,105.5,1.79,165,157,65,1.1,1107.0,Strength,18.9,3.2,4,1,32.93
42,Male,53.5,1.84,177,160,59,1.36,1015.0,Cardio,26.1,3.2,5,1,15.8
55,Female,43.8,1.68,177,120,65,1.3,745.0,HIIT,35.0,1.8,4,2,15.52
30,Male,97.1,1.84,175,147,56,0.64,471.0,Yoga,29.0,2.6,2,1,28.68
45,Female,71.8,1.57,176,153,60,1.41,982.0,Yoga,32.1,2.2,4,2,29.13
24,Female,59.9,1.61,199,143,62,2.0,1245.0,Yoga,18.2,2.6,3,3,23.11
48,Female,68.2,1.65,197,129,66,0.92,316.0,HIIT,35.0,2.7,2,1,25.05
59,Male,82.3,1.68,193,140,72,1.97,1470.0,Cardio,16.0,3.6,5,3,29.16
19,Female,62.1,1.58,190,125,50,1.78,1115.0,Strength,17.7,3.0,3,3,24.88
28,Male,111.8,1.87,189,164,57,0.86,1024.0,Strength,17.9,3.0,4,1,31.97
58,Male,89.9,1.87,161,138,60,1.64,1150.0,Cardio,10.0,3.7,5,2,25.71
48,Male,96.2,1.64,183,141,68,0.89,661.0,Cardio,26.3,3.7,3,1,35.77
24,Male,52.7,1.64,184,166,52,0.91,528.0,Strength,29.6,2.5,4,1,19.59
44,Male,50.4,1.85,160,162,69,0.61,796.0,Strength,17.6,1.9,3,2,14.73
18,Female,59.1,1.79,176,141,57,1.63,917.0,HIIT,30.3,2.7,2,2,18.45
33,Male,90.3,1.56,168,120,59,1.59,1065.0,Strength,12.2,3.5,4,2,37.11
32,Female,50.1,1.56,162,135,54,1.24,917.0,Yoga,26.8,2.4,4,3,20.59
28,Female,54.8,1.5,178,120,74,1.48,924.0,Strength,25.0,2.0,4,1,24.36
47,Male,82.7,1.83,176,128,57,1.99,1197.0,Yoga,13.0,3.6,3,3,24.69
49,Male,51.0,1.78,176,138,67,1.09,550.0,HIIT,27.4,2.5,3,2,16.1
25,Male,56.6,1.63,188,166,55,0.65,476.0,Strength,29.4,1.7,2,2,21.3
56,Male,52.3,1.93,167,125,66,0.97,671.0,Strength,25.8,3.3,3,1,14.04
23,Female,72.5,1.69,166,169,74,1.29,1057.0,Strength,26.0,2.1,3,2,25.38
28,Female,62.5,1.54,177,121,55,1.21,819.0,Strength,32.4,1.5,2,3,26.35
44,Female,59.8,1.65,179,138,68,1.63,1012.0,Cardio,17.9,2.6,5,3,21.97
31,Male,80.3,1.77,165,139,64,1.19,959.0,HIIT,22.7,3.7,5,1,25.63
27,Female,75.7,1.57,185,162,68,1.31,1130.0,Cardio,28.3,2.8,5,1,30.71
43,Male,80.1,1.59,160,138,57,1.2,784.0,Cardio,29.1,2.3,5,1,31.68
18,Male,92.2,1.9,163,143,71,1.88,1270.0,HIIT,10.0,3.7,5,2,25.54
23,Female,63.9,1.66,198,163,67,1.63,1353.0,Cardio,18.4,2.6,4,3,23.19
53,Male,85.9,1.55,180,127,63,0.74,420.0,Strength,22.2,3.2,2,1,35.75
30,Female,51.2,1.55,165,132,51,1.38,812.0,Yoga,23.9,2.5,2,2,21.31
30,Male,105.3,1.89,179,122,50,1.31,889.0,Cardio,22.9,2.9,2,1,29.48
55,Female,67.1,1.65,168,157,70,0.57,401.0,Strength,22.8,1.9,3,2,24.65
46,Female,70.3,1.6,184,146,71,0.99,626.0,Strength,32.7,2.3,5,3,27.46
21,Male,112.0,1.58,185,162,60,1.45,1256.0,Cardio,20.2,2.6,4,2,44.86
32,Male,97.2,1.78,191,120,67,0.74,584.0,HIIT,22.4,2.7,3,1,30.68
40,Male,90.2,1.75,177,146,74,0.64,642.0,Yoga,30.0,3.6,2,1,29.45
58,Male,84.6,1.67,190,149,63,1.03,865.0,Strength,25.7,3.1,5,3,30.33
52,Male,127.5,1.81,183,126,70,1.26,843.0,Strength,20.9,2.4,3,3,38.92
33,Male,84.6,1.65,174,120,66,1.82,1118.0,Cardio,13.6,3.7,5,2,31.07
54,Male,117.4,1.67,193,143,55,0.5,420.0,Cardio,27.9,2.7,2,1,42.1
42,Male,56.9,1.99,168,140,60,1.37,960.0,Cardio,28.7,3.3,4,1,14.37
52,Male,55.0,1.81,196,126,50,1.35,808.0,Strength,29.6,3.2,5,2,16.79
31,Male,104.2,1.77,171,128,72,1.13,952.0,Cardio,28.1,2.3,4,3,33.26
34,Male,104.0,1.61,161,162,61,0.99,931.0,Cardio,27.9,3.7,3,2,40.12
28,Male,80.8,1.92,165,128,58,1.43,1043.0,Strength,27.5,3.3,2,2,21.92
58,Male,86.1,1.64,193,122,58,1.22,640.0,Strength,30.3,3.1,3,2,32.01
48,Female,64.0,1.79,170,135,52,1.78,1037.0,HIIT,14.9,2.7,5,3,19.97
42,Male,94.9,1.86,170,120,63,1.36,704.0,HIIT,27.1,2.7,5,3,27.43
43,Female,68.1,1.8,174,159,57,1.45,1035.0,HIIT,32.9,1.5,5,3,21.02
22,Female,40.0,1.62,192,140,60,1.32,1138.0,Yoga,30.8,1.8,3,1,15.24
57,Male,51.9,1.92,179,141,66,0.89,313.0,Strength,26.6,3.1,4,2,14.08
36,Male,50.2,1.76,172,134,50,1.3,953.0,Strength,19.8,2.2,5,3,16.21
35,Male,89.3,1.87,175,143,68,1.48,1154.0,Cardio,11.5,3.7,5,3,25.54
46,Female,69.8,1.78,183,151,51,1.19,703.0,Cardio,28.0,2.4,5,2,22.03
52,Male,115.3,1.92,188,141,67,1.22,890.0,HIIT,24.7,2.2,3,3,31.28
35,Female,65.5,1.76,172,139,64,1.49,850.0,Yoga,30.0,1.6,3,1,21.15
33,Female,77.4,1.72,193,164,59,1.16,952.0,Strength,33.2,1.7,5,1,26.16
40,Female,59.0,1.75,164,128,50,1.58,963.0,Strength,17.8,2.9,5,3,19.27
40,Female,46.6,1.7,188,147,52,1.21,905.0,Yoga,30.2,1.5,3,1,16.12
39,Male,81.1,1.91,168,126,57,1.87,1319.0,HIIT,10.2,3.3,5,3,22.23
35,Female,53.5,1.58,181,155,61,0.6,386.0,Cardio,26.9,1.6,3,1,21.43
39,Female,67.3,1.67,191,164,67,1.03,777.0,Cardio,34.4,2.3,5,2,24.13
25,Female,64.8,1.55,197,147,60,1.85,1403.0,HIIT,15.6,2.6,5,2,26.97
39,Female,52.7,1.77,164,163,64,1.69,1075.0,Cardio,15.5,2.9,4,2,16.82
34,Male,85.8,1.82,173,153,72,1.91,1463.0,Cardio,10.0,3.3,4,3,25.9
59,Female,56.3,1.71,176,128,58,0.65,425.0,Yoga,28.0,2.5,2,1,19.25
29,Male,87.9,1.72,194,127,60,1.6,1071.0,Strength,23.7,1.5,2,1,29.71
50,Female,61.3,1.58,186,129,63,1.97,1113.0,Yoga,16.3,2.4,3,2,24.56
47,Female,62.6,1.63,182,120,52,0.87,625.0,Strength,24.0,2.6,3,2,23.56
23,Female,79.5,1.77,163,146,59,1.48,1176.0,Strength,28.1,2.3,4,2,25.38
39,Male,98.7,1.94,187,137,71,0.97,712.0,Strength,25.6,3.4,2,1,26.22
52,Female,61.9,1.62,165,155,66,1.76,1192.0,Cardio,11.4,2.9,5,3,23.59
41,Male,76.1,1.76,166,133,61,1.17,746.0,Cardio,27.1,2.7,5,2,24.57
24,Female,40.0,1.57,193,122,61,0.54,381.0,Yoga,26.4,2.6,2,2,16.23
49,Male,77.2,1.58,162,157,54,1.02,813.0,Strength,26.3,3.3,4,1,30.92
56,Male,88.3,1.61,183,134,50,1.75,1119.0,Yoga,11.1,3.4,5,3,34.07
39,Male,80.3,1.76,160,165,52,1.31,1212.0,Cardio,30.0,2.7,5,2,25.92
53,Female,57.5,1.68,173,155,51,1.38,962.0,Strength,32.0,2.0,4,3,20.37
19,Male,90.6,1.89,193,157,58,1.66,1430.0,Strength,11.6,2.9,3,2,25.36
56,Male,42.5,1.78,183,135,64,0.83,677.0,Yoga,22.7,2.3,4,2,13.41
56,Male,93.4,1.73,195,142,50,1.14,811.0,Cardio,22.1,3.1,4,3,31.21
46,Male,90.2,1.72,173,120,72,0.87,406.0,Cardio,24.1,2.5,3,2,30.49
43,Male,84.5,1.7,167,135,61,0.92,636.0,Yoga,26.1,2.6,3,1,29.24
19,Female,75.1,1.7,191,152,57,1.52,1195.0,Yoga,30.6,2.2,3,1,25.99
29,Female,58.4,1.63,198,148,58,0.64,473.0,Strength,31.6,1.8,2,1,21.98
34,Male,68.7,1.69,165,129,63,1.05,950.0,Cardio,22.6,1.8,3,1,24.05
57,Male,97.5,1.72,194,145,57,0.96,812.0,Cardio,21.8,3.1,2,3,32.96
21,Female,75.9,1.74,168,145,61,1.08,820.0,Cardio,33.7,2.0,4,3,25.07
30,Female,59.5,1.81,191,153,63,2.0,1583.0,Yoga,16.3,2.4,4,2,18.16
36,Male,98.8,1.72,192,122,61,0.91,598.0,HIIT,24.1,3.2,2,1,33.4
45,Female,41.8,1.58,190,166,69,1.5,1037.0,HIIT,31.8,2.7,2,1,16.74
38,Female,43.6,1.74,160,136,68,1.0,626.0,Strength,31.6,1.8,4,1,14.4
45,Male,92.6,1.94,181,146,59,1.08,788.0,Cardio,27.1,3.5,4,1,24.6
34,Male,88.5,1.95,192,134,65,1.45,1212.0,Yoga,10.0,3.7,5,2,23.27
18,Female,59.5,1.62,169,151,67,2.0,1439.0,Yoga,14.4,3.4,3,3,22.67
53,Male,61.7,1.86,199,149,50,1.53,988.0,Strength,23.4,2.9,5,3,17.83
41,Male,69.3,2.0,177,147,50,1.19,897.0,Cardio,25.3,2.4,5,3,17.32
26,Female,41.6,1.61,180,135,62,1.12,710.0,Cardio,35.0,2.1,3,1,16.05
20,Male,124.3,1.87,189,141,66,1.26,993.0,Cardio,22.7,3.7,2,2,35.55
53,Female,68.4,1.53,164,142,71,1.47,843.0,HIIT,26.5,1.5,4,2,29.22
18,Male,95.9,1.6,174,158,66,1.34,1342.0,Cardio,23.6,1.5,3,2,37.46
56,Male,70.5,1.78,174,166,61,1.26,987.0,Strength,19.8,2.7,4,3,22.25
31,Female,69.0,1.5,195,122,61,1.13,724.0,Strength,21.1,1.9,3,2,30.67
37,Female,61.4,1.77,184,129,53,2.0,1229.0,Strength,19.2,2.1,5,3,19.6
59,Male,83.3,1.82,165,145,71,1.82,1361.0,Cardio,14.9,2.9,4,3,25.15
47,Male,89.1,1.7,172,148,65,0.96,641.0,Yoga,23.5,3.4,4,2,30.83
33,Male,97.3,1.83,174,138,50,0.66,522.0,Yoga,27.7,2.5,2,1,29.05
35,Male,75.7,1.76,179,131,60,1.37,1013.0,HIIT,26.4,2.2,5,1,24.44
32,Female,68.8,1.5,188,128,60,1.23,781.0,Cardio,35.0,2.5,3,1,30.58
44,Female,74.3,1.72,179,158,51,1.34,975.0,Strength,27.0,2.0,2,1,25.11
34,Female,56.1,1.56,171,145,64,1.39,962.0,Strength,34.6,2.8,4,1,23.05
47,Female,54.4,1.58,188,122,54,1.66,852.0,Cardio,17.6,3.0,4,3,21.79
55,Male,71.4,1.79,174,169,57,1.29,998.0,Strength,20.5,2.0,3,1,22.28
41,Female,73.9,1.6,181,143,71,1.09,747.0,Yoga,24.1,2.0,3,1,28.87
46,Male,86.6,1.63,171,168,54,2.0,1583.0,Strength,14.0,3.6,4,3,32.59
59,Male,86.2,1.94,172,147,55,1.64,1152.0,HIIT,12.7,3.7,5,3,22.9
30,Male,116.9,1.8,163,132,70,1.11,960.0,HIIT,26.2,3.7,5,2,36.08
44,Male,65.5,1.76,160,151,50,1.1,841.0,HIIT,26.7,3.1,4,3,21.15
38,Female,65.6,1.63,192,150,55,1.19,985.0,HIIT,23.9,1.7,3,1,24.69
48,Female,55.7,1.79,179,120,73,1.1,630.0,Yoga,31.8,2.3,5,1,17.38
59,Female,68.9,1.75,170,131,56,0.6,452.0,Cardio,26.1,2.1,2,1,22.5
44,Female,55.8,1.55,181,138,67,0.87,585.0,Cardio,27.3,1.5,2,2,23.23
55,Female,48.9,1.66,195,132,65,1.28,681.0,Yoga,31.5,2.0,3,2,17.75
29,Male,62.9,1.55,195,128,70,1.23,727.0,Yoga,21.2,2.2,2,3,26.18
55,Male,86.2,1.74,190,163,66,1.56,1043.0,Yoga,24.3,3.5,3,2,28.47
59,Male,101.6,1.65,185,151,61,0.56,532.0,Yoga,30.0,2.6,4,2,37.32
26,Female,40.0,1.75,167,146,60,0.85,615.0,Yoga,25.1,2.4,4,1,13.06
57,Female,57.1,1.64,199,169,68,1.21,1133.0,HIIT,32.1,1.9,2,2,21.23
18,Female,63.9,1.76,191,142,65,1.76,1214.0,Cardio,20.1,3.0,5,2,20.63
41,Female,64.0,1.57,189,128,55,0.72,426.0,Cardio,34.7,2.2,2,2,25.96
31,Female,73.8,1.65,177,120,62,1.35,785.0,Strength,29.5,1.9,2,1,27.11
27,Male,124.5,2.0,184,120,72,1.16,771.0,HIIT,23.7,2.9,4,1,31.12
47,Female,66.7,1.71,180,169,52,0.86,697.0,Strength,32.2,1.5,3,2,22.81
57,Male,109.9,1.63,184,169,65,1.23,1048.0,Cardio,21.7,3.6,4,3,41.36
24,Male,110.5,1.92,167,141,51,1.21,909.0,HIIT,18.3,3.0,2,1,29.98
25,Male,86.2,1.73,177,134,58,1.36,978.0,Cardio,27.0,2.3,5,1,28.8
53,Female,50.9,1.73,169,144,55,1.3,880.0,Strength,31.3,2.9,2,2,17.01
35,Male,49.2,1.73,192,165,61,1.0,861.0,Strength,19.7,2.8,3,1,16.44
30,Male,88.9,1.67,193,165,67,1.66,1577.0,HIIT,10.0,3.7,5,2,31.88
23,Male,123.6,1.86,197,160,56,1.39,1250.0,Yoga,23.8,3.4,3,3,35.73
26,Male,129.9,1.87,171,155,71,1.13,1033.0,Strength,27.6,3.6,4,3,37.15
37,Female,78.3,1.8,172,138,57,1.21,1043.0,Yoga,35.0,1.6,3,2,24.17
29,Female,65.7,1.57,194,120,57,1.38,761.0,Strength,24.6,2.4,5,2,26.65
18,Male,61.2,1.88,165,127,54,1.09,633.0,Strength,25.4,3.4,4,1,17.32
20,Female,79.3,1.71,182,132,67,1.39,928.0,Strength,30.2,2.0,5,2,27.12
31,Male,81.1,1.98,160,144,52,1.44,1279.0,Strength,15.7,3.7,5,3,20.69
38,Male,89.1,1.78,184,144,70,0.83,523.0,Yoga,26.8,3.5,3,1,28.12
36,Female,56.7,1.57,184,133,58,1.7,1000.0,HIIT,13.7,2.5,4,3,23.0
37,Male,90.5,1.87,192,162,59,1.35,1050.0,Cardio,24.0,2.8,4,2,25.88
51,Male,80.4,1.73,188,128,66,1.65,964.0,Yoga,31.9,3.6,3,1,26.86
57,Female,72.5,1.81,162,144,67,1.0,632.0,Cardio,26.5,2.1,4,3,22.13
28,Female,64.0,1.66,165,157,72,1.11,846.0,HIIT,24.4,2.3,4,3,23.23
39,Female,51.7,1.72,182,140,74,1.32,884.0,Cardio,31.9,1.6,3,1,17.48
41,Female,63.9,1.63,197,128,63,0.87,414.0,HIIT,32.2,2.9,3,1,24.05
25,Male,74.3,1.63,177,120,68,1.07,594.0,Yoga,25.8,2.3,3,1,27.96
51,Male,67.6,1.89,198,122,50,0.56,383.0,Yoga,28.6,2.4,2,1,18.92
25,Male,84.7,1.75,183,153,65,1.76,1487.0,HIIT,12.6,3.3,4,2,27.66
56,Male,76.5,1.83,180,141,68,0.79,674.0,Yoga,21.8,3.7,2,2,22.84
43,Female,50.3,1.61,184,123,72,1.23,791.0,Cardio,34.3,3.3,2,1,19.41
45,Male,85.1,1.8,166,152,72,1.64,1048.0,HIIT,12.5,3.6,4,3,26.27
45,Male,41.5,1.8,180,168,54,1.29,1211.0,Cardio,28.7,3.2,4,1,12.81
47,Female,68.4,1.72,187,166,73,1.21,786.0,Yoga,32.3,2.4,2,2,23.12
40,Female,68.2,1.58,176,163,70,0.88,647.0,Yoga,29.7,1.8,3,1,27.32
54,Female,54.3,1.61,169,154,69,1.13,725.0,HIIT,29.4,2.7,3,2,20.95
41,Female,54.9,1.69,179,166,74,1.08,733.0,Strength,29.9,2.1,5,1,19.22
28,Female,62.9,1.66,181,168,64,1.07,831.0,HIIT,26.0,2.4,2,1,22.83
49,Male,84.8,1.66,199,166,73,1.78,1377.0,HIIT,10.8,3.5,4,3,30.77
22,Male,127.7,1.73,176,162,62,1.26,1114.0,Yoga,21.4,3.3,3,3,42.67
57,Female,80.6,1.69,162,120,54,1.1,674.0,HIIT,30.9,2.2,3,1,28.22
31,Male,76.6,1.63,191,129,67,1.39,887.0,Yoga,30.0,3.6,2,1,28.83
31,Male,79.6,1.62,199,130,69,1.45,1044.0,Yoga,33.1,3.5,4,2,30.33
18,Female,64.7,1.75,185,123,72,1.03,727.0,Cardio,29.9,1.9,3,2,21.13
37,Male,63.9,1.82,170,154,61,1.48,1221.0,Strength,29.8,2.3,5,2,19.29
36,Female,50.5,1.59,164,159,54,1.43,1133.0,Yoga,27.8,2.2,3,2,19.98
41,Female,55.8,1.78,166,160,59,1.65,1104.0,Cardio,18.0,2.9,4,2,17.61
27,Female,70.5,1.62,182,130,54,1.61,1068.0,Cardio,27.1,2.2,2,2,26.86
54,Male,49.8,1.73,177,124,60,1.18,761.0,Strength,25.0,3.7,3,1,16.64
44,Male,95.8,1.83,186,153,60,1.22,1011.0,HIIT,25.3,3.7,2,1,28.61
57,Male,75.7,1.69,173,132,57,1.01,683.0,Strength,29.8,2.0,5,3,26.5
27,Male,114.3,1.91,195,167,60,1.11,1016.0,Yoga,23.7,2.4,2,1,31.33
32,Female,71.4,1.53,172,128,61,1.69,862.0,HIIT,30.0,1.9,2,1,30.5
28,Female,65.3,1.73,160,142,58,1.46,1051.0,Cardio,33.5,2.4,4,1,21.82
46,Male,101.3,1.62,194,133,51,1.29,767.0,Yoga,22.9,2.9,3,1,38.6
51,Female,72.9,1.52,190,146,63,1.14,880.0,Strength,35.0,1.9,4,1,31.55
34,Male,108.7,1.65,191,143,65,0.94,634.0,HIIT,22.3,3.7,2,1,39.93
38,Male,115.5,1.87,180,169,69,1.45,1261.0,Yoga,22.3,3.1,2,2,33.03
41,Male,108.2,1.64,160,166,72,1.39,1185.0,HIIT,20.5,3.2,5,1,40.23
38,Male,79.6,1.87,171,130,56,1.91,1133.0,HIIT,10.0,3.7,5,3,22.76
21,Female,40.7,1.55,188,120,53,1.45,960.0,HIIT,27.9,2.3,3,1,16.94
29,Female,61.3,1.69,171,138,74,1.09,812.0,HIIT,26.4,2.2,3,1,21.46
22,Female,66.6,1.51,185,153,50,0.92,819.0,Cardio,31.9,2.4,4,3,29.21
36,Female,68.2,1.8,160,120,56,0.85,604.0,Strength,32.0,1.8,3,2,21.05
33,Female,53.3,1.71,186,153,50,0.84,843.0,Yoga,29.4,2.3,3,3,18.23
50,Male,94.8,1.94,173,133,50,1.01,706.0,HIIT,29.2,3.4,3,1,25.19
49,Female,68.0,1.68,160,140,53,1.06,664.0,Yoga,34.1,1.8,3,2,24.09
34,Male,84.4,1.67,163,156,54,1.64,1324.0,Cardio,12.7,3.7,5,2,30.26
50,Male,83.9,1.86,164,143,52,1.66,1053.0,HIIT,11.8,3.2,5,2,24.25
37,Female,75.2,1.71,191,125,50,1.27,681.0,Strength,26.9,1.8,3,1,25.72
18,Female,69.5,1.73,199,160,72,1.28,1022.0,HIIT,35.0,2.3,4,1,23.22
59,Female,66.9,1.61,186,120,68,1.52,659.0,Cardio,35.0,2.7,4,1,25.81
26,Male,101.7,1.91,196,155,70,1.54,1351.0,Cardio,30.5,2.6,3,1,27.88
24,Female,72.3,1.73,160,131,72,1.11,681.0,Cardio,33.9,1.5,3,2,24.16
37,Male,105.0,1.57,185,150,74,1.36,1221.0,Strength,24.9,3.3,4,3,42.6
24,Female,40.0,1.57,193,144,66,1.52,1100.0,Yoga,28.5,2.3,4,3,16.23
33,Male,46.9,1.69,187,141,54,1.1,810.0,Yoga,24.1,2.9,3,2,16.42
57,Male,75.8,1.69,177,133,59,0.92,749.0,Strength,26.9,1.9,5,1,26.54
30,Female,75.9,1.62,167,156,70,1.38,913.0,HIIT,32.0,1.6,4,2,28.92
35,Female,74.9,1.61,167,151,73,1.28,1059.0,HIIT,33.9,1.9,3,2,28.9
29,Male,66.4,1.92,184,148,74,0.73,677.0,HIIT,22.8,3.7,2,1,18.01
31,Male,77.6,1.58,171,169,50,1.73,1570.0,Strength,13.9,3.7,3,3,31.08
57,Female,49.1,1.57,171,152,68,1.25,814.0,HIIT,27.1,2.7,3,3,19.92
39,Male,85.1,1.75,161,155,50,1.5,1353.0,Cardio,11.3,3.7,4,3,27.79
32,Male,93.2,1.62,164,156,67,1.23,1214.0,Cardio,30.9,2.3,3,3,35.51
38,Female,43.4,1.81,163,130,74,0.87,603.0,Strength,31.1,1.5,2,1,13.25
45,Male,68.6,1.7,168,136,52,1.26,763.0,Strength,22.0,1.9,3,2,23.74
21,Male,82.3,1.95,194,132,72,2.0,1414.0,Yoga,10.0,3.7,4,2,21.64
47,Female,62.9,1.71,163,158,56,1.44,1008.0,HIIT,14.6,2.4,5,3,21.51
37,Male,59.6,1.99,184,125,68,1.13,870.0,Strength,23.7,2.8,3,1,15.05
47,Female,65.5,1.75,182,158,55,1.32,855.0,HIIT,31.2,2.0,5,2,21.39
36,Female,43.6,1.68,191,158,52,1.52,1315.0,Cardio,32.8,1.9,3,3,15.45
45,Female,51.3,1.66,161,138,64,1.76,1122.0,Cardio,18.4,3.2,5,3,18.62
33,Male,108.7,1.8,167,143,55,1.42,943.0,HIIT,30.0,3.6,4,1,33.55
45,Female,54.9,1.77,171,166,62,1.56,1244.0,Cardio,17.9,3.5,4,3,17.52
44,Female,67.2,1.7,199,124,69,0.66,430.0,HIIT,35.0,2.4,3,2,23.25
25,Male,124.1,1.65,190,162,62,1.29,1227.0,HIIT,30.4,3.5,2,1,45.58
18,Male,94.7,1.8,189,141,50,1.28,911.0,Yoga,23.3,2.7,4,1,29.23
40,Male,54.5,1.61,197,126,69,1.03,659.0,HIIT,23.1,2.8,3,1,21.03
36,Male,118.0,1.83,183,169,64,1.47,1397.0,Yoga,25.7,2.6,2,1,35.24
41,Male,78.8,1.93,184,139,72,1.04,891.0,Yoga,22.2,3.6,5,3,21.15
58,Female,51.4,1.62,185,152,68,1.62,1069.0,HIIT,26.8,3.2,2,2,19.59
42,Male,82.2,1.66,181,142,55,1.49,1300.0,HIIT,10.0,3.4,5,3,29.83
26,Female,55.5,1.62,172,125,58,1.09,616.0,Cardio,35.0,1.9,5,2,21.15
36,Female,54.4,1.56,193,135,58,1.63,1124.0,Strength,18.6,2.3,4,2,22.35
39,Male,61.9,1.77,178,136,62,1.55,959.0,HIIT,25.8,3.3,3,2,19.76
50,Male,53.0,1.69,199,161,73,1.01,674.0,Cardio,26.6,2.7,3,1,18.56
52,Female,52.4,1.77,170,148,56,1.21,909.0,Strength,33.2,1.8,3,2,16.73
28,Male,74.8,1.9,163,131,68,0.67,440.0,Cardio,20.5,3.5,3,2,20.72
56,Female,66.8,1.72,181,153,65,1.27,845.0,Strength,26.0,2.2,2,1,22.58
32,Female,62.4,1.75,193,121,56,1.92,1053.0,HIIT,13.1,2.7,4,2,20.38
27,Male,89.0,1.71,184,158,69,1.9,1692.0,Strength,15.0,3.7,4,3,30.44
19,Female,70.1,1.76,176,128,57,0.83,559.0,HIIT,28.5,2.0,4,2,22.63
47,Female,60.6,1.5,167,145,63,1.17,856.0,Strength,34.0,2.1,3,3,26.93
41,Female,49.6,1.7,189,121,55,0.9,479.0,Yoga,28.6,1.8,3,2,17.16
26,Male,83.6,1.66,174,169,50,1.76,1504.0,Strength,14.4,3.7,4,3,30.34
37,Female,67.5,1.56,167,134,59,1.45,885.0,HIIT,26.7,2.5,3,1,27.74
47,Male,58.3,1.68,194,157,54,1.14,890.0,HIIT,19.9,2.2,2,2,20.66
34,Female,58.4,1.77,186,133,56,1.67,1149.0,HIIT,15.9,3.2,4,2,18.64
23,Male,68.7,1.85,166,143,57,1.55,1117.0,Yoga,19.7,2.1,3,1,20.07
55,Male,126.8,1.77,195,131,72,1.22,726.0,Strength,20.4,2.7,5,3,40.47
21,Male,109.9,1.66,199,138,63,1.01,810.0,Yoga,29.2,2.8,4,1,39.88
18,Male,115.4,1.93,161,146,58,1.35,1105.0,Strength,22.9,2.4,2,1,30.98
56,Male,110.0,1.75,179,169,51,1.01,773.0,HIIT,20.8,2.3,2,1,35.92
57,Female,75.6,1.76,196,162,64,1.16,771.0,Yoga,30.1,2.6,3,1,24.41
31,Female,47.1,1.61,199,158,61,0.59,458.0,HIIT,32.3,2.2,2,2,18.17
45,Male,94.0,1.84,188,154,65,1.1,924.0,Yoga,26.2,3.7,3,1,27.76
59,Male,56.8,1.89,169,131,70,1.31,958.0,Strength,18.7,2.6,3,3,15.9
33,Male,86.8,2.0,187,130,63,1.41,1246.0,Yoga,10.0,3.2,5,3,21.7
48,Female,78.8,1.54,177,148,63,1.32,883.0,HIIT,33.7,2.3,4,3,33.23
50,Female,56.0,1.55,188,139,61,1.36,883.0,HIIT,34.9,2.3,4,2,23.31
39,Male,93.3,1.69,191,150,52,1.06,971.0,Strength,20.8,2.4,5,2,32.67
50,Male,62.3,1.75,195,132,68,1.37,1030.0,Strength,25.9,2.8,3,1,20.34
47,Male,68.9,1.68,178,169,68,1.61,1054.0,HIIT,22.9,3.2,2,2,24.41
34,Male,102.5,1.96,172,164,56,0.5,535.0,Cardio,24.6,2.8,2,2,26.68
20,Male,96.4,1.73,187,152,71,1.06,917.0,Cardio,29.3,3.1,2,1,32.21
48,Female,67.4,1.58,191,136,58,0.55,388.0,Cardio,35.0,2.2,3,2,27.0
59,Female,61.3,1.72,172,160,71,1.64,1081.0,HIIT,18.2,3.5,5,3,20.72
21,Female,46.8,1.58,199,120,62,0.67,325.0,Yoga,28.7,3.1,2,2,18.75
42,Female,66.6,1.72,179,157,57,1.52,1141.0,HIIT,31.5,1.5,4,3,22.51
50,Male,51.1,1.71,160,136,67,1.52,950.0,Yoga,20.4,3.4,4,1,17.48
21,Male,97.5,1.7,196,162,70,0.87,704.0,Cardio,22.3,2.3,2,1,33.74
46,Male,51.2,1.77,176,169,53,1.43,1305.0,Yoga,22.6,1.9,3,1,16.34
34,Female,63.6,1.68,195,151,53,0.63,670.0,Cardio,26.6,2.2,4,1,22.53
20,Male,98.7,1.66,161,157,63,1.28,1077.0,Strength,27.4,3.5,2,2,35.82
37,Male,91.0,1.82,194,126,61,1.44,960.0,HIIT,21.1,3.7,3,1,27.47
32,Female,67.2,1.69,195,162,52,0.82,656.0,Cardio,29.2,2.3,3,1,23.53
41,Female,63.2,1.5,191,138,74,2.0,1466.0,Cardio,17.2,2.4,5,2,28.09
18,Female,63.7,1.55,163,169,54,1.33,947.0,HIIT,28.7,1.6,2,3,26.51
33,Male,79.5,1.99,184,140,53,1.39,1205.0,Strength,10.0,3.1,5,2,20.08
45,Male,125.6,1.76,172,156,54,1.19,936.0,Cardio,25.2,2.5,3,3,40.55
26,Female,70.8,1.74,160,155,61,1.31,1063.0,Yoga,26.9,1.5,4,1,23.38
51,Female,50.8,1.54,199,151,62,1.43,926.0,Cardio,29.4,2.0,4,3,21.42
53,Female,52.4,1.75,173,128,56,1.58,876.0,Yoga,33.9,1.5,2,2,17.11
36,Male,91.0,1.89,196,169,71,2.0,1761.0,Strength,10.7,3.0,5,3,25.48
23,Male,128.6,1.71,180,166,64,1.26,995.0,Yoga,21.6,3.3,3,3,43.98
35,Male,129.3,1.67,187,129,69,0.96,771.0,Strength,22.8,3.4,5,1,46.36
50,Female,46.7,1.66,176,125,58,1.18,685.0,Yoga,25.3,1.5,5,1,16.95
30,Female,61.5,1.55,177,130,54,1.98,1352.0,HIIT,16.1,2.9,5,3,25.6
48,Female,45.2,1.58,193,152,64,1.19,859.0,Cardio,29.3,1.9,2,2,18.11
31,Male,89.5,1.91,165,154,58,1.58,1444.0,Strength,14.6,3.4,5,2,24.53
52,Male,84.1,1.72,186,162,62,1.64,1352.0,Yoga,10.2,3.4,3,2,28.43
33,Female,58.3,1.59,169,169,74,1.62,1218.0,HIIT,15.6,2.5,5,3,23.06
18,Male,73.2,2.0,189,135,53,1.36,1044.0,HIIT,28.7,1.5,3,2,18.3
37,Male,76.3,1.92,174,135,68,0.9,838.0,Yoga,20.7,3.7,5,1,20.7
36,Male,63.1,1.74,196,156,62,1.27,1122.0,Strength,24.0,3.1,3,1,20.84
30,Female,61.1,1.74,194,135,72,1.14,748.0,Yoga,24.4,1.7,3,2,20.18
26,Male,64.7,1.87,176,123,71,1.02,766.0,HIIT,26.2,2.8,3,2,18.5
21,Female,75.2,1.69,167,147,60,1.49,1125.0,Strength,30.6,2.3,4,1,26.33
47,Female,74.2,1.68,179,134,50,1.24,817.0,HIIT,28.7,1.9,2,2,26.29
23,Male,127.9,1.7,194,164,56,1.45,1298.0,HIIT,32.0,3.7,4,1,44.26
42,Male,63.7,1.66,170,146,59,1.11,768.0,Strength,22.6,3.1,4,2,23.12
37,Male,120.4,1.58,163,136,58,1.17,736.0,HIIT,27.3,2.5,4,2,48.23
44,Male,129.2,1.69,176,158,51,1.22,945.0,Cardio,27.3,2.5,4,1,45.24
32,Male,86.2,1.89,180,127,71,1.38,981.0,Yoga,10.9,3.0,4,3,24.13
40,Female,72.5,1.6,179,136,65,0.96,461.0,Yoga,28.3,1.7,3,2,28.32
48,Male,91.5,2.0,190,138,57,1.68,902.0,HIIT,27.4,2.0,4,1,22.88
54,Female,72.9,1.68,182,160,72,1.13,844.0,Yoga,33.5,2.5,2,2,25.83
28,Male,76.3,1.84,178,159,73,1.25,1015.0,Strength,20.9,1.9,3,3,22.54
59,Female,57.3,1.73,174,148,74,1.8,1260.0,HIIT,15.7,2.3,3,2,19.15
27,Female,49.1,1.57,167,163,61,1.12,1006.0,HIIT,30.3,2.4,2,1,19.92
41,Male,83.2,1.68,183,139,72,1.84,1296.0,HIIT,11.3,3.2,5,3,29.48
51,Male,108.2,1.61,184,141,61,1.24,880.0,HIIT,27.8,2.9,3,1,41.74
40,Male,58.7,1.94,169,141,59,1.17,1008.0,Cardio,28.6,3.5,3,3,15.6
30,Male,62.2,2.0,195,141,61,1.43,935.0,Strength,30.4,3.0,4,3,15.55
50,Female,75.5,1.65,168,122,50,1.21,652.0,HIIT,32.5,1.5,2,1,27.73
20,Female,62.2,1.52,160,162,55,1.27,1132.0,HIIT,27.2,2.0,4,1,26.92
27,Male,73.4,1.64,179,127,69,0.91,711.0,Yoga,28.7,2.6,2,1,27.29
22,Female,77.9,1.52,181,123,50,0.62,304.0,Yoga,35.0,1.5,3,2,33.72
39,Male,54.0,1.85,163,128,67,0.9,706.0,Strength,17.5,2.2,2,1,15.78
28,Female,64.0,1.57,165,123,63,1.2,689.0,Yoga,35.0,2.0,4,1,25.96
46,Male,85.1,1.7,172,158,58,1.18,814.0,Yoga,23.8,2.4,4,2,29.45
58,Male,90.5,1.78,189,152,61,0.5,498.0,Yoga,31.0,2.5,2,2,28.56
41,Female,73.4,1.79,160,161,71,1.12,959.0,Strength,31.8,2.3,5,1,22.91
50,Female,40.0,1.68,166,134,65,1.27,756.0,Yoga,27.9,2.1,3,3,14.17
29,Male,106.2,1.57,177,158,73,1.39,1069.0,Strength,25.8,3.0,3,2,43.08
46,Female,71.5,1.66,193,166,56,1.39,1036.0,Strength,24.7,2.1,4,3,25.95
52,Male,116.3,1.86,175,140,52,1.25,987.0,Cardio,23.5,3.6,3,1,33.62
21,Male,61.3,1.78,164,156,63,1.4,1026.0,Strength,26.5,3.0,3,2,19.35
55,Female,63.2,1.53,173,146,54,0.87,598.0,HIIT,30.2,2.3,3,1,27.0
24,Male,95.1,1.9,192,155,71,1.47,1342.0,Cardio,23.8,1.9,4,1,26.34
41,Female,60.2,1.67,180,127,50,1.09,525.0,Strength,24.3,3.1,4,2,21.59
36,Male,50.9,1.6,193,126,66,0.78,581.0,HIIT,22.4,3.0,2,2,19.88
43,Female,50.0,1.74,181,137,67,0.52,456.0,Yoga,29.6,2.3,2,2,16.51
37,Male,85.6,1.63,176,138,74,2.0,1286.0,HIIT,12.8,3.5,4,3,32.22
21,Female,74.4,1.68,194,165,71,1.07,988.0,HIIT,35.0,2.3,3,2,26.36
25,Female,64.6,1.58,190,155,69,1.42,1073.0,HIIT,31.1,2.2,2,1,25.88
45,Female,54.0,1.66,169,165,69,0.96,797.0,Strength,32.3,2.6,5,3,19.6
18,Male,66.8,1.85,184,151,56,1.29,935.0,HIIT,23.5,2.9,4,3,19.52
22,Female,51.4,1.57,199,135,67,1.28,887.0,Strength,27.5,1.8,3,1,20.85
53,Female,44.3,1.63,173,120,62,1.16,888.0,HIIT,34.4,1.5,2,2,16.67
36,Male,78.2,1.68,163,137,58,0.93,658.0,Yoga,26.2,3.0,3,2,27.71
35,Male,110.5,1.64,197,145,66,0.98,733.0,HIIT,25.4,3.7,4,2,41.08
20,Female,55.3,1.57,180,165,50,1.75,1290.0,Cardio,14.6,2.1,4,3,22.43
47,Female,56.3,1.5,183,145,69,1.53,834.0,Cardio,28.4,2.7,2,2,25.02
58,Female,81.2,1.65,190,155,72,1.03,728.0,Cardio,28.7,2.0,2,2,29.83
21,Female,65.7,1.55,185,131,54,1.1,653.0,Yoga,27.7,2.2,3,1,27.35
50,Female,81.7,1.71,165,128,50,1.19,668.0,HIIT,32.3,1.5,4,2,27.94
30,Male,80.6,1.98,160,150,52,1.79,1294.0,Strength,14.3,3.7,5,2,20.56
43,Male,85.7,2.0,196,166,52,1.64,1426.0,Yoga,11.1,3.2,4,3,21.42
47,Male,89.8,1.69,171,126,74,0.95,502.0,Cardio,23.7,2.8,3,1,31.44
43,Male,108.9,1.65,191,169,65,1.2,1049.0,Strength,20.6,3.3,4,2,40.0
41,Male,75.6,1.77,192,125,51,1.58,1051.0,Strength,23.1,2.7,4,3,24.13
59,Female,77.6,1.67,170,164,54,1.5,1032.0,Strength,31.3,2.6,3,3,27.82
54,Female,55.5,1.67,168,125,61,0.86,350.0,Yoga,28.1,2.7,2,2,19.9
26,Male,86.9,1.87,194,143,50,1.84,1234.0,Cardio,12.6,3.3,5,3,24.85
29,Female,69.5,1.82,171,120,68,0.8,571.0,Strength,35.0,1.8,4,1,20.98
28,Male,71.3,1.92,194,131,65,0.74,495.0,Yoga,25.7,2.2,2,1,19.34
53,Female,58.8,1.78,176,122,74,0.92,681.0,Yoga,30.7,1.9,4,2,18.56
47,Female,69.6,1.72,183,153,54,1.38,1113.0,HIIT,33.9,1.8,5,3,23.53
18,Male,111.9,1.9,160,150,58,1.25,888.0,Strength,20.8,3.2,2,1,31.0
19,Male,96.5,1.78,198,162,53,1.59,1359.0,Yoga,21.5,3.2,3,2,30.46
33,Male,49.9,1.77,160,134,72,1.28,1036.0,Yoga,24.7,3.3,2,2,15.93
53,Female,74.9,1.51,194,132,73,1.13,575.0,Strength,32.6,2.5,3,2,32.85
23,Male,106.6,2.0,183,135,74,1.33,978.0,Cardio,25.3,2.3,2,1,26.65
20,Male,63.2,1.79,161,140,64,0.53,424.0,Strength,21.4,2.8,3,1,19.72
51,Female,71.0,1.62,185,155,60,1.56,1000.0,Yoga,31.2,2.0,5,3,27.05
47,Male,115.2,1.8,192,131,66,0.78,585.0,Strength,24.4,1.6,2,1,35.56
32,Male,63.4,1.62,187,128,67,0.8,439.0,Cardio,25.8,3.7,2,1,24.16
35,Female,63.8,1.73,177,125,56,1.68,1182.0,Strength,19.0,2.6,5,3,21.32
24,Female,40.8,1.65,180,137,70,1.03,730.0,Yoga,31.2,2.4,3,1,14.99
39,Female,64.6,1.74,160,124,52,1.69,972.0,Strength,18.8,3.0,5,2,21.34
26,Male,105.4,1.95,165,135,55,1.13,900.0,HIIT,21.6,3.3,4,1,27.72
29,Female,52.5,1.66,197,134,68,1.13,862.0,HIIT,27.6,3.0,4,2,19.05
31,Female,52.3,1.63,173,169,72,1.21,1146.0,Yoga,24.4,1.9,2,2,19.68
19,Male,81.4,1.77,192,146,70,1.9,1517.0,HIIT,13.5,3.1,5,3,25.98
32,Male,70.9,1.62,181,123,59,0.78,499.0,Cardio,27.8,3.3,3,1,27.02
56,Female,59.2,1.58,199,162,64,1.54,1055.0,HIIT,29.6,1.5,4,1,23.71
18,Male,71.9,1.62,199,144,70,0.99,673.0,HIIT,21.6,3.0,2,1,27.4
43,Male,62.8,1.57,189,132,50,0.84,691.0,Cardio,28.3,2.9,4,1,25.48
51,Female,64.9,1.58,160,154,71,0.55,424.0,Cardio,31.9,1.5,2,1,26.0
41,Male,50.3,1.85,160,166,71,0.86,925.0,Strength,21.0,2.1,4,1,14.7
18,Female,69.3,1.78,172,127,63,0.72,462.0,HIIT,26.0,2.0,2,1,21.87
40,Male,54.3,1.75,164,121,69,1.0,665.0,Strength,18.7,2.1,2,1,17.73
54,Female,59.3,1.67,160,149,60,1.72,1305.0,Cardio,15.1,1.8,3,3,21.26
20,Female,57.5,1.64,170,155,74,1.89,1381.0,Yoga,14.2,2.5,4,2,21.38
43,Male,78.6,1.79,183,150,62,1.71,1244.0,Yoga,10.0,3.7,4,3,24.53
46,Male,116.6,1.97,160,130,61,1.31,810.0,HIIT,30.7,2.9,2,2,30.04
42,Female,52.4,1.67,179,149,66,0.74,547.0,Cardio,27.1,1.6,4,1,18.79
57,Female,77.6,1.61,193,151,74,1.1,807.0,Yoga,33.6,1.7,4,1,29.94
34,Male,70.1,1.66,167,136,67,1.45,936.0,Cardio,21.2,2.2,5,1,25.44
43,Male,88.8,1.88,186,161,73,1.8,1783.0,Strength,10.1,3.1,4,3,25.12
55,Male,51.0,1.79,178,169,52,1.15,931.0,HIIT,29.6,3.0,3,1,15.92
22,Female,67.5,1.58,168,127,61,1.43,906.0,Cardio,24.5,1.9,4,1,27.04
35,Male,84.4,1.63,174,126,65,1.74,1038.0,Cardio,12.0,3.7,5,3,31.77
39,Male,101.3,1.69,190,148,68,1.44,1039.0,Strength,24.1,3.0,3,1,35.47
27,Female,75.8,1.7,187,151,54,1.64,996.0,HIIT,33.0,1.5,3,3,26.23
35,Male,86.4,1.59,172,151,62,2.0,1603.0,HIIT,15.5,3.7,4,3,34.18
56,Female,64.8,1.55,169,123,55,1.55,970.0,Yoga,16.4,2.4,5,3,26.97
22,Male,107.2,1.86,195,130,51,0.92,723.0,Yoga,26.9,3.5,3,1,30.99
31,Male,63.6,1.67,188,132,65,0.5,378.0,Cardio,27.3,3.5,2,2,22.8
36,Male,101.9,1.87,182,152,64,0.86,835.0,Cardio,21.9,1.8,3,1,29.14
49,Male,96.1,1.86,195,143,66,0.82,584.0,HIIT,21.3,3.2,3,1,27.78
22,Female,72.2,1.73,199,161,52,1.53,1118.0,Yoga,30.5,1.8,3,1,24.12
39,Male,81.5,1.6,165,133,50,1.01,685.0,Strength,24.2,3.7,3,1,31.84
39,Female,57.6,1.8,198,155,61,1.73,1426.0,Yoga,13.8,2.8,4,3,17.78
33,Male,77.0,1.64,171,122,62,1.3,926.0,HIIT,24.4,2.4,4,2,28.63
24,Female,69.1,1.66,187,155,62,1.31,1188.0,HIIT,35.0,1.6,2,2,25.08
54,Female,74.3,1.6,184,146,71,0.75,485.0,HIIT,35.0,1.6,2,2,29.02
56,Female,57.7,1.71,168,148,54,1.37,856.0,Strength,33.9,1.5,3,2,19.73
28,Male,79.9,1.67,164,163,50,1.71,1653.0,Strength,11.4,3.2,4,3,28.65
57,Male,108.5,1.93,195,161,53,1.38,1232.0,Yoga,23.6,2.0,4,2,29.13
59,Female,42.6,1.64,172,133,62,1.42,790.0,Strength,34.2,1.9,2,1,15.84
58,Female,74.4,1.63,183,169,50,1.23,1033.0,HIIT,25.7,2.4,2,2,28.0
27,Female,56.1,1.76,181,152,65,1.51,1147.0,Yoga,17.5,2.4,4,2,18.11
56,Female,68.7,1.63,165,143,65,1.6,986.0,HIIT,28.4,2.2,4,2,25.86
51,Male,77.1,1.58,176,144,50,1.59,900.0,Cardio,25.7,3.7,2,2,30.88
35,Female,45.7,1.78,180,120,68,1.55,913.0,Strength,35.0,2.2,3,1,14.42
46,Male,82.7,1.81,188,130,66,1.52,935.0,Strength,25.4,3.7,3,1,25.24
42,Female,56.5,1.59,187,145,67,0.96,540.0,Cardio,30.4,1.5,4,1,22.35
44,Male,114.0,1.59,160,156,74,1.5,1170.0,HIIT,21.0,3.6,4,2,45.09
51,Male,86.9,1.54,169,138,73,1.65,900.0,Cardio,11.5,3.7,4,2,36.64
48,Female,40.0,1.79,168,134,61,0.75,500.0,Strength,26.6,1.9,4,1,12.48
36,Male,95.2,2.0,185,152,74,1.36,1163.0,Yoga,18.1,2.6,3,1,23.8
45,Female,62.2,1.75,174,155,52,1.46,1045.0,Strength,15.4,2.4,3,3,20.31
33,Male,99.0,1.58,165,166,57,1.1,1033.0,Cardio,26.2,3.5,2,2,39.66
25,Female,47.1,1.68,193,164,62,1.17,926.0,HIIT,34.2,1.6,4,3,16.69
18,Female,71.7,1.78,198,152,58,1.61,1054.0,Yoga,30.9,1.5,3,1,22.63
32,Male,90.4,1.86,175,140,60,1.55,1221.0,Cardio,10.5,3.7,5,3,26.13
27,Male,85.1,1.93,164,149,71,1.75,1383.0,Yoga,11.2,3.6,4,3,22.85
28,Female,58.6,1.78,195,133,72,1.01,686.0,Yoga,22.3,1.8,4,2,18.5
28,Female,75.2,1.73,172,150,60,1.12,1068.0,Cardio,34.4,2.2,2,2,25.13
21,Female,45.0,1.54,160,131,64,0.6,303.0,HIIT,24.6,1.7,2,1,18.97
56,Female,77.3,1.78,162,128,56,1.43,861.0,Strength,35.0,2.0,4,1,24.4
35,Male,71.2,1.94,176,153,69,1.18,1054.0,Cardio,29.1,3.7,4,1,18.92
59,Female,64.1,1.7,175,127,55,0.79,303.0,Cardio,25.9,1.6,2,1,22.18
56,Female,49.3,1.63,167,155,70,0.96,693.0,HIIT,31.5,2.5,4,2,18.56
34,Male,72.7,1.84,192,131,61,1.19,874.0,Yoga,27.1,3.3,3,2,21.47
52,Female,50.4,1.77,166,155,72,1.26,863.0,HIIT,28.0,1.5,4,1,16.09
33,Female,75.1,1.73,198,151,69,1.3,971.0,Strength,27.1,1.7,5,3,25.09
45,Female,60.1,1.68,178,152,74,1.23,893.0,HIIT,28.1,2.0,3,3,21.29
57,Male,71.1,1.71,194,140,56,0.68,361.0,Yoga,25.9,2.5,2,1,24.32
36,Female,40.0,1.83,190,167,59,0.68,511.0,Cardio,26.2,2.8,3,2,11.94
41,Female,77.4,1.84,176,132,58,1.55,763.0,Yoga,32.9,1.7,4,1,22.86
49,Female,40.0,1.78,172,127,65,0.84,467.0,Strength,27.0,1.8,4,1,12.62
41,Male,93.6,1.74,188,152,66,1.38,1046.0,HIIT,27.5,3.4,3,2,30.92
50,Male,48.3,1.7,170,120,70,1.55,742.0,Yoga,22.1,2.4,5,2,16.71
58,Female,67.7,1.5,182,144,74,1.36,1018.0,Cardio,17.9,2.2,5,2,30.09
41,Female,40.0,1.7,194,162,56,0.62,521.0,Cardio,25.3,2.9,2,1,13.84
49,Male,83.8,1.98,189,162,63,1.9,1442.0,HIIT,11.8,3.7,4,3,21.38
59,Female,49.1,1.68,189,131,71,1.54,789.0,Strength,32.6,2.3,4,2,17.4
51,Male,76.0,1.7,192,125,51,1.48,1016.0,Yoga,20.2,2.7,2,3,26.3
29,Female,76.5,1.56,182,148,55,0.94,716.0,Cardio,26.2,2.9,4,2,31.43
29,Male,81.4,1.67,189,125,74,1.73,1137.0,HIIT,10.5,3.3,3,3,29.19
51,Female,66.5,1.69,184,140,50,1.42,735.0,HIIT,27.5,2.5,2,1,23.28
41,Male,97.1,2.0,178,136,72,1.2,847.0,HIIT,26.5,3.7,4,2,24.28
36,Male,50.2,1.81,198,140,50,1.18,780.0,Yoga,20.7,2.7,4,2,15.32
54,Female,78.4,1.62,199,146,74,1.08,718.0,Yoga,31.6,2.6,5,1,29.87
54,Female,63.9,1.63,181,143,71,1.18,792.0,Strength,28.7,2.3,4,2,24.05
25,Male,73.3,1.9,160,143,52,1.28,1153.0,Yoga,20.1,2.8,5,2,20.3
26,Female,47.5,1.7,183,141,55,0.96,605.0,Cardio,24.4,2.5,2,2,16.44
40,Male,40.9,1.77,199,169,64,1.12,864.0,Strength,18.5,2.8,3,1,13.05
48,Female,64.1,1.65,169,146,74,1.18,993.0,HIIT,27.1,1.7,2,2,23.54
46,Female,72.1,1.75,179,152,50,1.25,893.0,Yoga,28.5,2.1,5,2,23.54
18,Male,123.1,1.66,169,154,58,1.43,1235.0,Yoga,20.4,2.8,4,1,44.67
43,Female,53.7,1.76,189,146,74,1.31,797.0,Cardio,31.2,1.8,3,2,17.34
38,Male,110.7,1.85,167,130,63,1.36,871.0,HIIT,24.2,3.6,3,2,32.34
38,Female,61.7,1.73,171,166,64,1.53,1138.0,Yoga,27.2,2.1,3,3,20.62
57,Male,88.9,1.89,195,135,74,1.27,886.0,Yoga,26.5,2.6,3,3,24.89
28,Female,52.8,1.54,178,120,68,1.35,868.0,Strength,26.2,1.5,2,1,22.26
24,Male,75.0,1.74,196,156,52,0.91,823.0,HIIT,29.8,2.3,4,1,24.77
42,Male,64.4,1.97,177,146,51,1.32,1059.0,Cardio,23.4,2.9,3,2,16.59
54,Female,78.3,1.65,169,157,60,1.3,1054.0,Strength,29.3,1.5,3,2,28.76
55,Male,75.1,1.9,177,142,73,0.68,557.0,Yoga,23.2,3.7,3,2,20.8
55,Female,77.2,1.61,197,162,71,1.01,781.0,Cardio,25.9,1.8,2,1,29.78
27,Male,55.0,1.78,178,152,59,1.26,934.0,Strength,26.2,3.3,3,2,17.36
35,Female,79.0,1.65,195,135,50,1.59,928.0,Cardio,25.0,2.3,4,1,29.02
21,Male,66.8,1.75,168,147,51,1.13,936.0,Yoga,22.4,3.6,3,1,21.81
18,Female,76.6,1.81,177,125,64,0.53,462.0,HIIT,27.8,1.7,3,2,23.38
46,Male,80.4,1.69,196,162,73,1.73,1414.0,HIIT,10.0,3.7,5,3,28.15
24,Male,82.3,1.78,170,166,72,0.88,723.0,Yoga,28.9,2.9,3,1,25.98
26,Female,61.8,1.91,165,169,59,2.0,1628.0,Cardio,16.2,3.0,3,3,16.94
23,Female,52.3,1.64,189,149,62,1.33,891.0,Yoga,30.8,2.6,3,2,19.45
37,Female,55.2,1.56,190,135,59,1.84,1269.0,Strength,17.8,2.3,5,2,22.68
38,Male,124.3,1.9,189,127,54,1.53,1040.0,Cardio,24.3,3.0,2,2,34.43
33,Female,75.1,1.6,195,133,51,0.5,379.0,HIIT,27.6,2.2,2,1,29.34
45,Female,49.2,1.64,166,152,66,0.77,453.0,Cardio,31.5,2.3,2,1,18.29
58,Female,43.2,1.52,181,158,57,1.05,792.0,HIIT,34.5,1.8,3,2,18.7
21,Male,91.7,1.76,189,164,50,1.42,1285.0,Yoga,23.7,2.6,3,1,29.6
51,Male,62.6,1.58,188,120,74,1.49,714.0,HIIT,28.0,1.8,5,1,25.08
53,Male,88.3,1.72,182,155,63,1.67,1469.0,Yoga,13.1,3.6,4,3,29.85
55,Male,69.1,1.71,187,166,66,0.5,458.0,Yoga,22.7,3.0,3,2,23.63
54,Female,57.1,1.92,178,124,70,1.14,582.0,Yoga,33.6,2.0,5,2,15.49
57,Male,119.3,1.78,164,162,67,0.85,684.0,Strength,26.9,3.0,2,1,37.65
44,Female,60.5,1.74,160,156,51,1.45,1035.0,HIIT,11.0,2.6,5,3,19.98
28,Female,59.8,1.75,193,136,74,0.82,388.0,HIIT,30.9,1.6,4,2,19.53
43,Female,56.1,1.73,188,144,59,1.84,1366.0,Yoga,22.5,2.5,5,2,18.74
49,Female,40.7,1.57,192,163,67,1.54,1039.0,HIIT,27.7,2.1,2,2,16.51
27,Male,104.2,1.84,167,131,63,0.93,850.0,Cardio,28.5,2.2,2,1,30.78
31,Female,55.5,1.5,165,158,66,1.22,831.0,Strength,28.7,1.7,3,1,24.67
53,Female,69.6,1.68,184,136,51,1.15,794.0,HIIT,30.5,1.5,2,1,24.66
50,Male,86.9,1.93,166,167,50,1.62,1363.0,Strength,13.0,3.5,5,2,23.33
57,Female,68.4,1.68,194,125,58,1.42,639.0,HIIT,32.2,2.3,2,1,24.23
28,Female,62.8,1.85,168,155,64,0.52,488.0,Cardio,23.2,2.7,3,1,18.35
59,Female,57.9,1.61,168,151,74,1.45,1196.0,HIIT,15.6,3.0,5,2,22.34
21,Female,42.6,1.61,197,165,68,1.16,675.0,HIIT,34.2,2.5,5,2,16.43
35,Male,84.7,1.88,190,140,67,1.53,1158.0,Yoga,10.0,3.6,5,3,23.96
59,Female,57.8,1.55,171,163,53,2.0,1368.0,Strength,23.9,3.0,5,2,24.06
20,Male,86.9,1.67,168,163,70,1.6,1646.0,Strength,10.0,3.7,4,3,31.16
24,Male,97.4,1.75,165,149,64,1.04,1026.0,Strength,23.7,2.6,3,1,31.8
38,Female,61.0,1.74,160,134,50,1.58,1007.0,Strength,17.4,3.3,4,3,20.15
59,Male,54.1,1.91,188,164,57,1.07,938.0,Strength,23.3,2.8,4,1,14.83
34,Female,53.6,1.59,183,126,50,1.0,620.0,Cardio,30.6,2.5,3,1,21.2
18,Male,82.8,1.93,166,136,55,1.76,1393.0,Cardio,11.5,3.7,5,3,22.23
57,Male,114.4,1.64,190,164,63,1.31,1017.0,Cardio,20.8,2.6,2,1,42.53
52,Male,86.8,1.83,171,161,60,1.05,820.0,Yoga,28.7,3.0,4,3,25.92
49,Male,63.9,1.65,199,156,55,1.23,945.0,HIIT,21.3,2.9,2,3,23.47
50,Male,105.8,1.63,183,137,57,1.34,939.0,HIIT,27.0,2.9,3,2,39.82
59,Male,87.0,1.69,178,157,67,1.73,1289.0,Yoga,10.0,3.7,5,2,30.46
29,Male,76.2,1.68,190,152,55,1.0,867.0,HIIT,27.2,2.2,4,1,27.0
31,Female,61.5,1.67,198,145,55,0.6,451.0,Strength,30.4,2.1,2,1,22.05
51,Female,53.5,1.75,177,154,54,1.4,875.0,Strength,31.7,1.6,4,1,17.47
52,Male,87.5,1.94,165,140,62,1.76,1053.0,Cardio,13.5,3.7,5,3,23.25
52,Female,68.1,1.51,165,126,68,1.09,755.0,HIIT,26.4,2.5,5,2,29.87
41,Male,76.0,1.54,166,138,55,1.13,660.0,Strength,22.7,3.5,5,1,32.05
59,Male,93.8,1.63,182,148,56,1.39,955.0,Strength,30.4,3.3,2,1,35.3
22,Female,77.4,1.59,182,120,56,0.5,303.0,Yoga,29.4,1.9,3,2,30.62
38,Male,97.3,1.92,194,133,74,1.03,667.0,Strength,28.1,2.1,3,2,26.39
42,Female,63.5,1.76,175,121,60,1.81,1169.0,Strength,23.0,2.7,3,2,20.5
46,Male,89.8,1.75,171,120,68,1.26,839.0,HIIT,25.7,3.1,5,2,29.32
56,Male,117.0,1.78,196,146,50,0.5,549.0,Cardio,26.1,2.3,2,1,36.93
24,Female,64.2,1.59,191,144,53,0.62,472.0,Strength,29.8,1.9,2,2,25.39
18,Male,97.0,1.85,193,134,74,0.5,452.0,Cardio,19.7,1.9,3,1,28.34
53,Female,52.3,1.57,178,143,62,1.46,899.0,Cardio,25.8,2.3,3,1,21.22
25,Male,123.1,1.76,196,168,63,0.77,716.0,Yoga,27.3,3.7,3,1,39.74
44,Female,66.6,1.65,160,157,61,1.28,1069.0,Cardio,32.0,1.5,3,2,24.46
51,Male,87.5,1.64,185,127,60,2.0,1175.0,HIIT,13.0,3.7,4,3,32.53
32,Male,64.2,1.73,198,137,72,1.01,809.0,HIIT,28.5,2.9,5,1,21.45
48,Female,65.8,1.64,170,140,73,1.77,980.0,Cardio,18.9,2.9,4,2,24.46
22,Female,76.7,1.83,174,128,72,0.84,598.0,Yoga,31.1,1.9,2,1,22.9
44,Female,68.9,1.56,181,149,63,1.19,1128.0,Yoga,32.0,2.3,5,1,28.31
22,Female,80.1,1.6,181,154,61,1.02,927.0,Strength,28.7,1.5,3,1,31.29
59,Female,70.2,1.71,197,127,69,1.25,532.0,Cardio,34.8,1.5,3,3,24.01
43,Male,78.5,1.95,168,161,62,1.07,1107.0,Cardio,27.6,1.7,2,1,20.64
24,Male,75.7,1.71,169,137,62,0.77,478.0,Cardio,23.0,2.0,2,1,25.89
40,Male,101.1,1.7,191,131,55,1.13,905.0,Yoga,20.5,3.2,5,3,34.98
43,Male,94.2,1.75,195,151,51,1.1,906.0,Strength,20.9,2.4,5,3,30.76
26,Female,78.2,1.79,164,134,64,1.46,971.0,Cardio,28.3,2.6,3,3,24.41
45,Male,85.3,1.96,178,154,71,1.99,1491.0,Cardio,14.6,3.3,5,3,22.2
53,Female,41.6,1.69,195,133,74,1.18,686.0,HIIT,30.5,2.1,4,1,14.57
18,Female,82.0,1.77,199,130,50,1.48,898.0,HIIT,27.4,2.1,3,3,26.17
47,Male,48.0,1.78,199,150,62,1.39,1240.0,Yoga,20.3,3.0,2,2,15.15
45,Female,67.0,1.57,160,154,72,0.73,482.0,Cardio,33.5,1.5,2,1,27.18
41,Male,50.3,1.91,183,164,58,1.21,1153.0,Cardio,25.6,3.7,5,3,13.79
42,Male,95.1,2.0,183,162,59,1.33,1243.0,Cardio,25.6,1.8,4,2,23.78
33,Male,112.7,1.83,182,139,58,1.35,1032.0,Cardio,25.1,3.7,2,2,33.65
31,Male,68.6,1.84,177,162,64,1.23,1183.0,Yoga,30.5,2.9,2,1,20.26
18,Male,57.4,1.88,179,136,71,0.54,476.0,Cardio,21.9,2.9,2,1,16.24
27,Female,62.9,1.69,169,135,70,1.73,1303.0,Strength,19.2,2.7,3,2,22.02
38,Female,46.1,1.68,193,162,53,1.53,1211.0,Cardio,31.9,1.5,4,1,16.33
53,Female,56.9,1.56,177,154,60,1.34,983.0,Cardio,32.3,2.4,4,1,23.38
46,Male,93.1,1.81,187,163,61,1.2,1031.0,Yoga,25.1,3.7,2,1,28.42
50,Male,129.6,1.77,199,156,74,0.77,507.0,Strength,26.2,3.3,3,1,41.37
37,Male,84.5,1.98,185,141,53,1.75,1163.0,Strength,10.0,3.2,5,3,21.55
39,Female,50.4,1.5,179,164,64,1.51,1139.0,Strength,29.0,2.1,5,3,22.4
37,Male,58.8,1.96,188,123,64,1.02,837.0,Strength,22.0,3.6,4,3,15.31
23,Male,69.8,1.63,185,161,56,1.38,1323.0,Strength,24.6,3.2,2,1,26.27
30,Female,43.5,1.74,186,123,68,1.45,819.0,Strength,35.0,2.1,3,1,14.37
22,Female,40.0,1.79,164,139,60,0.83,723.0,Yoga,23.3,2.3,3,1,12.48
49,Female,71.3,1.57,178,144,57,1.49,857.0,Yoga,26.4,1.5,2,1,28.93
27,Female,78.6,1.57,176,133,56,1.67,1068.0,HIIT,25.8,1.5,3,1,31.89
48,Male,114.0,1.95,183,167,60,0.95,881.0,Yoga,28.5,2.1,2,2,29.98
29,Male,84.6,1.98,161,124,55,1.39,1043.0,Strength,26.1,3.7,2,1,21.58
23,Female,48.7,1.65,179,138,55,0.93,719.0,Cardio,27.5,2.6,3,1,17.89
45,Female,72.5,1.62,171,145,69,1.15,695.0,Yoga,23.9,2.3,4,3,27.63
55,Male,78.8,1.67,197,135,56,1.24,977.0,Yoga,24.3,2.9,3,2,28.25
42,Male,70.3,1.86,199,143,52,0.5,483.0,Cardio,26.5,2.4,2,2,20.32
26,Male,99.4,1.94,197,138,74,0.63,401.0,Cardio,22.6,2.0,2,2,26.41
58,Male,124.7,1.89,175,152,50,0.51,493.0,Yoga,24.6,2.8,4,1,34.91
30,Male,116.4,1.56,161,126,57,0.94,742.0,HIIT,26.6,2.5,3,3,47.83
46,Male,55.2,1.74,199,153,68,1.53,1184.0,Yoga,24.8,3.3,2,2,18.23
46,Female,61.4,1.57,171,143,67,1.05,676.0,Strength,33.4,2.1,5,2,24.91
25,Female,61.9,1.8,185,126,73,0.61,434.0,HIIT,30.1,2.2,2,1,19.1
55,Male,85.5,1.71,176,154,58,1.78,1245.0,Yoga,13.0,3.6,4,3,29.24
42,Male,121.6,1.57,160,169,61,1.61,1278.0,Yoga,20.8,2.6,3,2,49.33
35,Male,90.5,1.92,192,137,69,1.63,1219.0,Yoga,13.7,3.0,5,3,24.55
43,Female,46.9,1.73,166,153,56,1.2,911.0,Cardio,25.1,1.9,3,1,15.67
44,Male,77.7,1.78,168,133,64,0.9,596.0,Cardio,28.3,3.3,4,1,24.52
50,Female,58.6,1.74,193,147,57,1.43,934.0,Strength,16.0,3.3,4,3,19.36
58,Female,47.0,1.72,177,159,74,1.44,1023.0,Cardio,23.7,1.7,3,1,15.89
46,Female,54.8,1.67,177,141,74,1.53,757.0,Cardio,28.0,1.7,4,2,19.65
21,Female,55.0,1.67,170,142,65,1.09,784.0,Yoga,28.3,2.9,3,2,19.72
30,Female,78.1,1.67,199,134,74,0.96,805.0,Strength,24.6,1.7,2,1,28.0
59,Female,55.0,1.7,189,151,58,1.01,726.0,Yoga,31.1,2.6,3,3,19.03
57,Male,81.8,1.59,168,169,66,1.31,1373.0,HIIT,14.3,3.5,4,2,32.36
23,Female,59.9,1.78,193,135,74,0.77,399.0,HIIT,31.9,1.6,2,1,18.91
23,Female,45.1,1.64,163,169,55,1.11,946.0,HIIT,31.3,1.5,3,1,16.77
42,Male,83.2,1.6,161,136,51,1.09,851.0,Cardio,32.9,2.0,4,2,32.5
49,Female,55.7,1.55,198,163,64,1.55,1137.0,HIIT,29.8,1.8,3,1,23.18
26,Female,79.3,1.71,170,136,63,1.4,887.0,Cardio,28.0,2.4,5,2,27.12
54,Male,81.4,1.52,178,126,69,0.83,519.0,Strength,23.7,2.6,3,2,35.23
52,Female,72.3,1.7,199,129,68,0.98,814.0,Strength,27.7,2.4,4,1,25.02
39,Female,41.2,1.64,160,142,63,1.29,922.0,Cardio,32.3,2.0,3,1,15.32
54,Male,52.9,1.76,199,158,74,1.22,1060.0,Strength,30.2,3.6,2,1,17.08
52,Female,45.9,1.59,185,160,66,1.78,1038.0,HIIT,25.1,3.0,2,1,18.16
33,Female,72.8,1.78,189,137,68,1.22,790.0,Cardio,24.0,2.5,2,2,22.98
43,Male,90.9,1.6,185,127,59,1.87,1153.0,HIIT,15.4,3.3,5,3,35.51
24,Male,76.7,1.6,162,133,50,1.29,949.0,Cardio,19.7,3.0,3,1,29.96
27,Female,69.9,1.68,171,162,62,1.16,968.0,Cardio,30.0,1.5,5,1,24.77
45,Female,56.4,1.8,192,127,72,1.42,872.0,Yoga,31.0,2.5,3,3,17.41
25,Female,57.1,1.81,179,139,55,1.76,1197.0,Yoga,14.9,2.8,5,3,17.43
18,Female,74.5,1.59,199,128,53,0.83,610.0,Strength,27.9,1.6,3,1,29.47
30,Male,52.5,1.86,188,141,50,1.25,1137.0,Cardio,22.5,2.3,3,2,15.18
53,Male,46.2,1.79,199,152,70,1.23,1186.0,Strength,26.2,3.7,3,1,14.42
18,Female,61.5,1.61,190,167,50,1.53,1361.0,Cardio,23.4,2.9,4,3,23.73
51,Male,73.8,1.93,199,134,68,1.14,767.0,Yoga,26.2,2.7,4,3,19.81
46,Male,105.5,1.68,194,142,61,0.83,572.0,Strength,31.4,1.9,2,2,37.38
43,Male,107.4,1.63,188,168,59,1.52,1171.0,Strength,20.9,3.1,3,1,40.42
57,Female,69.1,1.68,197,161,63,1.1,756.0,Cardio,34.3,2.8,3,2,24.48
35,Female,65.7,1.79,166,163,65,0.62,523.0,Cardio,25.2,3.1,2,2,20.5
50,Male,77.5,1.69,197,125,69,1.46,910.0,Yoga,30.2,3.0,3,1,27.13
23,Female,59.0,1.64,197,121,53,1.73,1170.0,HIIT,15.0,2.4,3,3,21.94
42,Female,55.1,1.72,185,145,56,1.82,1370.0,Yoga,21.4,2.2,5,3,18.62
59,Female,60.3,1.5,160,169,63,0.59,393.0,Cardio,24.7,2.7,4,2,26.8
33,Male,87.9,1.74,170,141,74,0.78,650.0,Yoga,21.8,3.3,2,1,29.03
20,Male,72.8,1.54,175,169,71,1.23,1137.0,Strength,25.5,2.6,2,2,30.7
54,Female,79.0,1.66,191,162,68,0.91,793.0,Cardio,28.2,1.5,3,1,28.67
42,Male,64.7,1.68,189,143,70,0.89,546.0,Yoga,29.4,3.7,3,2,22.92
57,Female,78.6,1.61,191,149,55,0.88,592.0,Strength,30.3,1.8,3,2,30.32
56,Male,81.1,1.82,186,149,53,1.17,871.0,Cardio,25.3,3.2,2,2,24.48
29,Female,40.0,1.65,194,163,64,1.1,920.0,HIIT,33.0,1.5,4,3,14.69
56,Male,114.0,1.77,160,168,63,0.81,640.0,Strength,25.7,2.3,2,1,36.39
26,Female,58.5,1.54,186,161,51,1.39,1264.0,Cardio,20.4,2.9,4,3,24.67
21,Male,52.6,1.7,182,137,74,1.04,740.0,Strength,22.9,2.8,4,1,18.2
34,Female,60.0,1.53,178,131,53,1.64,1200.0,HIIT,17.9,1.8,4,2,25.63
18,Male,87.5,1.92,177,133,54,1.74,1287.0,Cardio,10.0,3.7,4,3,23.74
31,Female,68.9,1.57,182,120,56,1.34,717.0,Strength,28.9,1.5,3,1,27.95
27,Female,73.0,1.51,183,146,58,1.18,817.0,Cardio,33.1,2.4,2,1,32.02
18,Female,56.0,1.76,178,131,52,1.57,1032.0,HIIT,31.8,3.0,2,2,18.08
32,Male,99.5,1.68,163,161,61,0.95,930.0,Cardio,28.3,3.3,3,2,35.25
18,Female,77.7,1.6,178,169,63,1.06,907.0,Strength,32.4,3.0,3,2,30.35
36,Female,53.0,1.59,183,147,57,1.25,841.0,Yoga,29.3,2.5,3,3,20.96
44,Female,72.4,1.67,179,149,61,0.95,805.0,Yoga,28.6,2.4,4,2,25.96
51,Male,60.1,1.76,198,139,70,1.05,715.0,Cardio,25.1,3.1,4,3,19.4
33,Female,61.0,1.64,160,158,70,1.1,845.0,Strength,29.8,1.5,4,3,22.68
31,Male,43.0,1.95,192,140,51,1.56,1126.0,Cardio,19.4,2.2,3,1,11.31
34,Male,69.0,1.96,199,129,64,0.53,504.0,Yoga,23.1,2.4,3,2,17.96
35,Male,128.1,1.82,175,157,73,1.09,1260.0,Strength,27.7,2.6,4,3,38.67
21,Male,84.8,1.99,174,124,68,1.76,1348.0,Cardio,10.0,3.2,4,2,21.41
18,Female,64.3,1.57,165,138,54,1.92,1371.0,Yoga,17.9,2.9,5,2,26.09
32,Male,79.7,1.64,179,156,51,1.0,911.0,Yoga,22.7,3.0,5,2,29.63
18,Female,69.4,1.54,189,124,53,0.98,626.0,Yoga,28.2,2.6,4,1,29.26
33,Male,128.7,1.62,160,134,68,1.37,1159.0,HIIT,30.7,2.3,4,3,49.04
59,Female,42.4,1.63,183,158,58,1.08,650.0,HIIT,35.0,2.2,2,1,15.96
44,Female,70.4,1.61,175,161,70,0.95,649.0,Yoga,32.6,1.5,2,1,27.16
34,Female,69.6,1.61,179,137,72,0.87,684.0,Yoga,31.3,1.5,3,2,26.85
54,Male,92.2,1.66,183,154,53,0.98,1161.0,Strength,29.7,2.3,3,2,33.46
45,Female,75.1,1.6,173,143,66,1.16,707.0,Yoga,28.6,1.6,4,2,29.34
19,Female,43.1,1.79,173,147,57,0.81,684.0,Yoga,25.7,2.1,4,2,13.45
49,Female,45.7,1.52,191,169,74,1.55,1148.0,HIIT,27.0,2.9,3,1,19.78
18,Male,111.6,1.95,167,150,51,1.03,942.0,Cardio,29.1,3.4,3,2,29.35
44,Female,67.9,1.76,182,152,61,1.48,964.0,HIIT,33.0,1.5,3,1,21.92
46,Female,48.6,1.63,175,141,51,1.25,798.0,Strength,35.0,2.6,3,2,18.29
42,Male,93.2,1.81,183,144,74,0.93,680.0,Yoga,25.6,3.0,2,1,28.45
30,Female,56.2,1.69,180,150,56,1.22,770.0,Cardio,32.4,3.1,4,3,19.68
43,Male,80.0,1.95,192,133,71,1.45,952.0,Yoga,21.7,3.0,4,1,21.04
26,Male,86.9,2.0,175,125,68,1.8,1341.0,Cardio,10.0,3.5,4,2,21.72
22,Female,50.4,1.54,176,146,53,1.32,942.0,Yoga,35.0,1.8,3,2,21.25
23,Male,67.4,1.91,164,139,55,1.11,1009.0,Yoga,19.5,2.8,3,2,18.48
31,Male,106.2,1.89,186,124,53,1.58,948.0,Cardio,22.4,3.7,2,1,29.73
54,Male,85.0,2.0,195,136,68,1.06,868.0,Yoga,31.0,3.5,3,1,21.25
57,Male,79.2,1.72,193,128,55,1.3,947.0,Yoga,21.3,2.5,3,3,26.77
21,Male,98.4,1.71,199,165,73,0.89,782.0,Cardio,21.0,2.5,2,1,33.65
47,Male,56.3,1.68,160,148,58,1.2,816.0,Strength,21.3,2.4,4,3,19.95
41,Male,48.0,1.81,165,146,66,1.01,828.0,Yoga,27.6,2.4,3,2,14.65
23,Female,69.0,1.73,199,164,72,1.39,1014.0,HIIT,33.9,2.4,4,3,23.05
27,Female,71.5,1.65,178,123,66,0.77,461.0,HIIT,29.9,1.6,3,2,26.26
36,Female,55.6,1.54,190,130,62,1.17,727.0,Cardio,31.9,2.4,4,1,23.44
25,Female,62.4,1.66,182,120,74,0.56,303.0,Cardio,31.9,2.0,2,1,22.64
47,Male,58.6,1.84,160,121,67,1.01,739.0,Strength,22.0,2.0,4,1,17.31
24,Male,73.6,1.67,175,123,68,0.89,693.0,Yoga,27.8,2.4,2,1,26.39
37,Female,40.0,1.71,191,159,59,0.81,495.0,Cardio,29.2,3.2,2,1,13.68
35,Female,55.3,1.53,192,131,74,0.99,661.0,Cardio,30.8,2.2,2,1,23.62
56,Male,116.7,1.69,192,144,50,0.5,416.0,Cardio,28.9,2.3,2,1,40.86
43,Female,47.1,1.62,184,127,73,1.13,719.0,Cardio,35.0,2.2,2,1,17.95
28,Female,50.8,1.5,178,120,74,1.54,982.0,Strength,25.4,2.4,2,1,22.58
21,Male,125.9,1.67,196,161,62,1.28,1299.0,HIIT,29.4,3.1,4,2,45.14
21,Female,54.4,1.54,181,133,74,1.48,954.0,Cardio,32.4,1.8,3,2,22.94
48,Male,120.4,1.96,184,168,58,0.99,1033.0,Yoga,24.0,2.4,4,3,31.34
22,Female,45.5,1.55,173,133,65,1.54,953.0,Strength,31.3,2.1,2,3,18.94
48,Male,86.1,1.83,177,153,57,1.86,1367.0,Yoga,13.8,2.9,4,3,25.71
23,Female,63.5,1.71,164,142,55,0.88,572.0,Cardio,31.5,2.3,3,1,21.72
24,Female,58.7,1.5,197,126,56,1.9,1161.0,Strength,17.8,3.3,5,3,26.09
56,Female,55.1,1.61,167,145,51,1.1,659.0,Strength,26.9,1.6,3,2,21.26
46,Male,59.6,1.99,177,134,72,1.55,860.0,Yoga,21.8,3.4,2,1,15.05
50,Female,56.9,1.63,199,158,61,1.37,1081.0,HIIT,29.1,1.7,3,2,21.42
38,Male,122.3,1.77,165,153,54,1.58,1358.0,HIIT,25.8,2.2,2,2,39.04
18,Female,67.0,1.51,173,147,50,2.0,1454.0,Yoga,19.7,2.4,5,2,29.38
39,Male,79.7,1.92,177,152,50,1.34,819.0,Cardio,27.2,3.0,2,1,21.62
53,Female,75.8,1.76,166,143,68,1.27,684.0,Cardio,30.1,1.5,3,2,24.47
34,Male,95.1,1.96,195,129,67,1.41,969.0,HIIT,22.0,3.1,4,1,24.76
30,Female,40.0,1.63,180,141,70,1.09,828.0,Yoga,29.3,1.7,4,2,15.06
43,Male,58.9,1.84,175,159,71,1.15,794.0,Yoga,23.1,2.0,3,2,17.4
51,Male,59.1,1.96,189,162,67,1.13,674.0,HIIT,23.0,2.7,2,1,15.38
33,Male,89.1,1.91,192,148,64,1.86,1538.0,Cardio,10.0,3.3,5,3,24.42
53,Male,50.7,1.83,174,130,67,1.04,674.0,Yoga,23.7,3.1,4,1,15.14
26,Female,41.2,1.73,171,145,57,0.84,561.0,Yoga,25.1,2.4,3,1,13.77
20,Male,67.7,1.81,180,151,54,1.01,939.0,Yoga,25.3,3.3,3,1,20.66
48,Female,56.9,1.73,179,122,74,0.95,544.0,Yoga,30.6,1.9,5,2,19.01
25,Female,71.9,1.66,199,150,72,1.02,888.0,Cardio,35.0,1.9,3,1,26.09
44,Male,101.4,1.78,165,165,68,0.66,570.0,Yoga,28.4,2.9,2,1,32.0
39,Female,74.8,1.66,165,146,56,1.44,920.0,HIIT,31.6,2.6,2,2,27.14
54,Male,73.0,1.8,178,169,54,1.3,994.0,Strength,21.4,1.8,3,1,22.53
38,Male,74.4,1.61,192,138,67,0.55,397.0,Strength,24.8,2.9,2,1,28.7
55,Female,58.4,1.74,199,120,50,1.76,945.0,Cardio,18.7,2.8,4,2,19.29
47,Male,125.3,1.72,199,161,60,0.57,677.0,Cardio,28.7,3.7,2,2,42.35
25,Male,107.4,1.81,178,154,64,1.32,1130.0,Cardio,26.4,3.3,5,3,32.78
37,Female,55.4,1.68,184,146,55,2.0,1444.0,Yoga,18.3,2.7,5,3,19.63
18,Female,66.9,1.61,193,131,66,0.88,650.0,Cardio,27.8,1.8,3,3,25.81
22,Female,76.9,1.8,198,141,63,1.29,897.0,Strength,31.7,2.3,3,3,23.73
37,Female,57.4,1.78,185,127,61,0.55,575.0,Cardio,35.0,1.7,2,1,18.12
21,Female,64.9,1.64,187,157,74,1.18,856.0,Cardio,32.0,1.6,4,1,24.13
51,Female,76.6,1.55,186,158,50,1.56,1048.0,Yoga,33.1,3.1,3,1,31.88
32,Female,62.1,1.57,172,137,67,1.56,1313.0,Cardio,19.6,2.8,3,3,25.19
57,Male,52.6,1.86,183,141,61,0.72,424.0,Strength,29.3,2.9,2,2,15.2
59,Male,98.0,1.74,199,150,51,1.13,944.0,Cardio,18.6,2.6,2,2,32.37
35,Female,62.0,1.76,194,150,68,1.8,1363.0,Yoga,18.3,2.3,3,2,20.02
32,Female,69.3,1.72,185,151,50,0.84,604.0,Cardio,26.9,2.9,2,2,23.42
25,Female,51.2,1.68,176,126,69,1.0,802.0,HIIT,35.0,1.9,3,2,18.14
54,Male,93.7,1.73,199,147,55,1.06,627.0,HIIT,28.1,2.0,3,1,31.31
43,Male,46.3,1.74,184,164,58,1.36,1106.0,Cardio,28.9,3.7,3,3,15.29
52,Female,58.1,1.62,185,125,66,1.91,957.0,Strength,16.5,2.8,3,2,22.14
29,Female,58.4,1.5,160,130,51,1.73,1030.0,Yoga,12.5,2.9,4,3,25.96
54,Male,117.3,1.58,183,135,55,1.3,927.0,Yoga,23.2,2.4,3,3,46.99
50,Male,113.0,1.87,188,161,50,1.64,1039.0,Yoga,31.3,1.6,5,1,32.31
46,Male,80.5,1.55,163,152,54,1.27,745.0,Strength,26.5,3.0,2,2,33.51
44,Female,53.8,1.5,165,138,68,1.06,732.0,Strength,34.4,1.6,5,3,23.91
38,Female,52.9,1.51,193,126,56,1.07,757.0,Cardio,28.4,2.4,4,1,23.2
31,Female,65.6,1.65,167,163,70,1.58,1452.0,HIIT,16.6,3.1,4,2,24.1
45,Female,75.0,1.61,169,145,62,1.21,670.0,Strength,35.0,2.9,3,1,28.93
42,Female,46.0,1.69,164,151,56,1.31,949.0,Cardio,34.1,2.2,4,1,16.11
52,Female,50.0,1.73,170,142,55,1.33,737.0,Strength,29.6,2.4,2,1,16.71
46,Female,43.4,1.6,199,167,73,1.63,1115.0,HIIT,30.2,2.9,3,1,16.95
41,Female,63.7,1.59,194,130,57,0.57,407.0,Cardio,34.6,2.0,2,1,25.2
28,Female,62.9,1.82,174,163,63,1.96,1643.0,Cardio,14.9,2.6,5,3,18.99
48,Male,105.1,1.62,189,145,63,1.39,967.0,HIIT,28.2,3.0,3,1,40.05
44,Female,74.8,1.64,173,157,56,1.33,952.0,Strength,28.2,2.5,2,2,27.81
45,Male,59.7,2.0,172,130,58,1.45,884.0,Yoga,29.9,3.3,4,3,14.92
57,Female,69.5,1.51,163,131,63,1.4,893.0,HIIT,27.3,2.2,3,2,30.48
37,Male,61.2,1.8,193,169,65,1.55,1165.0,Strength,27.4,1.8,3,1,18.89
43,Male,49.2,1.83,179,169,56,1.38,1198.0,Yoga,20.9,2.5,4,1,14.69
28,Male,107.0,1.78,178,140,55,1.52,958.0,HIIT,25.0,3.2,4,1,33.77
53,Male,84.1,1.74,170,133,68,1.59,1135.0,Cardio,13.7,3.3,5,3,27.78
53,Female,57.1,1.82,188,143,56,1.59,985.0,Strength,15.3,3.0,4,3,17.24
46,Female,64.1,1.76,181,156,60,1.3,1089.0,HIIT,35.0,1.5,5,1,20.69
30,Female,72.2,1.72,193,145,66,1.39,913.0,Strength,28.6,2.2,4,3,24.41
18,Female,72.0,1.73,193,160,55,1.44,1189.0,Yoga,32.9,2.1,2,1,24.06
30,Male,88.1,1.66,188,130,74,1.87,1214.0,Strength,12.4,2.8,4,3,31.97
22,Male,83.6,1.85,167,165,74,0.76,685.0,Yoga,29.5,2.7,3,2,24.43
44,Male,124.8,1.73,199,153,73,0.73,635.0,Strength,23.6,3.0,3,1,41.7
38,Male,85.2,1.7,179,159,67,1.74,1639.0,HIIT,11.6,3.0,5,3,29.48
20,Female,50.3,1.57,170,169,60,1.29,984.0,HIIT,31.1,2.9,3,2,20.41
28,Male,81.3,1.68,171,120,62,1.54,1045.0,HIIT,24.6,2.8,4,1,28.81
44,Male,56.0,1.69,199,145,61,1.23,872.0,HIIT,23.6,3.2,3,1,19.61
34,Female,58.5,1.57,165,149,66,1.24,885.0,Strength,28.7,1.5,2,2,23.73
59,Male,73.5,1.76,187,132,57,1.07,781.0,HIIT,25.6,2.6,3,1,23.73
46,Male,96.9,1.89,191,130,69,1.13,547.0,Strength,27.3,2.0,2,1,27.13
46,Female,59.5,1.5,171,138,60,1.77,1025.0,Yoga,21.5,2.6,5,2,26.44
18,Female,65.9,1.56,193,150,50,1.15,834.0,Cardio,31.8,2.0,3,3,27.08
20,Female,83.5,1.67,191,156,60,1.5,1262.0,HIIT,33.5,1.5,4,3,29.94
56,Female,54.8,1.56,179,152,59,1.19,904.0,Cardio,35.0,3.3,4,1,22.52
57,Female,58.1,1.57,183,155,60,1.23,886.0,Cardio,34.1,2.2,5,3,23.57
33,Male,97.6,1.86,178,137,52,0.72,433.0,Yoga,25.0,2.7,2,1,28.21
42,Male,96.9,1.83,170,126,67,1.35,654.0,HIIT,29.0,2.9,3,3,28.93
57,Male,93.5,1.76,162,149,68,1.43,1140.0,Cardio,24.5,3.1,4,1,30.18
32,Male,78.1,1.6,197,129,65,1.37,901.0,Yoga,27.1,2.8,2,1,30.51
50,Male,129.8,1.54,197,169,65,0.99,954.0,Yoga,18.6,2.7,5,1,54.73
35,Male,116.6,1.96,175,121,62,1.21,1052.0,Strength,31.1,3.7,2,2,30.35
20,Male,81.1,1.95,181,156,70,1.78,1656.0,HIIT,13.5,3.3,4,3,21.33
46,Male,56.9,1.96,177,162,71,0.93,801.0,HIIT,22.4,2.7,3,1,14.81
47,Male,49.6,1.74,195,157,68,1.31,1024.0,Yoga,19.8,3.7,2,1,16.38
44,Female,71.6,1.68,161,153,57,1.55,904.0,HIIT,31.2,2.5,2,1,25.37
52,Female,50.4,1.5,176,147,55,1.2,814.0,HIIT,31.5,2.5,3,2,22.4
51,Female,54.8,1.82,191,126,74,1.46,812.0,Yoga,30.6,2.0,3,3,16.54
52,Female,55.4,1.81,197,144,59,1.76,1077.0,Strength,16.3,3.0,5,3,16.91
25,Female,52.3,1.66,167,139,66,1.37,1158.0,HIIT,17.1,2.8,4,3,18.98
29,Female,70.1,1.6,187,124,65,1.17,695.0,Cardio,28.0,2.3,5,3,27.38
19,Female,44.2,1.67,193,147,74,0.85,729.0,HIIT,26.9,2.7,2,1,15.85
27,Male,124.5,1.99,181,160,59,1.39,1026.0,Cardio,28.3,3.2,4,3,31.44
18,Male,63.3,1.66,165,120,74,0.57,515.0,Cardio,26.7,2.4,2,2,22.97
23,Male,99.9,1.93,177,147,59,1.59,1072.0,Cardio,31.2,2.4,2,3,26.82
56,Female,41.9,1.76,196,161,74,1.31,916.0,Cardio,27.7,2.3,4,1,13.53
38,Male,101.1,1.65,163,158,74,1.44,1164.0,HIIT,20.9,3.4,3,3,37.13
34,Female,45.3,1.7,199,148,60,1.1,616.0,HIIT,34.0,3.2,2,1,15.67
26,Female,72.3,1.72,177,168,66,1.16,898.0,Cardio,30.4,1.7,5,1,24.44
38,Male,79.3,1.94,199,144,52,0.52,465.0,Cardio,25.1,3.1,3,1,21.07
49,Female,66.7,1.53,192,135,56,1.06,823.0,Cardio,26.3,2.6,4,1,28.49
32,Male,88.3,1.7,186,128,62,1.88,1159.0,Yoga,15.3,3.1,5,3,30.55
40,Male,94.2,1.82,195,156,50,0.99,698.0,HIIT,26.6,3.1,2,1,28.44
53,Female,58.7,1.7,169,157,73,1.6,1084.0,HIIT,14.6,2.4,5,2,20.31
29,Female,62.7,1.52,175,135,73,1.94,1163.0,Cardio,18.3,2.9,3,3,27.14
57,Male,126.3,1.71,166,147,72,1.23,873.0,Strength,28.2,2.8,3,2,43.19
44,Male,88.3,1.57,171,148,63,0.95,635.0,Strength,29.1,3.3,2,1,35.82
46,Male,95.6,1.57,179,134,51,1.24,579.0,Strength,20.2,3.7,5,2,38.78
35,Male,60.3,1.9,169,148,63,1.26,1252.0,Strength,25.1,1.9,5,1,16.7
59,Male,70.9,1.7,191,131,57,1.17,804.0,HIIT,22.9,2.8,2,1,24.53
54,Female,71.7,1.58,160,147,58,0.69,508.0,Strength,31.5,2.5,2,1,28.72
53,Female,77.5,1.68,193,169,53,1.22,1010.0,HIIT,24.2,2.6,2,2,27.46
42,Male,80.2,1.74,164,128,54,0.58,635.0,Yoga,28.6,2.9,2,2,26.49
57,Female,51.6,1.62,191,151,67,1.45,1090.0,HIIT,29.9,2.8,2,1,19.66
46,Male,62.2,1.89,174,126,58,1.27,710.0,Strength,22.8,3.3,4,2,17.41
58,Male,66.7,1.83,182,164,61,1.36,967.0,Strength,20.7,1.5,3,3,19.92
43,Female,49.0,1.7,174,157,64,1.25,881.0,Strength,30.1,2.7,3,1,16.96
34,Male,75.9,1.98,182,140,70,1.22,964.0,Strength,31.1,2.1,3,1,19.36
47,Male,89.8,1.85,199,164,65,1.7,1330.0,HIIT,10.0,3.5,4,3,26.24
35,Female,53.1,1.72,173,128,65,1.38,863.0,Strength,27.2,2.1,3,2,17.95
27,Female,62.5,1.6,188,144,50,1.33,983.0,Yoga,26.8,2.5,4,1,24.41
40,Male,51.5,1.77,170,126,74,1.23,1043.0,Yoga,29.6,2.7,2,1,16.44
24,Female,71.7,1.71,199,156,69,1.36,1032.0,HIIT,34.7,1.9,3,2,24.52
24,Female,61.7,1.55,168,169,57,1.82,1469.0,Yoga,14.8,2.4,5,2,25.68
32,Female,59.3,1.85,165,138,67,1.29,920.0,Yoga,27.3,1.7,3,2,17.33
40,Male,103.2,1.89,190,129,50,0.75,669.0,Yoga,21.2,2.0,3,1,28.89
34,Female,51.1,1.7,188,139,56,0.87,770.0,HIIT,32.2,3.1,4,3,17.68
54,Male,107.0,1.85,176,128,59,0.77,384.0,Cardio,23.7,2.3,2,1,31.26
18,Male,79.5,1.8,194,146,62,1.77,1368.0,HIIT,13.9,3.7,4,3,24.54
23,Female,74.4,1.75,199,159,70,1.2,1017.0,HIIT,35.0,2.2,2,3,24.29
50,Female,67.2,1.64,176,142,63,1.25,675.0,Strength,27.1,2.7,2,1,24.99
23,Female,72.5,1.75,175,120,65,0.79,621.0,Strength,33.7,2.5,3,1,23.67
30,Female,55.2,1.74,166,128,67,1.27,798.0,Strength,28.1,2.4,5,2,18.23
32,Male,119.2,1.97,176,164,59,1.4,1158.0,Cardio,27.3,3.2,4,3,30.71
50,Male,74.6,1.96,166,120,56,1.52,929.0,Yoga,26.3,3.4,4,1,19.42
22,Male,94.6,1.71,192,164,50,1.46,1345.0,Yoga,21.4,2.4,2,1,32.35
34,Male,125.6,1.61,186,124,71,1.01,714.0,Strength,22.6,2.8,4,3,48.45
43,Male,73.4,1.8,179,137,50,1.42,994.0,Strength,24.2,3.7,2,2,22.65
27,Male,43.8,1.66,188,153,52,0.5,522.0,Strength,19.1,3.0,2,1,15.89
50,Male,73.9,1.76,167,141,50,0.99,925.0,Strength,30.8,3.6,4,1,23.86
30,Female,69.6,1.52,171,133,63,1.3,911.0,HIIT,28.4,1.9,2,1,30.12
51,Male,83.5,1.76,173,152,68,0.69,575.0,HIIT,29.1,3.3,3,1,26.96
39,Female,75.3,1.69,177,142,64,1.1,693.0,Yoga,29.5,2.0,4,1,26.36
26,Male,119.4,1.89,194,167,57,0.54,702.0,Yoga,22.8,3.5,3,2,33.43
42,Male,88.3,1.76,177,133,52,1.88,1070.0,HIIT,14.8,3.6,5,3,28.51
54,Male,104.6,1.87,171,133,60,0.76,350.0,Cardio,20.3,2.6,3,1,29.91
43,Male,45.8,1.79,180,166,61,1.3,1113.0,Cardio,28.6,3.3,2,1,14.29
55,Female,62.3,1.64,187,121,66,1.72,828.0,Strength,14.1,2.3,3,3,23.16
43,Female,64.4,1.6,171,155,50,1.74,1265.0,HIIT,19.2,2.7,5,2,25.16
28,Female,48.4,1.58,168,138,50,1.38,937.0,Yoga,27.0,2.4,2,2,19.39
41,Male,80.7,1.83,198,125,54,1.36,1083.0,Strength,26.2,2.8,3,3,24.1
54,Female,58.8,1.56,184,151,58,1.42,954.0,Cardio,34.9,2.6,5,1,24.16
41,Female,53.8,1.65,176,134,53,1.5,879.0,Strength,31.8,2.7,2,2,19.76
51,Male,84.7,1.93,187,126,64,1.76,1107.0,HIIT,14.4,3.4,5,2,22.74
44,Female,68.4,1.61,170,121,53,0.99,527.0,HIIT,26.0,2.7,5,3,26.39
46,Male,68.4,1.91,164,137,71,0.96,728.0,Strength,27.5,2.1,3,2,18.75
22,Male,54.9,1.65,178,169,67,1.13,1006.0,Yoga,22.9,3.6,3,2,20.17
28,Female,52.4,1.5,198,134,59,1.51,943.0,Cardio,27.8,1.8,2,2,23.29
56,Female,62.0,1.66,195,141,64,2.0,1245.0,Cardio,20.9,2.4,5,2,22.5
32,Male,88.9,1.55,177,143,63,2.0,1548.0,HIIT,12.4,2.8,5,3,37.0
49,Female,65.4,1.52,184,169,70,1.28,1079.0,Strength,35.0,2.2,2,3,28.31
27,Female,75.9,1.67,180,126,72,1.32,866.0,Yoga,27.7,2.3,3,2,27.22
49,Male,62.7,1.85,186,135,58,1.13,757.0,Strength,20.5,3.0,5,3,18.32
51,Male,106.4,1.81,183,155,62,0.5,492.0,Strength,27.2,3.6,4,1,32.48
23,Female,57.8,1.5,186,163,66,1.11,775.0,Cardio,32.5,2.7,3,1,25.69
59,Male,124.0,1.85,177,156,64,1.44,981.0,HIIT,21.2,2.7,3,2,36.23
56,Male,88.5,1.62,174,155,69,1.83,1332.0,Yoga,10.6,3.0,4,2,33.72
26,Male,88.6,1.62,178,120,53,1.49,1087.0,Strength,11.7,3.7,5,3,33.76
28,Female,62.5,1.65,181,129,51,1.52,1074.0,Cardio,17.4,2.8,3,3,22.96
26,Female,56.5,1.77,168,142,74,1.24,1039.0,Cardio,29.9,2.0,3,2,18.03
27,Male,92.1,1.84,166,139,65,1.18,953.0,HIIT,25.6,3.5,4,1,27.2
48,Male,53.6,1.86,178,164,61,1.55,1073.0,Cardio,27.2,3.3,5,1,15.49
30,Male,50.9,1.54,180,134,55,1.47,894.0,Strength,31.5,2.9,2,1,21.46
38,Male,71.8,1.73,163,121,62,0.96,836.0,Strength,26.1,1.5,3,1,23.99
46,Female,65.1,1.73,173,165,73,0.92,742.0,Yoga,31.3,2.6,3,1,21.75
42,Female,66.2,1.55,177,138,66,1.44,804.0,Yoga,27.7,2.9,4,3,27.55
51,Female,67.8,1.66,166,146,71,0.71,504.0,Cardio,31.7,1.9,3,2,24.6
36,Female,64.0,1.8,190,127,64,0.8,474.0,Cardio,32.6,2.8,3,2,19.75
18,Male,124.1,1.8,188,142,59,1.14,944.0,Cardio,23.5,2.9,2,3,38.3
32,Male,69.5,1.73,163,121,63,1.22,856.0,Strength,26.6,2.8,4,1,23.22
29,Male,116.2,1.95,192,141,72,1.4,1013.0,Cardio,25.5,2.3,3,2,30.56
36,Male,82.3,1.76,171,169,58,1.28,1259.0,Cardio,31.3,2.0,5,3,26.57
31,Male,103.6,1.96,183,160,68,0.66,665.0,Cardio,23.9,2.3,3,1,26.97
58,Male,121.1,1.88,199,126,70,1.23,840.0,Strength,28.0,2.8,3,2,34.26
24,Female,63.8,1.73,160,147,59,0.91,599.0,Cardio,26.2,3.0,4,2,21.32
23,Female,58.4,1.6,186,151,51,1.63,930.0,Yoga,25.2,2.4,3,3,22.81
36,Female,55.8,1.57,182,137,59,1.75,1199.0,Strength,22.1,2.6,5,3,22.64
48,Male,40.3,1.78,194,127,74,1.02,631.0,Cardio,30.1,3.3,2,1,12.72
55,Male,84.7,1.72,185,132,50,1.62,1171.0,Yoga,16.3,3.7,5,3,28.63
49,Female,45.0,1.63,182,144,74,1.09,728.0,Yoga,33.0,3.0,4,3,16.94
32,Female,63.2,1.77,189,159,67,0.5,303.0,Cardio,32.4,1.5,3,1,20.17
36,Male,62.9,1.79,197,146,72,0.82,666.0,HIIT,28.1,2.5,4,2,19.63
43,Male,126.2,1.62,195,160,59,0.84,594.0,Cardio,26.8,3.4,3,2,48.09
27,Male,122.3,1.8,176,121,55,1.06,773.0,Cardio,21.3,2.2,2,2,37.75
40,Male,90.3,1.91,175,140,73,1.12,864.0,HIIT,27.0,3.7,4,2,24.75
20,Female,73.5,1.79,199,131,63,1.23,703.0,Strength,33.9,2.0,4,2,22.94
45,Female,65.0,1.75,195,145,53,1.18,739.0,Strength,29.6,2.1,4,3,21.22
37,Female,67.5,1.56,177,164,72,0.86,694.0,Yoga,31.8,1.9,4,2,27.74
29,Female,57.0,1.57,184,164,50,1.66,1281.0,Cardio,18.1,2.8,5,2,23.12
39,Female,58.4,1.67,182,153,50,1.12,1016.0,Yoga,26.5,1.5,3,3,20.94
25,Female,67.0,1.69,196,169,64,0.83,671.0,Cardio,31.8,1.5,2,2,23.46
56,Male,88.9,1.68,197,126,63,1.33,1008.0,Strength,26.8,3.7,3,2,31.5
52,Male,114.5,1.65,195,142,50,0.5,363.0,Cardio,25.5,2.9,3,2,42.06
21,Female,52.3,1.54,193,134,63,1.25,884.0,Strength,29.3,2.0,3,3,22.05
28,Female,58.1,1.78,190,133,54,1.57,1043.0,HIIT,14.5,2.7,3,3,18.34
55,Male,47.2,1.61,190,129,53,1.37,825.0,Cardio,28.6,2.6,3,1,18.21
50,Female,70.0,1.64,188,131,55,1.16,750.0,HIIT,32.2,2.1,3,1,26.03
28,Male,50.6,2.0,167,132,51,0.62,489.0,HIIT,26.9,2.0,2,2,12.65
44,Female,69.3,1.53,198,131,60,0.5,303.0,Cardio,35.0,2.8,2,2,29.6
18,Female,71.2,1.8,173,145,64,1.2,777.0,Cardio,29.4,1.9,4,2,21.98
54,Female,83.3,1.64,182,144,50,1.05,741.0,Strength,30.1,1.6,5,3,30.97
46,Male,78.6,1.78,199,169,66,1.69,1257.0,Cardio,13.9,3.4,4,3,24.81
54,Male,49.1,1.8,170,166,50,1.14,873.0,HIIT,29.0,3.3,2,1,15.15
27,Male,64.5,1.86,176,130,72,1.18,743.0,HIIT,27.4,3.5,2,1,18.64
28,Female,63.0,1.56,199,138,62,1.24,817.0,Yoga,25.7,2.5,3,3,25.89
24,Male,120.6,1.81,175,121,55,1.08,743.0,Cardio,21.8,2.2,4,3,36.81
23,Male,106.8,1.72,199,132,63,1.15,1013.0,Strength,21.9,2.3,2,1,36.1
52,Female,47.7,1.52,167,160,69,1.43,956.0,Strength,30.0,2.4,3,3,20.65
56,Male,79.5,1.91,177,149,71,0.81,589.0,Yoga,20.1,3.3,2,1,21.79
54,Female,55.7,1.59,199,138,60,1.85,1146.0,Yoga,20.3,2.8,5,3,22.03
37,Male,78.7,1.73,165,157,54,1.6,1406.0,Cardio,10.1,3.7,5,3,26.3
18,Male,129.3,1.92,186,167,68,1.28,1148.0,Strength,23.1,3.1,5,3,35.07
41,Female,65.1,1.72,188,145,56,1.28,821.0,HIIT,28.4,1.8,5,1,22.01
27,Male,84.7,1.86,178,125,71,1.42,1063.0,Yoga,11.3,3.2,5,3,24.48
57,Female,66.0,1.76,180,137,60,1.13,671.0,HIIT,26.2,2.5,3,3,21.31
22,Female,70.8,1.5,194,132,73,1.13,919.0,Cardio,34.1,2.5,2,1,31.47
26,Male,86.6,1.95,160,156,67,1.53,1341.0,Yoga,12.6,3.0,5,2,22.77
36,Female,65.0,1.6,164,154,60,1.28,1061.0,Cardio,32.7,1.5,2,1,25.39
54,Male,60.2,2.0,174,124,66,1.24,551.0,Strength,23.5,2.6,3,1,15.05
48,Male,67.1,1.67,179,126,72,1.3,723.0,HIIT,25.4,2.7,5,2,24.06
30,Male,83.8,2.0,163,148,54,1.5,1375.0,Strength,14.1,3.1,5,3,20.95
20,Female,75.3,1.78,179,125,67,1.1,530.0,Yoga,31.5,1.5,2,1,23.77
42,Male,85.1,1.67,181,134,74,2.0,1316.0,HIIT,11.3,3.7,4,2,30.51
49,Female,64.6,1.8,190,125,73,1.59,840.0,Yoga,28.2,2.1,3,2,19.94
22,Male,76.4,1.96,176,126,63,0.65,494.0,Strength,20.4,2.3,3,1,19.89
39,Male,105.8,1.62,160,168,72,1.46,1072.0,HIIT,19.8,3.7,4,3,40.31
53,Male,129.9,1.68,191,149,64,0.63,619.0,Yoga,19.8,3.4,4,1,46.02
42,Male,107.4,1.6,160,167,71,1.18,1194.0,HIIT,18.2,3.1,4,2,41.95
55,Female,78.1,1.57,199,155,72,1.38,729.0,HIIT,25.2,2.7,4,1,31.68
52,Female,67.5,1.64,163,123,52,1.36,857.0,Yoga,28.0,2.9,5,3,25.1
52,Male,87.5,1.84,178,121,50,1.08,733.0,Cardio,22.3,2.2,4,3,25.84
47,Female,57.6,1.79,160,127,56,1.37,884.0,HIIT,17.2,2.6,3,3,17.98
44,Female,59.1,1.55,191,144,64,0.71,590.0,Cardio,29.3,1.6,2,2,24.6
48,Male,63.5,1.61,162,155,53,1.5,943.0,Strength,20.4,2.3,4,1,24.5
53,Female,67.8,1.6,196,126,61,1.23,667.0,HIIT,30.3,2.0,5,3,26.48
24,Female,73.9,1.5,178,169,72,1.52,1272.0,Strength,28.7,2.1,2,3,32.84
57,Male,50.2,1.67,176,169,50,0.69,613.0,Yoga,22.8,3.4,3,1,18.0
38,Male,82.0,1.84,189,145,67,1.45,1153.0,Yoga,15.3,3.5,5,3,24.22
18,Male,129.2,1.94,180,164,68,1.34,1102.0,Strength,20.6,2.7,3,1,34.33
24,Female,71.0,1.78,161,168,71,1.25,1147.0,Strength,20.9,1.7,2,1,22.41
45,Male,122.0,1.72,186,152,51,0.64,505.0,HIIT,20.5,3.5,2,2,41.24
47,Male,56.5,1.72,197,166,74,0.85,723.0,Cardio,23.8,2.7,2,1,19.1
38,Male,73.8,1.84,199,143,50,0.5,473.0,Cardio,20.4,2.1,3,1,21.8
19,Male,82.0,1.79,195,143,65,1.87,1357.0,HIIT,12.3,3.0,4,2,25.59
54,Male,86.4,1.78,182,158,61,1.6,1317.0,Yoga,10.0,3.6,4,3,27.27
23,Male,121.9,1.8,196,164,53,1.25,1201.0,Yoga,29.5,3.4,4,3,37.62
19,Female,56.4,1.6,188,146,61,1.73,1506.0,HIIT,21.6,2.6,5,3,22.03
52,Female,41.8,1.69,182,150,74,0.88,686.0,Yoga,31.4,2.4,3,3,14.64
26,Female,52.5,1.56,170,124,72,1.39,851.0,Strength,30.0,2.3,2,2,21.57
37,Male,50.2,1.74,196,143,50,1.22,814.0,Yoga,25.2,2.1,2,2,16.58
18,Female,65.4,1.5,175,135,58,1.92,1330.0,Yoga,22.0,2.8,4,3,29.07
32,Male,106.5,1.78,183,120,69,1.41,891.0,HIIT,27.6,2.7,3,2,33.61
28,Female,47.2,1.65,190,147,66,1.45,1096.0,Yoga,30.6,2.0,5,1,17.34
23,Male,68.1,1.69,179,128,70,0.92,754.0,Yoga,25.5,1.8,2,1,23.84
22,Female,64.5,1.62,192,130,70,0.5,407.0,Cardio,30.2,1.5,3,1,24.58
28,Female,40.0,1.68,173,169,56,1.11,797.0,HIIT,27.5,2.3,2,2,14.17
32,Male,67.9,1.76,179,169,70,1.11,1166.0,Yoga,28.3,3.3,2,1,21.92
18,Female,69.3,1.57,191,126,50,1.02,727.0,Yoga,27.0,2.5,4,2,28.11
52,Female,70.0,1.55,160,145,56,0.72,311.0,Strength,32.3,2.4,2,1,29.14
50,Male,76.5,1.82,170,142,50,1.44,881.0,Strength,30.6,3.4,3,2,23.1
40,Male,93.5,1.85,169,123,64,1.3,711.0,HIIT,24.9,3.1,3,1,27.32
54,Male,84.2,1.85,162,136,55,1.75,995.0,HIIT,11.0,3.4,5,2,24.6
42,Female,59.7,1.61,171,166,57,1.08,746.0,Yoga,28.4,2.4,3,2,23.03
18,Female,74.1,1.76,183,125,57,0.78,469.0,HIIT,25.2,2.1,2,1,23.92
37,Male,65.0,1.64,181,140,64,0.71,598.0,Yoga,27.8,2.8,2,1,24.17
21,Female,68.0,1.59,190,156,55,1.43,1137.0,Yoga,27.0,2.6,3,3,26.9
59,Female,69.3,1.57,167,120,51,1.13,742.0,HIIT,27.1,2.0,4,2,28.11
30,Male,72.3,1.71,199,150,53,0.98,788.0,HIIT,30.1,1.8,2,2,24.73
59,Male,58.6,1.62,172,164,64,1.25,778.0,HIIT,26.3,3.0,3,1,22.33
30,Male,69.7,1.7,188,145,58,1.01,641.0,HIIT,26.8,2.6,2,1,24.12
44,Male,74.8,1.62,189,132,69,0.68,401.0,Strength,26.7,2.6,3,2,28.5
32,Female,80.4,1.71,187,130,55,1.25,913.0,HIIT,32.5,2.0,3,2,27.5
39,Male,85.6,1.74,186,134,69,1.66,1303.0,Yoga,13.9,3.3,5,3,28.27
48,Female,53.9,1.5,171,130,69,1.08,687.0,HIIT,30.2,1.8,5,1,23.96
46,Female,50.7,1.83,171,156,73,1.11,766.0,Strength,30.1,2.5,5,3,15.14
25,Female,75.0,1.74,186,162,60,1.5,1251.0,HIIT,33.0,1.5,5,2,24.77
24,Male,123.4,1.79,170,157,62,1.28,994.0,Yoga,23.4,3.6,4,3,38.51
54,Male,54.7,1.71,185,169,50,0.75,631.0,Yoga,21.8,3.2,4,1,18.71
44,Female,69.5,1.53,160,155,72,0.63,329.0,Cardio,30.1,1.5,2,1,29.69
49,Female,69.2,1.75,166,136,52,1.27,756.0,Yoga,31.4,2.2,2,1,22.6
59,Female,66.4,1.57,180,149,74,1.56,1052.0,Cardio,19.0,2.6,5,3,26.94
18,Female,70.9,1.83,183,120,65,0.98,438.0,HIIT,29.4,1.5,4,2,21.17
43,Male,125.0,1.86,181,130,65,1.07,878.0,Strength,23.9,3.4,5,2,36.13
24,Male,109.6,1.84,172,121,71,1.39,933.0,Cardio,28.7,2.9,3,2,32.37
20,Male,95.3,1.85,186,140,50,1.36,928.0,Yoga,24.2,2.2,4,1,27.85
52,Male,88.5,1.69,169,126,74,0.99,503.0,Cardio,24.1,3.0,3,1,30.99
59,Female,61.3,1.74,184,152,55,0.93,669.0,Yoga,33.3,1.9,2,1,20.25
28,Male,77.4,1.79,161,127,70,0.65,544.0,Cardio,25.6,2.8,4,1,24.16
30,Female,68.1,1.65,178,120,61,1.29,630.0,Strength,23.9,1.6,3,1,25.01
20,Male,129.6,1.7,196,147,64,1.14,940.0,Cardio,20.1,3.5,2,2,44.84
51,Female,67.9,1.7,199,129,67,1.24,726.0,Strength,27.9,2.0,4,3,23.49
52,Male,111.3,1.72,188,156,63,0.5,462.0,Strength,27.1,3.4,2,2,37.62
29,Male,102.8,1.82,177,158,56,1.22,1159.0,Cardio,27.8,2.6,3,1,31.03
31,Male,99.7,1.69,188,148,74,1.19,966.0,Strength,27.5,2.2,4,1,34.91
38,Female,64.0,1.73,169,143,63,1.88,1379.0,Strength,19.1,2.7,4,3,21.38
52,Female,58.1,1.75,167,129,55,1.7,928.0,HIIT,13.9,3.2,4,3,18.97
19,Male,67.1,1.77,191,143,52,1.17,1092.0,HIIT,19.7,2.6,3,2,21.42
50,Female,50.2,1.68,191,160,69,1.6,1126.0,HIIT,28.5,2.4,2,1,17.79
44,Male,97.3,1.85,182,156,65,1.31,1054.0,Yoga,26.7,3.3,2,2,28.43
49,Female,49.0,1.62,165,142,54,1.58,861.0,Strength,31.1,2.1,2,2,18.67
43,Male,115.3,1.74,191,125,64,0.84,509.0,Strength,24.9,2.8,2,1,38.08
59,Male,90.4,1.77,190,126,60,1.23,756.0,Strength,34.7,3.1,2,3,28.86
22,Female,74.3,1.66,186,156,66,1.17,893.0,Strength,33.7,1.9,4,2,26.96
20,Female,64.4,1.62,172,136,56,1.96,1446.0,Yoga,18.9,2.5,5,3,24.54
22,Male,112.4,1.72,193,129,55,1.16,807.0,Yoga,25.8,2.5,4,1,37.99
20,Female,59.5,1.82,186,133,58,1.42,976.0,Cardio,26.8,2.2,5,3,17.96
46,Male,52.0,1.84,183,152,54,1.45,1172.0,Cardio,25.6,3.3,3,1,15.36
22,Male,117.5,1.73,189,148,65,0.91,809.0,Cardio,31.6,3.3,2,3,39.26
55,Female,63.2,1.77,189,126,74,1.16,659.0,HIIT,34.1,3.2,3,2,20.17
36,Female,50.3,1.56,175,145,65,1.28,1009.0,HIIT,34.5,2.5,4,1,20.67
23,Male,100.5,1.83,199,125,56,1.66,1043.0,HIIT,27.0,3.2,4,2,30.01
27,Female,61.8,1.75,184,153,64,1.65,1332.0,Yoga,19.4,3.1,5,3,20.18
53,Female,61.6,1.7,181,122,65,1.51,942.0,Strength,16.7,2.6,4,2,21.31
46,Male,96.3,1.83,193,133,60,1.46,713.0,Cardio,26.1,3.4,4,1,28.76
51,Male,86.4,1.88,180,161,74,2.0,1614.0,Yoga,14.2,3.4,5,2,24.45
32,Male,68.1,1.58,199,169,54,0.65,720.0,Yoga,26.4,1.8,3,1,27.28
18,Male,87.4,1.78,197,160,71,1.41,1200.0,Cardio,25.3,3.0,3,1,27.58
42,Female,59.0,1.6,190,126,66,1.45,849.0,Strength,33.8,2.6,5,1,23.05
19,Male,75.0,1.97,166,145,57,1.73,1061.0,Yoga,22.2,3.0,4,2,19.33
28,Female,61.6,1.56,199,142,56,1.73,1279.0,Yoga,21.8,2.6,5,2,25.31
40,Male,56.1,1.79,162,123,69,1.14,583.0,Strength,20.8,1.5,2,1,17.51
32,Male,118.6,1.74,196,169,68,0.6,658.0,Yoga,26.8,3.5,2,1,39.17
32,Male,120.7,1.73,188,132,70,1.28,849.0,Cardio,23.1,2.5,5,3,40.33
43,Female,72.8,1.84,170,128,59,1.42,862.0,Yoga,33.7,2.2,4,1,21.5
49,Female,64.3,1.59,178,146,69,1.31,808.0,Strength,27.7,2.7,2,1,25.43
41,Female,70.3,1.75,187,160,70,1.11,718.0,HIIT,26.3,1.9,2,1,22.96
30,Female,52.7,1.76,190,154,69,2.0,1596.0,Yoga,15.7,3.7,5,3,17.01
42,Male,108.6,1.75,164,120,50,1.0,711.0,Yoga,22.3,3.6,4,2,35.46
45,Male,80.1,1.92,179,153,50,1.34,925.0,Cardio,29.6,3.4,2,2,21.73
53,Female,75.2,1.65,180,154,69,0.79,832.0,Cardio,32.8,1.5,2,1,27.62
37,Male,40.5,1.88,194,147,54,1.34,1159.0,Cardio,18.5,2.4,2,2,11.46
38,Female,54.2,1.66,162,128,52,1.11,681.0,HIIT,29.8,2.7,3,2,19.67
55,Male,46.2,1.69,193,128,68,0.99,583.0,Cardio,26.5,3.6,2,1,16.18
37,Male,101.1,1.88,186,135,50,0.83,728.0,Yoga,23.0,3.0,4,2,28.6
27,Male,73.2,1.99,184,150,74,0.57,636.0,HIIT,25.3,3.4,3,1,18.48
54,Female,60.3,1.7,163,160,74,1.73,1019.0,HIIT,13.5,2.9,5,2,20.87
36,Male,66.5,2.0,162,169,53,1.36,1307.0,Strength,31.5,3.6,2,1,16.62
44,Male,99.4,1.97,194,140,71,0.95,736.0,Strength,28.6,3.2,3,1,25.61
21,Male,115.6,1.94,170,144,54,1.23,810.0,HIIT,19.1,3.2,2,1,30.72
41,Male,90.2,1.85,180,144,74,0.88,626.0,Yoga,26.3,3.3,2,1,26.36
45,Male,91.7,1.95,191,156,62,1.83,1266.0,Yoga,11.8,3.2,4,3,24.12
29,Female,56.9,1.76,195,163,63,2.0,1533.0,Yoga,19.3,2.3,4,2,18.37
32,Female,56.1,1.53,188,132,74,1.04,674.0,Cardio,30.8,2.6,3,2,23.97
52,Male,93.1,1.7,179,154,56,1.55,1104.0,Strength,27.7,2.4,3,1,32.21
52,Male,69.5,1.89,194,122,50,0.76,491.0,Yoga,26.9,2.7,4,2,19.46
50,Male,50.7,1.82,166,132,64,0.95,584.0,HIIT,23.2,2.3,2,2,15.31
42,Male,73.4,1.8,178,128,56,1.22,725.0,Yoga,20.5,2.7,3,1,22.65
59,Female,55.8,1.66,173,156,56,1.16,764.0,Cardio,26.5,2.5,4,1,20.25
18,Male,83.4,1.99,180,147,69,1.84,1538.0,HIIT,14.6,3.7,4,2,21.06
18,Male,112.5,1.95,162,144,56,1.37,1071.0,Strength,26.0,2.9,3,1,29.59
38,Female,59.6,1.79,177,133,59,1.03,716.0,Strength,35.0,2.2,4,1,18.6
47,Male,80.9,1.75,194,134,69,1.34,928.0,Yoga,27.1,3.2,3,2,26.42
59,Male,111.3,1.62,185,165,68,1.26,1039.0,Cardio,20.0,3.3,4,1,42.41
31,Male,74.8,1.6,164,158,67,1.16,1153.0,Strength,17.8,2.1,4,1,29.22
43,Male,90.1,1.8,197,164,67,1.46,1206.0,HIIT,13.3,2.9,5,3,27.81
43,Female,81.6,1.8,199,160,53,1.31,1015.0,HIIT,29.4,1.8,3,1,25.19
33,Female,66.7,1.59,171,147,62,1.67,1288.0,Yoga,18.7,2.7,5,3,26.38
55,Female,52.3,1.53,177,154,69,1.34,869.0,HIIT,28.5,2.7,4,3,22.34
54,Female,65.5,1.73,175,123,61,0.64,387.0,Cardio,27.4,1.5,2,1,21.89
51,Female,58.3,1.79,170,132,60,1.75,925.0,HIIT,16.5,1.9,4,3,18.2
47,Male,93.2,1.93,170,148,59,1.15,718.0,Cardio,25.3,3.6,4,3,25.02
18,Female,76.6,1.69,184,151,60,1.02,874.0,Strength,28.5,1.6,3,2,26.82
57,Male,84.9,1.63,189,156,60,1.21,863.0,Strength,27.4,3.5,5,1,31.95
28,Male,88.8,1.77,161,138,71,1.3,891.0,HIIT,23.6,3.7,4,3,28.34
44,Female,71.0,1.57,173,151,62,0.95,574.0,Strength,33.5,2.4,2,1,28.8
28,Male,90.4,1.86,163,159,62,1.84,1394.0,Strength,11.8,3.5,4,3,26.13
27,Female,80.3,1.68,198,135,72,1.11,804.0,Strength,27.7,1.6,2,1,28.45
30,Female,62.0,1.62,187,120,72,1.58,961.0,Strength,13.7,2.1,5,3,23.62
33,Male,104.5,1.78,189,143,52,1.16,1126.0,HIIT,26.0,2.4,3,1,32.98
18,Male,117.6,1.93,198,125,64,1.0,602.0,Cardio,26.6,3.0,2,2,31.57
22,Male,118.1,1.79,178,125,66,0.94,696.0,Strength,30.6,3.4,5,2,36.86
55,Male,81.0,1.65,182,160,62,0.96,896.0,Strength,23.5,3.7,5,3,29.75
48,Male,90.6,2.0,197,137,57,1.45,823.0,HIIT,28.8,2.0,3,3,22.65
25,Male,83.9,1.69,193,146,51,2.0,1380.0,Yoga,14.7,3.3,4,2,29.38
20,Male,114.1,1.92,163,153,54,1.27,1139.0,Strength,22.1,3.2,2,2,30.95
50,Male,81.4,1.86,177,163,57,1.45,977.0,HIIT,27.4,3.0,3,1,23.53
35,Male,112.3,1.79,182,165,65,1.21,1275.0,Yoga,27.1,2.4,2,1,35.05
40,Male,58.8,1.94,174,163,64,0.91,853.0,Yoga,24.2,3.4,2,2,15.62
24,Female,73.6,1.75,193,133,53,1.5,918.0,HIIT,25.5,1.6,5,3,24.03
35,Female,45.3,1.75,187,142,54,0.92,705.0,HIIT,32.9,2.4,3,3,14.79
41,Male,86.0,1.88,199,136,58,1.97,1498.0,Strength,10.5,3.5,5,3,24.33
53,Female,46.2,1.82,161,163,71,1.63,1036.0,Yoga,27.9,2.0,3,2,13.95
48,Male,50.4,1.85,184,157,74,1.39,1000.0,Strength,22.8,3.1,4,1,14.73
54,Female,69.1,1.71,190,133,60,1.43,727.0,HIIT,31.6,2.5,2,2,23.63
59,Female,63.2,1.5,160,166,59,1.39,1000.0,Yoga,29.2,2.4,4,3,28.09
40,Male,85.7,1.96,174,121,54,1.68,1166.0,HIIT,10.9,3.7,5,3,22.31
40,Female,74.5,1.59,172,127,65,1.01,580.0,Yoga,27.8,2.2,4,2,29.47
53,Male,80.8,1.69,189,127,73,1.6,1034.0,Yoga,31.0,3.3,3,2,28.29
41,Male,111.2,1.72,162,163,73,1.39,1102.0,HIIT,20.4,3.6,5,3,37.59
42,Female,47.2,1.5,173,149,63,0.89,947.0,HIIT,35.0,2.9,2,1,20.98
41,Male,62.3,1.61,190,121,54,1.04,614.0,Cardio,32.2,3.1,4,2,24.03
21,Male,73.3,1.59,165,127,53,1.21,967.0,Cardio,20.3,3.1,5,2,28.99
53,Male,57.7,1.91,189,138,63,1.33,714.0,Cardio,17.9,3.3,3,1,15.82
50,Male,60.0,1.68,166,153,60,1.38,895.0,Strength,19.0,2.0,4,3,21.26
26,Female,57.4,1.78,184,136,55,1.59,1211.0,Yoga,19.7,3.6,4,2,18.12
21,Female,47.0,1.74,163,128,51,1.46,1004.0,Cardio,26.2,2.6,4,2,15.52
36,Male,66.1,1.96,180,156,71,1.23,1345.0,Strength,28.4,2.9,4,2,17.21
45,Male,82.5,1.82,184,140,68,1.5,893.0,Strength,26.0,3.4,3,3,24.91
26,Male,102.7,1.71,160,139,64,1.27,1087.0,Cardio,27.4,3.7,4,2,35.12
54,Male,80.8,1.55,190,128,63,1.81,1138.0,Strength,11.7,3.2,4,3,33.63
56,Male,75.6,1.64,170,144,50,1.08,980.0,Cardio,25.2,3.7,2,1,28.11
53,Female,60.3,1.66,164,155,66,1.75,1225.0,Cardio,16.6,2.5,3,3,21.88
43,Male,70.7,1.83,170,136,61,0.93,805.0,Cardio,30.9,3.2,3,2,21.11
54,Male,67.3,1.78,160,136,60,1.27,591.0,Yoga,28.7,1.9,4,1,21.24
47,Male,86.6,1.97,178,162,67,1.97,1461.0,Cardio,12.7,3.2,5,3,22.31
36,Male,128.0,1.67,181,127,71,1.0,664.0,Strength,22.3,3.4,4,3,45.9
55,Female,74.2,1.72,171,132,67,1.25,893.0,HIIT,28.4,1.7,4,1,25.08
54,Female,57.0,1.74,164,157,71,1.66,1141.0,HIIT,16.9,2.4,5,3,18.83
18,Male,121.1,1.77,192,147,69,1.22,854.0,Cardio,30.7,3.0,2,2,38.65
19,Female,46.0,1.54,189,136,53,0.86,583.0,Strength,24.1,2.2,2,2,19.4
26,Female,63.0,1.7,175,120,50,1.37,769.0,Strength,31.4,2.3,4,1,21.8
57,Female,67.5,1.74,172,134,55,0.67,414.0,Cardio,26.6,1.8,2,1,22.29
57,Female,43.9,1.82,177,154,74,1.35,947.0,Cardio,25.2,1.6,2,2,13.25
30,Male,112.9,1.86,186,134,60,1.57,1111.0,Cardio,18.2,3.7,2,2,32.63
33,Male,124.2,1.81,199,150,63,0.99,830.0,HIIT,25.9,2.4,3,3,37.91
44,Female,60.8,1.75,178,157,57,1.09,960.0,HIIT,33.1,2.4,4,3,19.85
32,Male,76.2,1.91,176,144,74,1.12,921.0,Strength,28.6,3.0,3,3,20.89
45,Female,54.8,1.57,170,169,64,1.6,1049.0,Strength,34.7,1.5,5,2,22.23
55,Male,67.1,1.87,173,169,61,1.26,1050.0,Strength,20.6,2.6,4,2,19.19
49,Female,41.1,1.54,173,124,69,1.15,734.0,HIIT,29.3,1.8,4,1,17.33
39,Male,54.5,1.79,163,126,63,0.99,685.0,Strength,19.4,2.5,4,1,17.01
43,Male,72.3,1.95,168,169,55,0.52,459.0,Yoga,24.2,2.6,2,2,19.01
33,Female,50.1,1.73,198,157,53,1.72,1120.0,Cardio,32.4,2.1,5,2,16.74
42,Female,49.7,1.62,166,160,68,1.3,874.0,Strength,33.7,2.6,5,1,18.94
56,Male,128.8,1.67,185,151,63,0.81,649.0,Yoga,20.2,3.4,3,1,46.18
51,Female,42.7,1.66,183,127,74,1.14,704.0,HIIT,26.3,1.9,4,1,15.5
29,Male,85.7,1.66,168,150,73,1.19,1041.0,Cardio,26.1,2.1,5,1,31.1
21,Male,78.5,1.75,179,156,57,0.83,569.0,Strength,29.6,3.4,3,2,25.63
18,Male,62.7,1.67,161,120,74,0.62,464.0,Cardio,29.0,2.5,3,2,22.48
50,Male,57.7,2.0,184,160,64,0.82,782.0,HIIT,25.3,3.2,4,1,14.42
36,Male,67.1,1.7,175,132,54,0.55,521.0,Cardio,22.4,3.7,2,2,23.22
27,Female,54.6,1.8,188,136,74,0.73,440.0,HIIT,30.2,1.5,2,1,16.85
55,Female,57.3,1.51,187,120,70,1.86,1060.0,Cardio,12.0,2.9,5,3,25.13
59,Female,73.7,1.68,163,130,59,0.81,480.0,Cardio,31.3,2.7,2,1,26.11
53,Female,53.3,1.55,184,149,62,1.37,907.0,HIIT,28.1,2.4,2,3,22.19
52,Female,65.8,1.79,189,155,71,1.29,899.0,Yoga,33.4,2.6,2,1,20.54
58,Female,58.4,1.58,175,120,57,1.6,804.0,Yoga,14.4,2.1,5,2,23.39
55,Female,40.7,1.68,174,127,65,1.23,632.0,Yoga,30.9,2.0,3,2,14.42
38,Male,96.7,1.65,168,143,51,1.23,758.0,Cardio,21.2,3.5,5,2,35.52
42,Male,92.2,1.75,197,146,50,1.19,775.0,HIIT,20.9,3.7,3,1,30.11
54,Male,82.5,1.88,162,137,58,1.5,1073.0,HIIT,12.8,3.5,5,3,23.34
53,Male,113.5,1.96,160,129,61,1.23,813.0,HIIT,27.5,3.0,3,1,29.54
26,Male,80.7,1.6,165,168,67,1.2,1075.0,Strength,20.2,2.5,2,2,31.52
20,Male,61.5,1.81,181,144,53,1.36,941.0,HIIT,23.2,2.8,2,3,18.77
42,Male,80.8,1.75,164,169,53,1.25,1182.0,Cardio,30.5,3.3,5,1,26.38
24,Male,106.3,1.78,171,121,71,1.46,940.0,Cardio,27.1,2.1,4,1,33.55
37,Male,45.9,1.75,189,142,56,1.06,788.0,Yoga,21.5,2.4,3,1,14.99
31,Female,62.8,1.58,177,134,56,1.94,1311.0,HIIT,13.3,2.6,4,2,25.16
42,Female,56.8,1.68,190,151,51,1.07,865.0,Yoga,34.2,3.0,2,2,20.12
42,Male,82.2,1.83,192,148,53,1.3,881.0,Yoga,29.9,3.7,4,3,24.55
38,Male,45.3,1.68,178,155,66,0.56,450.0,Strength,29.4,2.9,2,2,16.05
42,Male,68.6,1.8,193,167,68,1.49,1084.0,HIIT,20.8,3.1,2,3,21.17
22,Male,84.7,1.81,185,144,68,1.58,1419.0,HIIT,17.4,3.6,5,3,25.85
29,Female,53.4,1.7,176,135,68,1.16,751.0,Strength,25.9,2.0,5,3,18.48
46,Male,47.6,1.77,172,169,52,1.6,1240.0,Yoga,20.3,2.3,4,1,15.19
56,Male,121.7,1.9,199,130,65,0.71,405.0,HIIT,23.7,3.4,2,1,33.71
43,Female,57.0,1.86,192,125,71,1.59,772.0,Yoga,34.2,2.8,3,2,16.48
27,Male,56.0,1.64,182,132,50,1.31,1082.0,Strength,25.1,2.7,2,1,20.82
30,Female,72.5,1.66,174,121,57,1.06,706.0,Strength,31.7,1.9,2,2,26.31
52,Male,118.7,1.92,197,132,71,0.5,497.0,HIIT,20.7,3.1,3,1,32.2
27,Male,86.2,1.62,187,156,74,1.85,1745.0,Strength,16.6,3.5,5,3,32.85
37,Male,125.8,1.67,179,134,74,1.2,928.0,Cardio,19.0,2.0,4,3,45.11
42,Female,61.3,1.54,162,124,57,1.01,637.0,HIIT,27.2,2.2,5,2,25.85
49,Male,43.6,1.68,194,128,69,0.95,639.0,Cardio,26.7,3.0,3,1,15.45
47,Female,45.2,1.6,180,126,66,0.5,303.0,Cardio,24.8,2.5,4,1,17.66
46,Male,90.2,1.65,188,127,64,0.87,459.0,Strength,22.5,2.8,3,1,33.13
42,Male,73.8,1.84,193,169,68,1.43,1145.0,HIIT,21.6,3.2,4,1,21.8
57,Female,45.6,1.79,178,165,74,1.49,899.0,Cardio,21.8,1.5,2,1,14.23
44,Female,60.9,1.77,179,148,61,1.79,1070.0,Cardio,18.4,2.8,5,2,19.44
22,Male,119.3,1.8,180,125,52,0.88,615.0,Cardio,20.5,2.2,3,2,36.82
18,Male,86.6,1.83,197,151,59,1.68,1364.0,Strength,13.2,3.3,4,3,25.86
54,Male,95.5,1.62,170,128,50,1.18,648.0,Strength,22.8,3.5,3,1,36.39
52,Female,58.1,1.51,171,146,65,1.53,1138.0,HIIT,16.0,3.2,5,2,25.48
21,Male,107.7,1.98,167,148,51,1.26,1094.0,Strength,21.0,2.8,2,2,27.47
38,Male,51.5,1.82,162,132,62,1.1,791.0,Strength,24.5,2.3,5,2,15.55
35,Female,59.5,1.65,187,126,70,1.2,841.0,HIIT,27.9,2.7,2,2,21.85
23,Male,58.9,1.54,169,169,63,0.99,1039.0,Yoga,21.7,3.5,4,2,24.84
20,Female,47.2,1.73,197,140,65,1.25,872.0,Yoga,30.6,2.0,2,2,15.77
29,Male,73.0,1.91,172,135,52,1.49,1028.0,Cardio,28.7,3.2,4,3,20.01
56,Female,61.7,1.58,170,124,56,1.46,934.0,Strength,17.5,2.7,5,3,24.72
32,Female,69.8,1.54,197,129,58,1.46,941.0,Cardio,35.0,2.2,4,1,29.43
28,Female,56.7,1.7,193,128,69,0.5,373.0,HIIT,27.5,1.9,2,1,19.62
19,Female,47.9,1.52,196,152,50,0.67,665.0,Strength,35.0,1.5,3,2,20.73
18,Male,105.4,1.75,199,134,64,1.42,1087.0,Strength,22.3,2.3,3,2,34.42
58,Female,44.5,1.5,179,163,55,1.44,1122.0,Strength,29.6,2.1,2,1,19.78
27,Male,87.6,1.73,172,147,68,1.14,962.0,Strength,29.3,3.3,4,1,29.27
36,Male,82.6,1.72,165,139,61,0.94,725.0,Yoga,29.3,2.5,2,1,27.92
28,Female,57.6,1.82,164,138,72,1.37,1076.0,Cardio,28.1,1.7,2,1,17.39
21,Male,91.6,1.93,172,125,74,0.87,733.0,HIIT,26.8,1.8,2,1,24.59
43,Female,60.3,1.73,178,169,52,1.04,989.0,HIIT,32.7,2.2,4,1,20.15
34,Female,42.2,1.79,196,158,55,0.5,575.0,Cardio,24.9,3.6,2,1,13.17
59,Male,56.2,1.79,163,133,72,1.66,1000.0,Strength,20.8,3.1,4,1,17.54
29,Female,58.7,1.8,188,131,67,1.19,791.0,Yoga,23.6,1.8,2,2,18.12
40,Female,56.3,1.7,188,142,60,1.82,1415.0,Yoga,19.4,3.2,5,3,19.48
20,Female,44.8,1.55,199,120,57,0.5,303.0,Yoga,25.4,2.7,2,2,18.65
42,Male,82.2,1.89,188,147,50,1.37,838.0,Yoga,31.8,2.7,3,2,23.01
53,Female,62.7,1.63,181,160,59,1.24,777.0,Cardio,33.5,2.9,4,1,23.6
23,Female,56.2,1.62,179,133,50,1.15,731.0,Cardio,31.4,2.3,2,2,21.41
48,Male,93.6,1.73,186,131,63,1.62,907.0,Strength,21.8,2.3,3,1,31.27
33,Male,80.4,1.67,195,127,69,1.37,885.0,Yoga,29.5,3.7,2,1,28.83
55,Female,71.3,1.57,164,162,69,0.5,308.0,Strength,29.0,1.5,3,1,28.93
25,Female,59.8,1.65,199,169,67,0.84,719.0,Cardio,35.0,1.5,3,1,21.97
31,Male,101.3,1.95,181,159,63,0.76,675.0,Cardio,20.9,2.4,2,1,26.64
55,Male,109.3,1.77,186,162,57,0.78,737.0,HIIT,26.7,2.4,2,1,34.89
27,Male,74.7,1.69,180,120,63,1.55,917.0,HIIT,26.4,2.6,4,2,26.15
49,Male,77.4,1.64,160,154,50,0.88,792.0,Strength,25.4,3.0,2,1,28.78
18,Female,68.5,1.59,194,120,52,1.01,604.0,Strength,30.0,1.9,3,1,27.1
45,Male,63.0,1.93,179,168,66,1.07,726.0,Yoga,23.0,2.8,2,1,16.91
56,Male,107.1,1.74,190,130,51,0.94,687.0,Yoga,25.2,2.6,4,2,35.37
26,Male,118.0,1.86,184,128,50,1.03,962.0,HIIT,24.1,3.2,4,2,34.11
18,Female,43.2,1.57,189,133,64,1.28,856.0,HIIT,35.0,2.2,5,3,17.53
30,Female,67.2,1.62,196,164,61,1.55,1462.0,HIIT,17.8,2.7,5,2,25.61
52,Female,59.2,1.72,167,146,55,1.16,818.0,Strength,35.0,2.2,4,1,20.01
36,Male,49.7,1.85,161,156,69,0.78,825.0,Strength,22.3,3.5,4,1,14.52
47,Female,63.5,1.69,178,157,62,1.47,1122.0,Cardio,17.7,2.5,5,3,22.23
50,Male,100.7,1.66,187,142,64,1.01,629.0,Cardio,28.7,3.4,4,1,36.54
20,Female,45.6,1.54,195,120,59,0.5,427.0,Yoga,25.7,2.4,2,2,19.23
43,Male,76.9,1.84,173,127,60,1.41,617.0,Yoga,18.4,2.2,4,3,22.71
43,Female,48.5,1.6,162,165,68,1.19,917.0,Strength,29.4,2.0,4,1,18.95
32,Female,67.5,1.7,166,147,69,2.0,1368.0,Strength,19.3,3.1,5,2,23.36
54,Male,86.2,1.71,165,135,73,1.59,1070.0,Cardio,14.3,3.7,5,3,29.48
55,Male,96.6,1.83,173,152,74,1.09,840.0,Strength,26.4,2.3,2,1,28.85
18,Male,90.6,1.62,178,167,73,1.84,1589.0,Strength,10.0,3.4,5,3,34.52
33,Male,64.0,1.79,194,138,71,0.98,768.0,HIIT,28.5,2.0,4,3,19.97
44,Female,59.2,1.72,197,138,51,1.62,1233.0,Yoga,13.8,2.3,5,3,20.01
56,Male,89.7,1.71,183,151,67,1.13,858.0,Yoga,23.9,3.0,3,1,30.68
39,Male,79.7,1.82,196,120,50,1.54,1000.0,Strength,24.8,3.1,4,1,24.06
55,Female,55.8,1.83,190,143,58,1.68,1064.0,Strength,14.7,2.5,5,3,16.66
52,Female,51.3,1.51,177,164,61,1.41,1005.0,Strength,31.9,2.3,3,2,22.5
50,Female,67.6,1.71,196,140,59,1.21,685.0,Strength,35.0,2.3,3,2,23.12
38,Female,74.4,1.65,178,136,62,0.71,372.0,Cardio,27.9,1.5,2,1,27.33
18,Female,70.0,1.51,170,164,55,1.14,844.0,HIIT,23.6,1.5,4,3,30.7
34,Male,88.0,1.92,199,166,71,1.96,1783.0,Strength,12.3,3.7,5,3,23.87
54,Female,80.0,1.7,194,166,66,0.81,728.0,Cardio,28.7,2.1,3,1,27.68
55,Male,72.1,1.94,185,123,53,0.64,381.0,Cardio,26.2,2.9,3,1,19.16
55,Female,53.0,1.55,197,161,66,1.42,840.0,Strength,28.3,2.4,4,2,22.06
26,Female,57.4,1.5,191,164,57,1.36,1262.0,Cardio,23.7,2.6,5,3,25.51
49,Female,72.6,1.77,178,148,50,1.21,676.0,Cardio,28.8,2.8,5,1,23.17
51,Male,54.9,1.81,162,133,55,1.41,831.0,Cardio,23.1,2.6,4,1,16.76
26,Female,64.1,1.5,197,156,52,1.04,828.0,Cardio,26.8,2.2,4,3,28.49
20,Male,90.5,1.87,165,128,60,1.54,1035.0,HIIT,20.8,2.7,4,2,25.88
21,Male,76.8,1.79,182,131,60,1.56,1000.0,Cardio,10.0,3.2,5,2,23.97
40,Female,52.8,1.73,185,146,74,1.36,806.0,Cardio,29.0,1.5,2,1,17.64
55,Male,47.8,1.76,166,138,63,0.9,487.0,HIIT,22.9,2.6,2,1,15.43
31,Female,67.1,1.68,195,142,55,0.68,461.0,Strength,31.0,1.8,2,1,23.77
37,Female,60.5,1.62,163,152,55,1.7,1337.0,HIIT,16.2,2.4,5,3,23.05
46,Male,106.5,1.83,170,152,70,1.2,978.0,Cardio,30.0,2.4,2,2,31.8
19,Male,79.1,1.64,163,135,54,1.39,902.0,Cardio,20.2,2.6,5,2,29.41
39,Female,60.7,1.7,195,147,52,0.94,822.0,Yoga,34.8,2.4,2,2,21.0
59,Male,49.9,1.76,171,169,55,0.98,864.0,HIIT,29.9,3.6,4,1,16.11
38,Male,88.7,1.93,193,162,68,1.62,1287.0,Yoga,10.8,3.7,3,3,23.81
41,Male,108.4,1.79,160,161,55,0.66,564.0,Strength,28.6,3.7,3,1,33.83
19,Female,67.6,1.62,188,163,69,0.5,415.0,Strength,34.3,2.3,3,1,25.76
42,Male,124.7,1.57,160,169,62,1.39,1169.0,Yoga,18.9,2.1,5,3,50.59
23,Male,75.3,1.97,195,152,64,1.38,942.0,Yoga,21.6,3.6,2,1,19.4
32,Male,77.7,1.94,182,139,71,1.13,932.0,Strength,29.0,2.1,5,2,20.65
23,Male,53.2,1.76,166,165,55,0.81,749.0,Yoga,22.8,3.5,3,2,17.17
41,Female,55.6,1.59,186,135,54,1.61,1158.0,HIIT,17.4,2.8,5,2,21.99
28,Female,43.7,1.65,189,139,62,1.24,681.0,Cardio,35.0,1.6,2,2,16.05
53,Male,125.4,1.77,187,128,69,1.4,794.0,Strength,22.8,3.3,5,1,40.03
32,Female,59.9,1.64,184,121,74,1.78,922.0,Strength,16.6,2.6,4,2,22.27
55,Male,127.5,1.9,163,124,69,1.08,591.0,Strength,25.7,3.1,2,2,35.32
51,Male,80.5,1.81,165,129,74,2.0,1222.0,Yoga,10.0,3.3,5,3,24.57
18,Male,91.0,1.75,198,162,50,1.39,1369.0,Yoga,19.0,3.4,3,2,29.71
45,Male,81.4,1.93,176,160,74,1.75,1510.0,Cardio,10.3,3.5,5,3,21.85
23,Female,75.7,1.71,161,163,74,1.39,1107.0,Strength,25.8,1.5,2,1,25.89
18,Male,75.9,1.92,196,147,59,1.05,925.0,Yoga,25.9,3.7,3,3,20.59
34,Female,61.9,1.55,199,149,63,1.69,1157.0,Yoga,18.2,3.1,4,2,25.76
45,Female,54.1,1.79,163,162,52,1.2,798.0,Strength,26.3,1.5,4,1,16.88
43,Male,91.2,1.85,184,131,64,2.0,1256.0,HIIT,13.1,3.0,5,3,26.65
36,Female,66.8,1.6,184,153,72,0.98,884.0,Cardio,33.3,1.5,4,3,26.09
50,Male,111.9,1.91,189,132,74,1.22,801.0,HIIT,21.5,2.2,3,2,30.67
53,Male,117.2,1.94,199,125,69,0.64,345.0,HIIT,23.4,3.1,2,2,31.14
22,Female,55.1,1.53,160,164,51,1.4,1209.0,Strength,34.9,1.5,5,1,23.54
43,Male,84.3,1.66,181,138,71,2.0,1277.0,HIIT,10.0,2.7,4,3,30.59
34,Female,57.6,1.68,183,158,62,0.51,472.0,Cardio,32.3,1.9,2,2,20.41
46,Female,41.1,1.66,171,161,65,1.07,818.0,Strength,31.3,2.4,4,1,14.92
40,Female,40.0,1.8,195,167,58,0.56,462.0,Cardio,27.8,2.7,2,1,12.35
30,Female,61.6,1.63,188,161,54,1.97,1347.0,HIIT,15.2,2.5,5,3,23.18
58,Male,58.3,1.71,171,165,64,1.33,969.0,HIIT,27.7,2.9,3,1,19.94
48,Male,44.1,1.95,160,155,67,1.53,1026.0,Cardio,31.4,1.6,3,1,11.6
18,Female,66.4,1.54,190,121,52,1.81,1226.0,Strength,17.0,2.8,3,2,28.0
32,Female,50.9,1.58,192,166,73,0.85,860.0,Strength,26.7,2.0,4,2,20.39
43,Male,82.5,1.84,179,137,58,1.44,987.0,Yoga,12.5,3.4,3,2,24.37
51,Female,54.7,1.58,175,126,64,1.92,988.0,Strength,16.9,3.0,4,3,21.91
39,Female,60.0,1.71,174,156,73,0.88,704.0,Strength,31.6,2.1,4,2,20.52
33,Male,82.6,1.96,160,160,64,1.51,1330.0,Yoga,13.1,3.7,5,2,21.5
51,Female,76.2,1.74,179,147,67,1.37,883.0,Cardio,35.0,1.9,3,1,25.17
34,Male,99.0,1.93,179,163,64,0.76,944.0,Cardio,19.3,2.4,3,1,26.58
35,Male,69.3,1.75,183,121,63,1.09,729.0,Cardio,22.8,2.6,2,2,22.63
40,Female,51.5,1.71,184,130,55,0.91,555.0,Yoga,29.4,2.6,2,2,17.61
42,Male,96.2,1.83,192,150,50,0.97,872.0,HIIT,23.9,3.7,3,1,28.73
22,Male,59.1,1.79,160,164,51,0.79,853.0,Yoga,24.1,3.3,2,1,18.45
22,Male,76.4,1.76,190,120,74,1.45,764.0,Yoga,26.8,3.0,3,1,24.66
33,Male,109.9,1.59,190,135,67,0.85,638.0,HIIT,25.2,3.7,4,1,43.47
27,Male,78.2,1.7,199,145,54,0.99,865.0,HIIT,26.3,1.9,2,1,27.06
46,Male,82.9,1.86,179,148,72,2.0,1457.0,HIIT,11.7,3.5,5,3,23.96
30,Male,87.2,1.69,194,150,67,1.81,1507.0,Yoga,13.3,3.1,5,2,30.53
34,Female,75.1,1.77,191,140,67,1.1,807.0,Cardio,24.6,2.2,4,2,23.97
42,Female,66.3,1.75,184,122,59,1.8,1114.0,Strength,19.5,2.9,5,3,21.65
27,Male,85.3,1.72,181,160,60,0.77,615.0,Strength,29.3,3.3,2,1,28.83
26,Female,75.6,1.62,188,123,50,0.5,304.0,Yoga,30.8,1.5,2,2,28.81
32,Male,98.1,1.86,172,135,67,1.21,798.0,Cardio,30.7,1.9,4,2,28.36
56,Male,75.4,1.92,178,139,58,1.16,852.0,Yoga,24.7,2.7,3,2,20.45
52,Male,47.1,1.64,160,154,56,1.1,1058.0,Cardio,25.5,2.9,2,1,17.51
31,Female,57.0,1.79,188,127,64,0.6,391.0,Yoga,35.0,2.7,2,1,17.79
43,Male,76.8,1.81,191,156,63,1.68,1191.0,Yoga,14.0,3.7,5,3,23.44
37,Male,65.4,1.69,168,130,52,1.19,775.0,Strength,21.0,3.1,2,3,22.9
33,Female,70.2,1.79,160,124,54,1.06,630.0,Strength,31.9,2.0,3,1,21.91
32,Female,65.0,1.57,199,143,70,1.78,1089.0,Yoga,13.5,3.3,4,3,26.37
55,Female,76.4,1.81,172,125,57,1.42,830.0,Strength,33.9,2.1,3,1,23.32
42,Male,93.6,1.82,199,149,51,1.06,750.0,HIIT,24.3,3.7,4,1,28.26
43,Male,75.0,1.84,182,149,63,1.61,1143.0,Yoga,12.5,2.9,5,3,22.15
41,Female,70.5,1.65,177,145,62,1.19,959.0,Strength,34.7,2.1,3,1,25.9
47,Female,68.4,1.7,172,158,74,0.91,844.0,Yoga,31.5,2.2,3,2,23.67
25,Male,110.7,1.7,163,131,62,1.56,861.0,Cardio,25.5,3.7,4,1,38.3
56,Female,44.6,1.64,188,138,57,0.97,568.0,Yoga,33.2,2.5,3,2,16.58
29,Female,47.8,1.7,163,160,56,1.05,866.0,Cardio,28.7,2.7,2,2,16.54
55,Male,89.0,1.68,169,169,50,1.43,1204.0,Yoga,21.7,2.2,4,2,31.53
53,Male,82.3,1.89,161,144,72,1.78,1208.0,Cardio,10.1,3.1,4,2,23.04
33,Male,84.0,1.94,171,145,64,1.63,1140.0,Cardio,10.0,2.9,5,2,22.32
32,Male,80.6,1.76,173,120,60,1.57,927.0,HIIT,22.6,2.2,3,3,26.02
59,Male,83.6,1.84,189,121,74,1.49,902.0,Yoga,15.0,3.7,4,3,24.69
38,Male,80.9,1.64,180,138,70,2.0,1246.0,HIIT,10.9,3.7,4,3,30.08
55,Male,73.0,1.64,172,155,52,1.16,927.0,Cardio,27.7,3.2,4,2,27.14
26,Male,60.4,1.87,165,141,63,0.5,447.0,Strength,22.1,2.8,2,1,17.27
25,Female,72.7,1.59,160,126,70,1.16,726.0,Cardio,34.8,1.7,3,2,28.76
47,Male,46.7,1.86,195,155,71,1.42,1146.0,Strength,28.7,3.4,3,1,13.5
39,Female,51.9,1.61,199,157,63,1.29,823.0,Cardio,28.7,1.8,5,3,20.02
39,Male,56.5,1.99,199,144,74,1.59,1041.0,Cardio,21.8,2.3,2,2,14.27
59,Male,52.5,1.83,177,163,50,1.15,1038.0,HIIT,27.7,3.0,4,1,15.68
34,Male,68.0,1.6,189,165,66,1.26,1201.0,Cardio,21.0,3.5,5,2,26.56
56,Female,61.5,1.54,171,142,54,0.96,630.0,HIIT,27.8,2.7,3,1,25.93
59,Female,63.1,1.66,193,140,63,1.91,1167.0,Cardio,18.1,2.9,4,2,22.9
20,Female,54.9,1.75,188,162,74,1.24,929.0,Cardio,33.7,2.2,2,2,17.93
35,Female,66.2,1.74,181,131,53,1.3,937.0,Strength,26.6,1.8,3,2,21.87
38,Male,84.5,1.79,166,162,74,1.35,1532.0,Strength,14.0,3.7,4,2,26.37
45,Male,117.0,1.92,178,165,57,0.95,978.0,Yoga,24.0,2.2,2,1,31.74
23,Female,56.6,1.54,193,158,63,1.95,1438.0,HIIT,13.6,3.1,5,3,23.87
25,Female,54.2,1.81,188,120,61,0.92,405.0,Yoga,35.0,3.1,3,1,16.54
30,Male,65.1,1.97,194,130,58,0.66,472.0,Yoga,24.6,2.6,2,2,16.77
27,Female,60.1,1.62,176,155,67,0.82,661.0,Strength,28.9,2.1,3,1,22.9
40,Female,59.7,1.61,174,125,52,0.93,619.0,Strength,26.8,3.5,4,3,23.03
33,Female,46.9,1.58,190,155,71,0.91,822.0,Strength,31.1,1.5,3,1,18.79
41,Female,55.2,1.62,170,125,50,2.0,1021.0,Cardio,19.0,2.4,3,2,21.03
27,Male,86.9,1.62,191,127,66,1.52,1251.0,Yoga,11.8,3.1,5,2,33.11
56,Male,50.7,1.63,177,163,51,0.75,604.0,Yoga,21.0,3.3,2,1,19.08
48,Male,66.6,1.63,177,163,72,1.24,1074.0,HIIT,21.6,2.2,4,1,25.07
22,Female,40.0,1.5,188,126,55,1.5,826.0,HIIT,32.3,1.9,3,3,17.78
52,Female,54.7,1.83,190,146,55,1.53,1022.0,Strength,18.2,2.9,5,3,16.33
55,Male,84.3,1.86,188,120,74,1.66,920.0,Yoga,13.0,3.6,4,3,24.37
29,Male,73.9,1.71,185,154,57,0.57,619.0,HIIT,32.0,2.7,2,1,25.27
47,Male,68.2,1.78,183,164,74,1.35,1202.0,HIIT,20.3,2.7,2,2,21.53
40,Male,75.7,1.73,178,131,60,1.04,773.0,Cardio,28.8,3.0,4,2,25.29
26,Male,67.6,1.7,196,139,67,0.84,590.0,HIIT,19.5,2.7,2,1,23.39
55,Male,106.8,1.66,192,140,57,1.24,973.0,HIIT,28.5,2.8,3,2,38.76
34,Female,58.0,1.65,190,157,62,0.62,506.0,Cardio,30.6,1.9,2,2,21.3
33,Male,99.9,1.89,188,134,63,1.42,988.0,HIIT,20.8,3.4,2,1,27.97
37,Female,52.7,1.79,195,147,56,1.76,1467.0,Yoga,19.3,3.1,5,3,16.45
45,Male,95.6,1.85,165,120,72,1.45,842.0,Cardio,25.2,3.6,3,2,27.93
19,Female,41.2,1.67,199,120,61,0.56,303.0,Yoga,26.6,2.4,2,2,14.77
34,Female,76.1,1.59,195,134,57,0.78,521.0,Yoga,32.6,2.3,2,2,30.1
41,Male,45.4,1.69,197,143,50,1.05,785.0,Yoga,24.2,3.1,3,1,15.9
42,Female,69.8,1.65,186,151,50,1.02,880.0,Cardio,31.2,2.5,3,3,25.64
47,Male,79.9,1.73,174,149,73,1.73,1402.0,HIIT,11.8,2.9,4,2,26.7
54,Female,52.0,1.53,185,169,74,1.17,1021.0,HIIT,35.0,2.8,2,2,22.21
37,Male,82.9,1.98,178,138,54,1.65,1160.0,Strength,10.0,3.0,3,3,21.15
38,Female,64.3,1.52,177,126,68,1.29,984.0,HIIT,35.0,3.1,3,1,27.83
44,Female,49.2,1.73,168,165,73,0.96,741.0,Strength,28.1,2.4,4,1,16.44
33,Female,46.1,1.59,198,162,70,1.25,887.0,Strength,30.7,1.5,2,1,18.24
45,Male,47.9,1.79,182,167,54,1.36,1174.0,Cardio,26.2,3.3,2,3,14.95
22,Male,78.0,1.62,166,129,53,1.33,888.0,Cardio,21.7,2.5,4,1,29.72
51,Male,69.0,1.56,182,120,70,1.3,848.0,HIIT,24.6,2.5,3,1,28.35
51,Male,124.5,1.89,175,138,73,0.5,350.0,Strength,28.7,3.5,2,1,34.85
40,Male,89.3,1.81,184,136,71,0.98,688.0,Yoga,26.8,3.6,2,2,27.26
55,Female,51.3,1.69,177,160,54,1.05,945.0,Strength,35.0,1.5,2,1,17.96
18,Female,47.6,1.7,181,149,67,1.23,787.0,Yoga,29.5,2.5,2,1,16.47
54,Male,49.0,1.87,166,161,54,0.73,456.0,HIIT,29.1,3.4,3,1,14.01
59,Male,84.7,1.69,183,152,57,1.83,1404.0,Yoga,16.0,3.5,4,3,29.66
31,Male,60.7,1.68,183,157,63,1.35,1364.0,Cardio,21.2,3.5,4,3,21.51
50,Male,107.1,1.85,177,133,59,0.8,414.0,Cardio,22.2,2.9,2,1,31.29
42,Female,68.3,1.67,187,156,68,1.04,633.0,HIIT,26.5,2.6,3,1,24.49
52,Female,41.8,1.61,176,131,64,1.12,706.0,Yoga,25.4,1.8,3,2,16.13
43,Male,60.3,1.76,180,128,59,1.38,919.0,HIIT,23.9,2.9,3,1,19.47
26,Female,60.4,1.61,195,134,59,1.97,1296.0,Yoga,22.2,3.0,5,2,23.3
22,Male,71.5,1.88,164,136,50,1.45,1033.0,Yoga,19.8,2.4,4,3,20.23
23,Male,108.2,1.88,195,128,52,0.84,650.0,Yoga,24.6,3.7,2,2,30.61
20,Male,86.9,1.74,192,166,52,1.37,1269.0,Yoga,22.7,3.1,2,2,28.7
41,Male,88.7,1.76,196,167,69,1.22,1284.0,HIIT,11.5,3.7,5,3,28.64
34,Male,91.3,1.76,174,146,74,0.68,636.0,Yoga,25.1,2.9,2,1,29.47
37,Male,45.5,1.76,194,156,67,0.76,507.0,Strength,24.6,3.7,4,2,14.69
18,Male,116.6,1.87,161,144,52,1.13,1064.0,Strength,17.0,3.7,3,1,33.34
19,Female,60.2,1.55,187,163,67,1.55,1322.0,Cardio,14.4,2.9,5,3,25.06
32,Female,54.3,1.71,187,138,60,1.81,1226.0,Cardio,17.2,2.2,4,2,18.57
18,Male,82.1,1.8,173,163,74,0.69,711.0,Yoga,33.4,3.1,2,1,25.34
36,Female,58.8,1.81,170,144,63,1.68,1234.0,Strength,18.9,2.7,3,2,17.95
59,Female,55.1,1.54,164,156,67,1.04,739.0,HIIT,29.0,2.7,3,3,23.23
41,Male,71.0,1.84,197,151,50,0.7,450.0,Cardio,24.9,2.3,3,1,20.97
53,Male,77.4,1.71,168,154,73,1.21,875.0,Yoga,26.9,2.9,3,2,26.47
18,Female,57.1,1.75,185,126,70,1.05,716.0,Cardio,33.7,2.2,2,2,18.64
52,Female,66.7,1.57,170,134,61,0.8,463.0,HIIT,35.0,2.0,3,1,27.06
31,Female,81.8,1.63,199,161,71,1.42,1048.0,Cardio,23.8,2.5,3,3,30.79
53,Male,63.2,1.84,183,131,60,1.17,789.0,Strength,20.5,2.4,3,3,18.67
52,Male,125.2,1.9,199,126,64,1.07,503.0,Yoga,23.4,2.5,2,2,34.68
32,Female,55.9,1.5,163,150,63,0.97,808.0,Strength,28.5,1.6,3,1,24.84
44,Male,67.1,1.78,160,169,57,1.4,1243.0,HIIT,28.0,3.0,3,3,21.18
45,Male,125.0,1.56,191,164,65,1.02,890.0,Yoga,22.7,2.7,3,3,51.36
40,Male,80.7,1.88,193,132,56,1.83,1457.0,Yoga,13.1,3.5,4,3,22.83
35,Male,124.2,1.58,161,169,63,1.32,1290.0,Yoga,23.4,1.7,4,1,49.75
46,Female,50.5,1.65,181,136,69,0.67,515.0,Strength,31.7,2.7,2,1,18.55
44,Male,101.4,1.81,162,157,66,0.83,635.0,Yoga,29.3,2.5,2,1,30.95
57,Male,71.5,1.81,185,167,56,1.12,923.0,Strength,21.9,1.9,3,3,21.82
41,Female,73.1,1.55,176,133,63,0.73,592.0,Yoga,30.3,1.6,4,1,30.43
31,Male,120.9,2.0,177,157,58,1.43,1088.0,Cardio,30.2,3.6,4,3,30.22
43,Male,114.3,1.8,185,127,59,1.07,610.0,Strength,24.7,1.8,2,1,35.28
54,Female,54.5,1.78,178,122,72,0.99,663.0,Yoga,29.7,2.0,5,1,17.2
33,Male,85.9,1.9,199,169,69,1.89,1694.0,Strength,10.0,3.7,3,3,23.8
38,Female,69.6,1.68,192,143,69,0.96,597.0,Cardio,18.4,2.9,3,3,24.66
27,Male,119.0,1.81,199,163,67,0.72,677.0,Yoga,28.4,3.0,2,1,36.32
39,Male,103.8,1.75,192,120,60,0.87,519.0,HIIT,23.2,2.7,2,1,33.89
45,Male,76.4,1.77,180,131,51,1.74,1128.0,Yoga,10.0,3.1,3,3,24.39
37,Male,106.1,1.51,178,146,74,1.27,1177.0,Strength,27.5,3.4,3,3,46.53
38,Male,68.1,1.86,199,148,55,0.52,483.0,Cardio,23.9,2.1,2,1,19.68
34,Male,125.5,1.65,166,135,65,1.44,1052.0,HIIT,25.2,2.9,4,1,46.1
20,Female,74.2,1.66,165,131,74,1.12,720.0,Cardio,33.0,1.9,3,2,26.93
54,Male,83.0,1.87,188,154,52,1.39,840.0,Cardio,22.5,3.4,3,1,23.74
28,Female,64.4,1.55,188,130,54,1.61,1353.0,HIIT,17.6,2.4,5,2,26.81
34,Male,77.3,1.82,199,146,72,1.34,918.0,Cardio,23.8,2.4,2,1,23.34
24,Female,69.8,1.5,184,143,52,1.2,751.0,Cardio,34.4,2.6,2,2,31.02
28,Female,62.8,1.59,188,166,60,0.54,393.0,Cardio,33.3,1.7,2,1,24.84
39,Male,61.3,1.86,175,165,65,1.27,784.0,Yoga,26.1,3.0,2,1,17.72
50,Female,63.7,1.68,178,154,69,1.22,871.0,HIIT,31.6,1.5,2,1,22.57
29,Female,68.2,1.51,198,123,57,1.3,681.0,Strength,24.4,2.4,4,1,29.91
44,Male,53.7,1.73,169,143,70,1.3,894.0,Yoga,22.3,3.7,2,1,17.94
59,Female,65.2,1.7,165,134,54,0.56,321.0,Cardio,22.8,2.3,2,1,22.56
47,Male,82.8,1.81,183,130,62,1.24,960.0,Strength,25.4,3.5,4,1,25.27
44,Female,75.7,1.81,193,165,51,1.31,1163.0,HIIT,27.1,2.5,3,1,23.11
19,Male,105.0,1.81,181,133,50,1.33,982.0,Yoga,24.5,3.4,3,1,32.05
45,Male,83.2,1.96,186,154,72,1.89,1531.0,Cardio,17.7,3.1,4,3,21.66
22,Female,66.2,1.81,168,120,57,0.88,528.0,Yoga,26.1,1.5,2,1,20.21
21,Female,65.4,1.81,173,120,59,0.79,460.0,Yoga,28.3,1.9,2,1,19.96
21,Male,90.3,1.77,199,165,68,1.17,1176.0,Cardio,22.1,3.1,2,1,28.82
25,Female,72.1,1.69,172,142,59,1.34,934.0,Cardio,34.4,2.2,2,1,25.24
27,Female,63.2,1.78,174,130,55,1.55,952.0,Cardio,25.8,2.4,4,2,19.95
24,Male,75.4,1.7,194,154,57,0.82,834.0,HIIT,29.9,1.5,3,1,26.09
28,Female,57.0,1.73,168,146,72,1.46,972.0,Cardio,27.4,2.1,2,1,19.05
53,Male,117.7,1.74,167,167,71,0.61,631.0,Strength,26.2,2.5,2,2,38.88
54,Female,66.3,1.65,172,121,54,1.15,543.0,HIIT,25.5,1.5,2,2,24.35
43,Female,63.5,1.72,196,145,55,1.09,958.0,HIIT,25.2,1.5,4,1,21.46
49,Male,56.4,1.72,194,135,65,1.21,882.0,Cardio,23.4,3.5,4,3,19.06
25,Female,62.1,1.61,180,129,66,1.28,709.0,Strength,35.0,1.5,3,1,23.96
23,Male,78.2,1.72,168,155,73,0.81,741.0,Yoga,33.8,3.1,2,1,26.43
44,Female,61.2,1.5,192,122,74,1.55,847.0,Strength,15.3,2.8,3,3,27.2
22,Male,105.7,1.94,171,138,57,1.07,967.0,HIIT,24.8,3.7,3,1,28.08
37,Female,61.9,1.56,179,135,70,1.29,984.0,HIIT,31.2,2.7,3,1,25.44
21,Male,79.9,1.77,161,165,74,0.81,754.0,Yoga,28.4,3.1,3,2,25.5
53,Female,64.6,1.65,172,120,59,1.54,830.0,Yoga,27.5,2.3,4,3,23.73
30,Female,63.7,1.51,199,120,57,1.08,832.0,Strength,26.3,2.0,3,3,27.94
50,Female,55.2,1.74,198,159,67,1.68,1316.0,HIIT,12.5,2.4,5,2,18.23
48,Female,67.6,1.76,184,163,69,1.16,937.0,Yoga,35.0,2.2,3,2,21.82
50,Female,56.3,1.56,190,160,74,1.39,1036.0,HIIT,34.2,2.1,2,1,23.13
46,Male,109.5,1.61,199,155,59,1.01,764.0,Cardio,30.9,2.4,4,2,42.24
32,Male,79.4,1.97,162,127,52,1.33,919.0,Strength,28.0,3.0,3,2,20.46
40,Male,97.0,1.85,183,152,61,1.1,1002.0,HIIT,23.0,3.0,3,2,28.34
40,Female,58.3,1.5,173,132,57,1.69,959.0,Yoga,17.3,3.0,5,2,25.91
37,Male,80.9,1.77,165,165,56,1.52,1131.0,Cardio,28.3,2.9,3,3,25.82
53,Female,62.8,1.59,171,153,74,1.23,1027.0,HIIT,34.7,2.3,3,2,24.84
53,Female,78.2,1.63,199,139,74,1.08,684.0,Yoga,33.8,2.7,4,1,29.43
30,Male,102.7,1.82,187,145,51,1.37,1112.0,HIIT,26.6,1.8,3,3,31.0
51,Female,57.8,1.73,166,147,55,1.23,904.0,Strength,31.0,2.2,2,1,19.31
52,Male,58.3,1.93,179,134,71,1.27,684.0,Yoga,28.9,2.7,3,3,15.65
49,Female,70.3,1.74,181,164,72,1.18,869.0,Yoga,35.0,2.0,3,2,23.22
29,Female,67.3,1.56,173,122,64,0.9,720.0,Yoga,35.0,1.8,5,1,27.65
34,Male,40.8,1.78,189,163,72,0.52,530.0,Strength,29.0,3.1,2,1,12.88
45,Female,54.5,1.73,197,137,50,1.95,1099.0,Yoga,18.4,2.7,5,3,18.21
48,Male,91.2,1.64,183,140,72,1.83,1226.0,Cardio,10.0,3.4,5,3,33.91
44,Female,72.9,1.73,182,147,50,1.3,746.0,Cardio,26.8,2.1,3,2,24.36
52,Female,65.2,1.68,183,134,55,1.18,728.0,HIIT,29.3,2.4,3,2,23.1
24,Male,83.3,1.63,172,169,53,1.74,1623.0,Strength,12.1,3.7,4,2,31.35
45,Female,56.2,1.69,177,156,68,1.13,834.0,Strength,27.9,2.9,5,1,19.68
43,Male,54.5,1.72,190,149,65,1.25,1017.0,HIIT,20.7,2.9,4,3,18.42
25,Male,106.9,1.78,180,161,56,1.56,1130.0,Cardio,25.0,2.0,5,1,33.74
20,Female,42.1,1.64,190,141,74,1.08,545.0,HIIT,26.6,2.6,2,2,15.65
47,Male,46.0,1.61,175,143,62,1.11,713.0,Strength,19.3,1.6,2,1,17.75
59,Male,52.1,2.0,183,161,51,1.11,787.0,Strength,23.2,3.0,4,2,13.02
46,Male,89.3,1.56,192,121,57,1.85,1241.0,HIIT,16.2,3.0,5,2,36.69
43,Female,63.1,1.7,185,156,65,1.44,1224.0,Cardio,21.4,2.5,4,3,21.83
56,Male,57.9,1.74,179,148,74,0.98,875.0,HIIT,26.7,3.7,3,1,19.12
38,Female,45.2,1.81,180,142,61,0.6,377.0,Yoga,28.1,2.5,2,1,13.8
20,Male,119.1,1.68,176,136,61,1.24,807.0,Yoga,27.9,3.1,4,3,42.2
44,Male,66.2,1.73,160,152,52,1.42,815.0,HIIT,27.3,2.9,3,1,22.12
35,Male,85.6,1.8,189,165,69,2.0,1750.0,Strength,10.0,3.2,4,2,26.42
30,Male,62.9,1.83,180,146,70,0.57,555.0,Yoga,23.1,1.8,2,1,18.78
35,Male,49.1,1.61,170,155,74,1.42,1005.0,Strength,29.3,2.0,2,1,18.94
58,Male,62.8,1.66,176,167,63,1.12,932.0,HIIT,28.2,3.0,2,2,22.79
37,Male,65.3,1.77,185,139,70,0.79,583.0,Yoga,26.3,2.9,3,1,20.84
44,Female,60.0,1.63,183,120,51,1.2,549.0,Strength,27.7,2.9,4,3,22.58
26,Male,109.7,1.81,195,165,56,0.79,988.0,Yoga,23.9,2.2,2,2,33.48
59,Female,54.5,1.51,193,122,64,1.95,1083.0,Cardio,16.6,2.6,5,3,23.9
32,Female,63.5,1.55,180,139,53,1.43,1134.0,Cardio,27.0,2.1,3,3,26.43
28,Female,48.2,1.52,162,137,57,1.2,952.0,Yoga,25.2,3.4,3,1,20.86
32,Female,70.4,1.75,169,167,65,1.29,756.0,Cardio,29.3,1.5,5,3,22.99
33,Female,57.3,1.83,175,133,56,0.97,645.0,Strength,34.9,2.2,2,1,17.11
50,Female,51.4,1.67,179,141,60,1.54,1030.0,HIIT,25.7,1.6,3,2,18.43
35,Female,63.7,1.77,164,157,69,0.52,462.0,Cardio,25.1,2.6,2,1,20.33
41,Male,68.5,1.98,177,149,50,1.42,1101.0,Cardio,26.4,2.3,5,2,17.47
29,Male,73.4,1.69,166,157,66,1.17,1033.0,Strength,19.2,2.4,3,1,25.7
49,Female,64.1,1.8,199,152,53,1.17,699.0,Strength,31.5,2.5,3,2,19.78
27,Male,48.0,1.78,199,120,73,1.18,737.0,Strength,21.3,2.9,2,2,15.15
43,Male,70.7,1.76,186,137,72,0.78,559.0,HIIT,26.1,2.7,2,1,22.82
51,Male,77.1,1.54,164,153,51,1.17,837.0,Strength,27.5,3.7,2,1,32.51
45,Male,79.7,1.77,184,137,61,1.54,1253.0,Cardio,19.7,3.5,5,3,25.44
30,Male,88.3,1.7,182,139,74,1.94,1273.0,Strength,12.3,3.6,4,3,30.55
54,Male,116.2,1.73,168,165,67,0.95,571.0,Strength,22.8,2.7,2,1,38.83
33,Male,66.8,1.65,197,159,54,0.66,716.0,Yoga,29.4,2.3,2,1,24.54
21,Male,108.6,1.87,160,147,50,1.42,1078.0,Strength,22.4,3.1,2,1,31.06
54,Female,72.5,1.85,167,143,60,1.19,695.0,Cardio,25.7,2.2,5,2,21.18
31,Male,89.3,1.61,199,146,70,1.79,1548.0,Yoga,13.2,3.7,3,3,34.45
54,Male,105.2,1.78,181,135,59,0.6,442.0,Cardio,25.6,2.5,4,1,33.2
49,Female,61.4,1.6,195,127,59,2.0,1192.0,Yoga,17.3,2.9,3,3,23.98
54,Male,72.1,1.91,167,125,55,1.52,812.0,Yoga,19.1,3.3,4,3,19.76
32,Female,47.1,1.53,191,155,66,0.52,490.0,HIIT,32.1,1.9,2,1,20.12
51,Male,78.5,1.75,173,124,56,1.17,690.0,Strength,28.3,1.9,4,2,25.63
55,Female,76.3,1.66,169,123,51,1.38,668.0,HIIT,32.3,1.5,2,1,27.69
55,Female,56.7,1.54,169,169,54,1.83,1309.0,Strength,22.2,2.3,3,3,23.91
45,Female,52.5,1.71,177,128,71,0.86,406.0,Yoga,35.0,1.7,2,1,17.95
23,Male,96.7,1.71,193,164,70,0.62,779.0,Cardio,18.2,3.2,2,2,33.07
42,Female,67.3,1.61,168,134,68,0.95,552.0,Yoga,27.6,1.7,4,2,25.96
43,Female,47.2,1.76,187,130,50,1.03,425.0,Yoga,30.2,2.3,3,2,15.24
49,Female,53.3,1.67,178,133,71,0.75,421.0,Yoga,31.8,2.2,3,1,19.11
56,Male,80.0,1.66,166,168,63,1.35,1289.0,HIIT,12.4,3.0,4,2,29.03
39,Female,79.3,1.55,198,169,69,1.24,1091.0,Cardio,25.0,2.2,3,3,33.01
28,Male,84.7,1.63,176,124,71,1.89,1203.0,Cardio,15.4,3.5,4,3,31.88
34,Male,68.5,1.9,165,153,72,1.31,1101.0,Cardio,31.0,3.0,3,3,18.98
45,Male,81.1,1.83,170,150,72,2.0,1399.0,HIIT,13.5,3.5,5,2,24.22
18,Male,90.6,1.92,163,142,70,1.91,1279.0,HIIT,11.9,3.6,4,2,24.58
25,Male,102.6,1.89,167,133,64,1.08,754.0,Cardio,29.0,2.2,2,1,28.72
46,Male,64.2,1.8,180,140,55,1.24,907.0,HIIT,26.3,2.4,4,2,19.81
53,Female,56.2,1.59,170,154,71,1.56,1165.0,HIIT,19.1,3.3,5,2,22.23
59,Male,88.2,1.67,190,139,74,2.0,1356.0,Cardio,14.2,3.3,5,3,31.63
54,Female,83.2,1.52,185,142,53,0.67,547.0,Strength,28.3,2.4,4,1,36.01
58,Female,60.7,1.5,194,154,68,1.3,859.0,Strength,29.3,1.8,2,3,26.98
44,Female,52.1,1.82,198,159,60,1.89,1411.0,Yoga,15.9,2.5,5,3,15.73
30,Male,63.5,1.87,178,152,59,1.1,1056.0,HIIT,23.1,2.6,2,2,18.16
56,Female,73.7,1.76,166,144,67,1.11,663.0,Cardio,24.3,2.9,3,3,23.79
40,Male,70.6,1.82,192,148,55,0.5,303.0,Cardio,21.5,2.1,3,1,21.31
22,Male,93.7,1.78,197,169,54,1.45,1261.0,Yoga,23.5,3.3,3,1,29.57
30,Female,66.8,1.7,168,154,72,0.56,498.0,Strength,26.5,2.3,4,1,23.11
28,Male,112.0,1.91,175,151,67,1.41,1076.0,Cardio,22.3,2.6,2,3,30.7
58,Male,83.0,1.87,165,146,53,1.32,1125.0,HIIT,12.3,3.2,5,3,23.74
30,Female,55.2,1.52,192,124,59,1.91,1189.0,Strength,14.7,3.0,4,2,23.89
42,Male,125.8,1.87,171,125,65,1.37,890.0,Strength,22.3,3.7,5,1,35.97
23,Male,120.2,1.82,174,120,50,1.04,751.0,Cardio,17.7,2.9,4,1,36.29
41,Male,76.5,1.68,178,135,58,0.92,724.0,Cardio,29.9,3.1,4,2,27.1
31,Male,97.9,1.82,178,144,53,0.72,582.0,Yoga,25.3,2.6,3,2,29.56
59,Male,83.7,1.67,183,160,59,1.18,887.0,Strength,23.9,3.7,4,3,30.01
58,Female,43.5,1.66,172,128,56,1.15,743.0,Strength,34.3,2.4,3,1,15.79
41,Female,76.0,1.56,199,134,50,0.66,500.0,Yoga,31.9,2.3,2,1,31.23
28,Female,63.9,1.68,185,133,69,0.82,818.0,Yoga,33.2,1.5,4,2,22.64
21,Female,41.5,1.7,191,156,62,1.23,778.0,HIIT,31.7,1.6,3,1,14.36
53,Male,95.0,1.94,177,135,50,0.79,483.0,HIIT,29.3,3.5,4,1,25.24
53,Female,46.1,1.64,160,126,74,0.71,425.0,Strength,23.5,2.4,2,1,17.14
44,Female,43.4,1.64,160,146,70,1.66,1022.0,Yoga,28.1,1.7,4,2,16.14
45,Female,57.8,1.55,186,152,74,1.08,775.0,Strength,28.1,1.7,4,2,24.06
37,Male,66.9,1.88,171,149,72,1.37,1033.0,Cardio,26.7,2.6,3,1,18.93
36,Female,71.7,1.74,192,120,52,1.22,868.0,Strength,24.9,1.9,3,2,23.68
29,Female,66.4,1.67,173,120,58,1.24,637.0,Cardio,32.6,1.5,4,2,23.81
22,Female,47.9,1.5,187,141,58,1.02,687.0,Strength,24.9,1.5,2,2,21.29
18,Female,61.6,1.59,194,167,50,1.19,1005.0,Strength,35.0,1.8,5,1,24.37
25,Male,97.4,1.77,161,149,58,1.3,990.0,Strength,24.5,2.9,2,1,31.09
55,Female,50.3,1.67,178,139,69,1.42,722.0,Yoga,31.3,1.8,4,3,18.04
18,Female,49.7,1.67,199,158,58,1.32,1116.0,Cardio,26.4,2.7,5,2,17.82
56,Male,95.5,1.85,166,143,74,0.86,843.0,Strength,27.8,2.0,4,2,27.9
36,Female,40.0,1.72,178,142,63,1.03,751.0,Yoga,31.2,1.5,4,1,13.52
39,Female,56.9,1.58,188,153,63,1.65,1001.0,Yoga,15.3,2.0,5,3,22.79
55,Female,42.3,1.62,173,126,59,1.36,702.0,Yoga,24.2,1.5,4,2,16.12
21,Male,68.3,1.65,196,132,68,1.02,626.0,HIIT,16.3,3.5,3,1,25.09
44,Male,42.2,1.59,173,142,65,0.86,862.0,Strength,23.3,2.4,2,1,16.69
41,Female,61.5,1.68,172,164,54,1.53,1077.0,HIIT,32.5,1.8,4,1,21.79
59,Female,60.0,1.86,195,125,52,1.73,948.0,Cardio,20.6,2.0,5,3,17.34
34,Male,86.3,1.58,172,151,60,1.96,1581.0,HIIT,15.1,3.3,4,3,34.57
53,Male,52.6,1.73,199,149,65,1.43,1163.0,Yoga,19.4,2.6,3,1,17.57
43,Female,66.4,1.81,168,152,55,1.51,820.0,Yoga,25.5,2.4,2,1,20.27
27,Male,78.3,1.87,176,120,56,1.53,1147.0,Cardio,10.0,3.4,5,3,22.39
26,Male,126.8,1.82,171,163,72,1.19,819.0,Strength,20.3,3.6,4,3,38.28
39,Female,75.0,1.79,171,132,60,1.35,839.0,Yoga,32.9,2.0,4,1,23.41
27,Female,73.9,1.6,196,133,71,1.05,722.0,Strength,25.8,2.7,2,1,28.87
49,Male,81.3,1.81,188,152,50,0.99,817.0,Cardio,23.5,2.8,2,1,24.82
50,Female,75.6,1.56,174,137,51,0.83,489.0,Cardio,35.0,2.0,2,1,31.07
52,Female,53.5,1.54,187,137,69,1.47,957.0,Cardio,28.6,2.8,3,1,22.56
26,Male,126.4,1.75,167,161,63,1.42,1142.0,Strength,26.5,2.5,2,1,41.27
19,Male,98.6,1.65,192,156,74,0.82,771.0,Cardio,22.2,2.3,2,1,36.22
31,Female,64.6,1.76,188,152,69,2.0,1358.0,Yoga,19.0,3.0,5,3,20.85
51,Female,76.6,1.61,168,165,60,1.52,924.0,Strength,26.3,1.6,3,2,29.55
58,Female,74.9,1.55,181,151,55,1.02,553.0,Strength,29.6,1.5,5,3,31.18
27,Male,80.7,1.64,174,130,71,1.14,728.0,Yoga,29.7,3.0,3,2,30.0
42,Male,64.2,1.78,160,147,54,1.3,888.0,HIIT,25.8,1.6,3,3,20.26
18,Male,101.4,1.96,165,128,66,1.08,779.0,Yoga,28.5,2.6,2,1,26.4
51,Male,86.4,2.0,181,156,74,1.99,1567.0,Strength,10.1,3.5,3,3,21.6
57,Male,73.1,1.85,176,165,59,1.17,987.0,Strength,23.2,1.8,4,2,21.36
55,Female,53.8,1.53,170,133,69,1.1,674.0,HIIT,26.2,1.7,5,2,22.98
24,Female,72.5,1.62,166,166,65,1.07,775.0,Strength,32.8,2.3,3,2,27.63
38,Female,76.3,1.62,199,169,61,1.06,1045.0,Strength,31.9,2.9,3,3,29.07
33,Female,40.0,1.68,183,143,62,1.21,783.0,Yoga,30.9,1.5,5,3,14.17
37,Male,45.4,1.79,189,157,72,0.66,538.0,Strength,31.5,2.8,2,2,14.17
43,Male,82.2,1.88,181,132,67,1.85,1169.0,HIIT,14.5,2.8,5,3,23.26
51,Female,80.2,1.78,182,156,66,1.49,1018.0,Cardio,32.9,2.2,2,2,25.31
29,Male,76.7,2.0,173,131,50,1.26,1038.0,Cardio,27.5,3.1,3,1,19.18
48,Male,71.2,1.79,192,144,65,1.22,980.0,Strength,20.4,2.0,2,3,22.22
44,Female,61.8,1.76,186,156,74,1.89,1403.0,Yoga,20.5,2.9,5,2,19.95
22,Male,74.5,1.87,165,145,56,1.44,1233.0,Yoga,22.9,2.5,3,2,21.3
28,Male,123.5,1.93,186,126,51,1.18,748.0,Strength,30.3,3.0,3,1,33.16
59,Female,73.3,1.79,160,138,62,1.23,799.0,Cardio,23.8,2.4,4,3,22.88
30,Male,108.8,1.84,160,128,65,1.11,854.0,HIIT,25.0,3.7,4,2,32.14
34,Female,45.9,1.67,185,120,66,1.34,829.0,Strength,33.0,2.3,4,1,16.46
58,Male,89.5,1.65,199,120,55,1.42,927.0,Strength,25.2,3.3,2,2,32.87
49,Male,44.1,1.74,182,169,52,1.46,1287.0,Yoga,20.9,2.6,4,2,14.57
57,Male,52.1,1.71,171,149,69,1.14,836.0,HIIT,23.7,3.5,2,2,17.82
42,Male,117.2,1.73,187,129,60,0.8,527.0,Strength,25.9,2.4,2,1,39.16
25,Female,47.8,1.53,166,155,64,1.09,778.0,Cardio,32.2,3.3,4,1,20.42
36,Male,122.1,1.85,191,138,56,1.51,1149.0,Cardio,19.6,3.6,4,3,35.68
29,Female,45.8,1.64,196,166,64,1.33,877.0,HIIT,32.9,1.9,5,2,17.03
21,Male,56.4,1.77,160,169,54,0.8,799.0,Yoga,25.2,3.7,4,1,18.0
18,Female,48.9,1.69,196,149,64,1.29,758.0,Yoga,30.6,2.4,4,3,17.12
26,Female,69.7,1.75,186,138,61,1.66,1062.0,Strength,26.2,1.7,5,3,22.76
22,Female,65.0,1.74,184,165,61,1.26,896.0,HIIT,26.1,2.0,2,1,21.47
32,Female,43.7,1.79,199,163,50,1.59,1224.0,Cardio,33.9,1.5,3,2,13.64
27,Female,82.1,1.61,175,125,55,1.53,949.0,HIIT,28.3,1.5,2,2,31.67
46,Male,129.6,1.82,197,153,74,0.5,584.0,Strength,25.8,3.2,2,1,39.13
56,Female,49.7,1.75,171,147,58,1.22,820.0,Strength,35.0,2.3,3,1,16.23
23,Male,105.7,1.83,184,130,53,1.22,990.0,Yoga,26.9,3.7,2,1,31.56
45,Female,54.9,1.61,176,132,69,0.5,439.0,Yoga,32.2,2.1,2,1,21.18
28,Male,71.4,1.95,169,137,50,1.33,1038.0,Cardio,22.7,3.1,3,3,18.78
25,Female,61.4,1.78,168,147,71,1.33,927.0,Cardio,27.8,1.5,3,1,19.38
52,Female,77.5,1.79,199,163,69,0.98,770.0,Yoga,32.2,3.5,3,2,24.19
47,Male,83.4,1.91,185,164,71,1.63,1517.0,Cardio,10.0,3.3,5,2,22.86
24,Female,60.2,1.5,198,126,59,1.12,673.0,Strength,24.7,2.1,4,3,26.76
59,Male,87.6,1.69,187,169,74,1.56,1117.0,Strength,28.9,3.7,3,2,30.67
44,Male,79.6,1.74,173,130,61,0.7,704.0,Cardio,25.8,2.8,5,3,26.29
46,Female,71.6,1.69,170,145,56,0.7,649.0,Strength,34.0,2.6,3,1,25.07
22,Female,59.9,1.5,199,133,64,1.24,915.0,Yoga,22.7,2.7,2,1,26.62
52,Male,75.4,1.79,163,153,67,1.27,808.0,Yoga,26.6,2.4,2,2,23.53
50,Male,87.0,1.79,173,153,59,1.8,1381.0,Yoga,16.3,3.7,5,2,27.15
45,Male,63.5,1.81,182,135,56,1.27,873.0,HIIT,25.1,3.6,4,1,19.38
31,Female,56.8,1.63,178,142,71,0.6,537.0,Strength,30.1,2.6,4,1,21.38
18,Male,83.5,1.84,168,157,70,0.72,694.0,Yoga,29.4,3.2,2,1,24.66
27,Female,60.5,1.7,168,169,72,1.49,1249.0,HIIT,16.3,2.6,5,3,20.93
54,Female,55.7,1.77,195,160,63,1.82,1211.0,HIIT,15.9,2.4,5,2,17.78
47,Male,85.6,1.87,178,156,50,1.27,961.0,HIIT,22.9,2.7,5,1,24.48
59,Female,60.2,1.54,190,163,66,1.38,911.0,Strength,32.1,1.9,2,2,25.38
56,Female,75.1,1.63,197,146,73,0.96,797.0,Yoga,33.8,3.0,4,2,28.27
48,Female,67.0,1.67,160,148,74,0.81,414.0,Cardio,34.5,1.6,3,1,24.02
27,Female,46.8,1.53,190,151,53,0.7,686.0,Strength,33.6,1.5,2,1,19.99
41,Male,46.6,1.8,172,120,60,1.16,719.0,Strength,25.7,2.1,3,3,14.38
34,Male,98.2,1.66,186,138,57,1.64,977.0,Strength,26.7,2.6,4,1,35.64
54,Male,82.1,1.81,176,156,58,1.67,1344.0,Yoga,13.3,3.7,4,2,25.06
36,Female,44.2,1.73,197,145,55,1.09,749.0,HIIT,28.9,2.9,3,2,14.77
40,Female,59.0,1.68,163,154,69,1.06,1017.0,Strength,26.6,1.5,5,2,20.9
51,Female,44.8,1.51,166,126,68,1.15,659.0,HIIT,28.7,1.7,4,1,19.65
59,Male,128.0,1.64,160,132,71,0.88,627.0,Yoga,19.9,1.9,2,2,47.59
55,Male,78.1,2.0,184,127,57,0.6,429.0,Cardio,30.5,2.8,3,1,19.52
29,Male,89.4,1.82,168,139,68,1.41,1177.0,Cardio,11.9,2.9,5,2,26.99
37,Male,79.7,1.74,168,168,74,1.74,1414.0,Strength,12.5,2.9,4,3,26.32
29,Female,62.3,1.6,180,161,56,1.48,1232.0,Cardio,20.5,2.2,4,3,24.34
32,Male,76.1,1.6,160,164,71,1.05,1046.0,Strength,21.7,1.9,4,3,29.73
31,Female,60.2,1.62,185,155,62,1.55,1403.0,HIIT,16.6,2.9,4,3,22.94
54,Male,59.6,1.86,191,159,67,1.18,817.0,Cardio,20.5,2.8,3,3,17.23
24,Male,62.2,1.99,199,135,67,1.58,998.0,Strength,28.9,2.7,5,2,15.71
50,Male,80.3,1.77,195,167,70,1.48,1310.0,Cardio,12.9,3.5,3,3,25.63
39,Female,45.5,1.62,194,160,66,0.61,379.0,HIIT,33.7,1.8,3,1,17.34
52,Male,54.5,1.72,179,165,54,0.61,611.0,Yoga,23.5,3.1,3,1,18.42
30,Male,69.2,1.95,163,164,52,1.39,1310.0,Strength,28.8,3.6,2,2,18.2
33,Male,77.9,1.71,183,127,61,1.4,956.0,HIIT,24.5,2.6,5,1,26.64
50,Male,41.0,1.67,191,163,60,1.6,1168.0,Cardio,29.9,3.7,3,2,14.7
51,Female,77.5,1.73,188,156,60,0.9,658.0,Cardio,22.9,2.5,3,1,25.89
51,Female,53.1,1.53,169,140,73,0.98,676.0,HIIT,24.5,1.7,4,3,22.68
47,Male,85.1,1.87,184,156,55,1.05,988.0,HIIT,23.3,2.2,3,1,24.34
19,Female,74.6,1.77,192,159,58,1.52,1213.0,Yoga,30.8,1.5,2,1,23.81
21,Male,124.6,1.91,179,120,71,1.18,766.0,HIIT,25.9,2.3,4,2,34.15
59,Female,66.0,1.57,170,125,54,0.97,620.0,HIIT,23.6,1.8,3,2,26.78
30,Male,86.5,1.74,164,136,66,0.99,934.0,HIIT,25.9,3.7,3,3,28.57
25,Male,108.3,1.91,192,133,50,1.03,614.0,Yoga,26.6,3.4,3,1,29.69
58,Female,78.7,1.68,191,162,67,1.11,760.0,Cardio,26.0,1.8,3,1,27.88
36,Male,58.4,1.9,184,131,60,1.22,823.0,Strength,23.6,3.7,3,1,16.18
37,Female,61.5,1.79,183,161,73,1.87,1482.0,Yoga,17.8,2.3,5,2,19.19
18,Male,94.9,1.97,173,137,72,1.29,862.0,HIIT,26.9,1.8,3,1,24.45
23,Male,65.2,1.59,160,151,74,1.23,1193.0,Yoga,21.9,2.2,3,2,25.79
39,Female,71.5,1.7,172,148,60,1.26,697.0,Yoga,28.9,2.0,4,1,24.74
31,Female,58.9,1.62,179,155,69,0.77,653.0,Strength,26.0,2.2,3,1,22.44
37,Male,106.3,1.65,160,159,74,1.12,1096.0,HIIT,18.7,3.3,3,3,39.04
28,Female,74.3,1.66,198,137,63,1.47,970.0,Strength,23.4,1.8,4,1,26.96
18,Female,74.9,1.77,199,134,60,1.27,823.0,Strength,31.9,3.2,2,3,23.91
46,Male,115.6,1.89,176,143,55,1.37,969.0,Cardio,20.8,3.7,4,2,32.36
54,Male,84.2,1.87,162,151,71,2.0,1272.0,Cardio,11.5,3.7,5,3,24.08
53,Female,60.8,1.54,198,160,63,1.34,1041.0,Strength,31.4,2.5,3,1,25.64
53,Female,52.0,1.53,170,136,73,1.11,598.0,HIIT,27.3,1.9,3,1,22.21
50,Female,40.0,1.67,195,135,74,1.08,632.0,HIIT,28.9,2.4,5,3,14.34
42,Male,124.3,1.82,177,166,74,1.29,1115.0,Strength,29.1,2.9,4,1,37.53
32,Female,76.5,1.65,182,135,56,1.25,836.0,HIIT,35.0,2.2,3,1,28.1
34,Female,80.4,1.79,190,135,51,1.13,830.0,Cardio,26.8,2.4,4,3,25.09
47,Female,48.9,1.55,164,151,62,0.9,487.0,Cardio,28.9,1.9,3,1,20.35
27,Male,81.0,1.94,191,137,74,2.0,1475.0,Yoga,14.3,3.7,3,3,21.52
37,Female,45.4,1.5,192,146,63,1.04,648.0,Yoga,29.9,1.8,3,1,20.18
25,Male,92.0,1.63,176,167,62,1.41,1355.0,Cardio,25.8,2.2,5,1,34.63
47,Male,81.5,1.89,177,156,55,1.47,1058.0,HIIT,24.9,2.9,5,3,22.82
49,Female,48.7,1.71,177,143,64,1.59,996.0,HIIT,29.0,1.5,2,2,16.65
52,Male,88.0,1.75,179,154,64,1.96,1297.0,Yoga,10.3,3.1,5,3,28.73
43,Female,52.3,1.7,197,120,68,1.08,823.0,Strength,34.8,1.7,2,1,18.1
52,Male,66.3,1.8,160,126,58,1.09,796.0,Yoga,28.6,2.1,3,2,20.46
48,Male,61.6,1.72,160,151,66,1.1,843.0,Strength,17.4,2.6,3,1,20.82
35,Female,40.9,1.7,193,165,53,1.51,1103.0,Cardio,35.0,1.8,4,1,14.15
25,Male,89.0,1.62,184,131,74,1.65,1204.0,Strength,12.9,3.6,5,3,33.91
24,Female,40.0,1.79,165,142,62,0.74,520.0,Yoga,29.0,2.7,2,1,12.48
52,Male,102.2,1.64,196,122,61,0.67,303.0,HIIT,21.5,3.0,3,1,38.0
55,Male,67.5,2.0,190,143,66,0.99,917.0,HIIT,23.5,2.2,4,2,16.88
45,Male,87.9,1.83,186,130,63,1.96,1063.0,HIIT,12.9,3.0,4,3,26.25
50,Female,47.4,1.61,173,158,67,1.28,807.0,HIIT,34.6,2.4,3,3,18.29
44,Male,87.9,2.0,193,130,61,1.33,1069.0,HIIT,26.1,2.3,4,1,21.98
52,Female,69.8,1.55,199,161,61,1.14,840.0,Cardio,30.2,1.9,4,1,29.05
30,Male,67.2,1.91,199,134,59,0.54,416.0,Yoga,23.6,2.3,2,1,18.42
23,Male,91.9,1.82,175,150,65,1.74,1367.0,Strength,10.3,2.8,4,3,27.74
51,Male,51.5,1.66,172,150,74,0.97,768.0,HIIT,20.8,3.4,4,1,18.69
31,Female,59.2,1.67,177,142,58,1.53,1259.0,Yoga,16.2,2.7,5,3,21.23
41,Male,58.2,1.94,165,139,57,1.3,996.0,Cardio,29.4,3.7,5,1,15.46
28,Female,54.2,1.54,176,153,58,1.03,814.0,Strength,29.4,2.4,4,1,22.85
29,Male,88.2,1.65,193,155,70,2.0,1780.0,Strength,10.1,3.7,5,3,32.4
30,Male,82.1,2.0,160,139,51,1.56,1399.0,Strength,12.7,3.7,4,3,20.52
48,Female,58.0,1.5,181,140,69,1.39,892.0,Cardio,25.7,1.8,2,1,25.78
39,Male,90.2,1.65,181,162,70,1.9,1682.0,HIIT,11.8,3.7,4,2,33.13
54,Male,108.3,1.7,175,169,56,1.12,873.0,HIIT,20.9,2.4,3,2,37.47
29,Male,82.3,1.62,175,139,63,1.96,1558.0,HIIT,11.8,3.2,5,3,31.36
43,Male,85.9,1.88,191,136,57,1.83,1486.0,Strength,10.4,3.5,5,2,24.3
32,Female,64.0,1.62,193,149,53,0.52,536.0,Strength,33.6,2.2,2,1,24.39
50,Male,58.5,1.68,171,149,58,1.27,813.0,Strength,18.6,2.8,3,2,20.73
